Base path: 'C:/Program Files/Unity/Hub/Editor/6000.6.1f1/Editor/Data', plugins path 'C:/Program Files/Unity/Hub/Editor/6000.6.1f1/Editor/Data/PlaybackEngines', jobs: n
Cmd: initializeCompiler

Cmd: compileSnippet
  insize=5767 file=Packages/com.unity.render-pipelines.universal/Shaders/Nature/SpeedTree7.shader name=Universal Render Pipeline/Nature/SpeedTree7 pass=ForwardLit ppOnly=0 stripLineD=0 buildPlatform=20 rsLen=0 pKW=UNITY_ENABLE_REFLECTION_BUFFERS UNITY_USE_DITHER_MASK_FOR_ALPHABLENDED_SHADOWS UNITY_PBS_USE_BRDF1 UNITY_SPECCUBE_BOX_PROJECTION UNITY_SPECCUBE_BLENDING UNITY_ENABLE_DETAIL_NORMALMAP SHADER_API_DESKTOP UNITY_LIGHT_PROBE_PROXY_VOLUME UNITY_LIGHTMAP_FULL_HDR UNITY_PLATFORM_SUPPORTS_DEPTH_FETCH uKW=LOD_FADE_PERCENTAGE GEOM_TYPE_BRANCH dKW=_MAIN_LIGHT_SHADOWS _MAIN_LIGHT_SHADOWS_CASCADE _MAIN_LIGHT_SHADOWS_SCREEN _ADDITIONAL_LIGHTS_VERTEX _ADDITIONAL_LIGHTS _ADDITIONAL_LIGHT_SHADOWS LOD_FADE_CROSSFADE _LIGHT_LAYERS _CLUSTER_LIGHT_LOOP EVALUATE_SH_MIXED EVALUATE_SH_VERTEX PROBE_VOLUMES_L1 PROBE_VOLUMES_L2 FOG_LINEAR FOG_EXP FOG_EXP2 INSTANCING_ON GEOM_TYPE_BRANCH_DETAIL GEOM_TYPE_FROND GEOM_TYPE_LEAF GEOM_TYPE_MESH EFFECT_BUMP EFFECT_HUE_VARIATION UNITY_NO_DXT5nm UNITY_FRAMEBUFFER_FETCH_AVAILABLE UNITY_METAL_SHADOWS_USE_POINT_FILTERING UNITY_NO_SCREENSPACE_SHADOWS UNITY_PBS_USE_BRDF2 UNITY_PBS_USE_BRDF3 UNITY_HARDWARE_TIER1 UNITY_HARDWARE_TIER2 UNITY_HARDWARE_TIER3 UNITY_COLORSPACE_GAMMA UNITY_LIGHTMAP_DLDR_ENCODING UNITY_LIGHTMAP_RGBM_ENCODING UNITY_VIRTUAL_TEXTURING UNITY_PRETRANSFORM_TO_DISPLAY_ORIENTATION UNITY_ASTC_NORMALMAP_ENCODING SHADER_API_GLES30 SHADER_API_GLES31 SHADER_API_GLES32 UNITY_UNIFIED_SHADER_PRECISION_MODEL flags=0 lang=3 type=Vertex platform=dx11 reqs=33 mask=6 start=36 toolchain=1
RunExternalCompiler: begin name=FXC
RunExternalCompiler: end
compileSnippet complete
 ok=1 outsize=6706

Cmd: compileSnippet
  insize=2318 file=Packages/com.unity.render-pipelines.high-definition/Runtime/ShaderLibrary/CopyDepthBuffer.shader name=Hidden/HDRP/CopyDepthBuffer pass=Copy Depth ppOnly=0 stripLineD=0 buildPlatform=20 rsLen=0 pKW=UNITY_ENABLE_REFLECTION_BUFFERS UNITY_USE_DITHER_MASK_FOR_ALPHABLENDED_SHADOWS UNITY_PBS_USE_BRDF1 UNITY_SPECCUBE_BOX_PROJECTION UNITY_SPECCUBE_BLENDING UNITY_ENABLE_DETAIL_NORMALMAP SHADER_API_DESKTOP UNITY_LIGHT_PROBE_PROXY_VOLUME UNITY_LIGHTMAP_FULL_HDR UNITY_PLATFORM_SUPPORTS_DEPTH_FETCH uKW= dKW=UNITY_NO_DXT5nm UNITY_FRAMEBUFFER_FETCH_AVAILABLE UNITY_METAL_SHADOWS_USE_POINT_FILTERING UNITY_NO_SCREENSPACE_SHADOWS UNITY_PBS_USE_BRDF2 UNITY_PBS_USE_BRDF3 UNITY_HARDWARE_TIER1 UNITY_HARDWARE_TIER2 UNITY_HARDWARE_TIER3 UNITY_COLORSPACE_GAMMA UNITY_LIGHTMAP_DLDR_ENCODING UNITY_LIGHTMAP_RGBM_ENCODING UNITY_VIRTUAL_TEXTURING UNITY_PRETRANSFORM_TO_DISPLAY_ORIENTATION UNITY_ASTC_NORMALMAP_ENCODING SHADER_API_GLES30 SHADER_API_GLES31 SHADER_API_GLES32 UNITY_UNIFIED_SHADER_PRECISION_MODEL flags=0 lang=3 type=Vertex platform=dx11 reqs=1101803 mask=6 start=27 toolchain=1
RunExternalCompiler: begin name=FXC
RunExternalCompiler: end
compileSnippet complete
 ok=1 outsize=634

Cmd: compileSnippet
  insize=1817 file=Packages/com.unity.render-pipelines.universal/Shaders/Utils/ComputeScreenSpaceReflection.shader name=Hidden/Universal Render Pipeline/ComputeScreenSpaceReflection pass=SSR_Main ppOnly=0 stripLineD=0 buildPlatform=20 rsLen=0 pKW=UNITY_ENABLE_REFLECTION_BUFFERS UNITY_USE_DITHER_MASK_FOR_ALPHABLENDED_SHADOWS UNITY_PBS_USE_BRDF1 UNITY_SPECCUBE_BOX_PROJECTION UNITY_SPECCUBE_BLENDING UNITY_ENABLE_DETAIL_NORMALMAP SHADER_API_DESKTOP UNITY_LIGHT_PROBE_PROXY_VOLUME UNITY_LIGHTMAP_FULL_HDR UNITY_PLATFORM_SUPPORTS_DEPTH_FETCH uKW= dKW=UNITY_NO_DXT5nm UNITY_FRAMEBUFFER_FETCH_AVAILABLE UNITY_METAL_SHADOWS_USE_POINT_FILTERING UNITY_NO_SCREENSPACE_SHADOWS UNITY_PBS_USE_BRDF2 UNITY_PBS_USE_BRDF3 UNITY_HARDWARE_TIER1 UNITY_HARDWARE_TIER2 UNITY_HARDWARE_TIER3 UNITY_COLORSPACE_GAMMA UNITY_LIGHTMAP_DLDR_ENCODING UNITY_LIGHTMAP_RGBM_ENCODING UNITY_VIRTUAL_TEXTURING UNITY_PRETRANSFORM_TO_DISPLAY_ORIENTATION UNITY_ASTC_NORMALMAP_ENCODING SHADER_API_GLES30 SHADER_API_GLES31 SHADER_API_GLES32 UNITY_UNIFIED_SHADER_PRECISION_MODEL flags=0 lang=3 type=Vertex platform=dx11 reqs=33 mask=6 start=29 toolchain=1
RunExternalCompiler: begin name=FXC
RunExternalCompiler: end
compileSnippet complete
 ok=1 outsize=582

Cmd: compileSnippet
  insize=983 file=Packages/com.unity.render-pipelines.universal/Shaders/Utils/ComputeScreenSpaceReflection.shader name=Hidden/Universal Render Pipeline/ComputeScreenSpaceReflection pass=SSR_TemporalFiltering ppOnly=0 stripLineD=0 buildPlatform=20 rsLen=0 pKW=UNITY_ENABLE_REFLECTION_BUFFERS UNITY_USE_DITHER_MASK_FOR_ALPHABLENDED_SHADOWS UNITY_PBS_USE_BRDF1 UNITY_SPECCUBE_BOX_PROJECTION UNITY_SPECCUBE_BLENDING UNITY_ENABLE_DETAIL_NORMALMAP SHADER_API_DESKTOP UNITY_LIGHT_PROBE_PROXY_VOLUME UNITY_LIGHTMAP_FULL_HDR UNITY_PLATFORM_SUPPORTS_DEPTH_FETCH uKW= dKW=UNITY_NO_DXT5nm UNITY_FRAMEBUFFER_FETCH_AVAILABLE UNITY_METAL_SHADOWS_USE_POINT_FILTERING UNITY_NO_SCREENSPACE_SHADOWS UNITY_PBS_USE_BRDF2 UNITY_PBS_USE_BRDF3 UNITY_HARDWARE_TIER1 UNITY_HARDWARE_TIER2 UNITY_HARDWARE_TIER3 UNITY_COLORSPACE_GAMMA UNITY_LIGHTMAP_DLDR_ENCODING UNITY_LIGHTMAP_RGBM_ENCODING UNITY_VIRTUAL_TEXTURING UNITY_PRETRANSFORM_TO_DISPLAY_ORIENTATION UNITY_ASTC_NORMALMAP_ENCODING SHADER_API_GLES30 SHADER_API_GLES31 SHADER_API_GLES32 UNITY_UNIFIED_SHADER_PRECISION_MODEL flags=0 lang=3 type=Vertex platform=dx11 reqs=33 mask=6 start=94 toolchain=1
RunExternalCompiler: begin name=FXC
RunExternalCompiler: end
compileSnippet complete
 ok=1 outsize=582

Cmd: compileSnippet
  insize=1247 file=Packages/com.unity.render-pipelines.universal/Shaders/Utils/ScreenSpaceAmbientOcclusion.shader name=Hidden/Universal Render Pipeline/ScreenSpaceAmbientOcclusion pass=SSAO_Bilateral_VerticalBlur ppOnly=0 stripLineD=0 buildPlatform=20 rsLen=0 pKW=UNITY_ENABLE_REFLECTION_BUFFERS UNITY_USE_DITHER_MASK_FOR_ALPHABLENDED_SHADOWS UNITY_PBS_USE_BRDF1 UNITY_SPECCUBE_BOX_PROJECTION UNITY_SPECCUBE_BLENDING UNITY_ENABLE_DETAIL_NORMALMAP SHADER_API_DESKTOP UNITY_LIGHT_PROBE_PROXY_VOLUME UNITY_LIGHTMAP_FULL_HDR UNITY_PLATFORM_SUPPORTS_DEPTH_FETCH uKW= dKW=UNITY_NO_DXT5nm UNITY_FRAMEBUFFER_FETCH_AVAILABLE UNITY_METAL_SHADOWS_USE_POINT_FILTERING UNITY_NO_SCREENSPACE_SHADOWS UNITY_PBS_USE_BRDF2 UNITY_PBS_USE_BRDF3 UNITY_HARDWARE_TIER1 UNITY_HARDWARE_TIER2 UNITY_HARDWARE_TIER3 UNITY_COLORSPACE_GAMMA UNITY_LIGHTMAP_DLDR_ENCODING UNITY_LIGHTMAP_RGBM_ENCODING UNITY_VIRTUAL_TEXTURING UNITY_PRETRANSFORM_TO_DISPLAY_ORIENTATION UNITY_ASTC_NORMALMAP_ENCODING SHADER_API_GLES30 SHADER_API_GLES31 SHADER_API_GLES32 UNITY_UNIFIED_SHADER_PRECISION_MODEL flags=0 lang=3 type=Vertex platform=dx11 reqs=33 mask=6 start=69 toolchain=1
RunExternalCompiler: begin name=FXC
RunExternalCompiler: end
compileSnippet complete
 ok=1 outsize=582

Cmd: compileSnippet
  insize=1259 file=Packages/com.unity.render-pipelines.universal/Shaders/Utils/ScreenSpaceAmbientOcclusion.shader name=Hidden/Universal Render Pipeline/ScreenSpaceAmbientOcclusion pass=SSAO_Gaussian_HorizontalBlur ppOnly=0 stripLineD=0 buildPlatform=20 rsLen=0 pKW=UNITY_ENABLE_REFLECTION_BUFFERS UNITY_USE_DITHER_MASK_FOR_ALPHABLENDED_SHADOWS UNITY_PBS_USE_BRDF1 UNITY_SPECCUBE_BOX_PROJECTION UNITY_SPECCUBE_BLENDING UNITY_ENABLE_DETAIL_NORMALMAP SHADER_API_DESKTOP UNITY_LIGHT_PROBE_PROXY_VOLUME UNITY_LIGHTMAP_FULL_HDR UNITY_PLATFORM_SUPPORTS_DEPTH_FETCH uKW= dKW=UNITY_NO_DXT5nm UNITY_FRAMEBUFFER_FETCH_AVAILABLE UNITY_METAL_SHADOWS_USE_POINT_FILTERING UNITY_NO_SCREENSPACE_SHADOWS UNITY_PBS_USE_BRDF2 UNITY_PBS_USE_BRDF3 UNITY_HARDWARE_TIER1 UNITY_HARDWARE_TIER2 UNITY_HARDWARE_TIER3 UNITY_COLORSPACE_GAMMA UNITY_LIGHTMAP_DLDR_ENCODING UNITY_LIGHTMAP_RGBM_ENCODING UNITY_VIRTUAL_TEXTURING UNITY_PRETRANSFORM_TO_DISPLAY_ORIENTATION UNITY_ASTC_NORMALMAP_ENCODING SHADER_API_GLES30 SHADER_API_GLES31 SHADER_API_GLES32 UNITY_UNIFIED_SHADER_PRECISION_MODEL flags=0 lang=3 type=Vertex platform=dx11 reqs=33 mask=6 start=126 toolchain=1
RunExternalCompiler: begin name=FXC
RunExternalCompiler: end
compileSnippet complete
 ok=1 outsize=582

Cmd: compileSnippet
  insize=1473 file=Packages/com.unity.render-pipelines.universal/Shaders/Utils/ScreenSpaceAmbientOcclusion.shader name=Hidden/Universal Render Pipeline/ScreenSpaceAmbientOcclusion pass=SSAO_Kawase_AfterOpaque ppOnly=0 stripLineD=0 buildPlatform=20 rsLen=0 pKW=UNITY_ENABLE_REFLECTION_BUFFERS UNITY_USE_DITHER_MASK_FOR_ALPHABLENDED_SHADOWS UNITY_PBS_USE_BRDF1 UNITY_SPECCUBE_BOX_PROJECTION UNITY_SPECCUBE_BLENDING UNITY_ENABLE_DETAIL_NORMALMAP SHADER_API_DESKTOP UNITY_LIGHT_PROBE_PROXY_VOLUME UNITY_LIGHTMAP_FULL_HDR UNITY_PLATFORM_SUPPORTS_DEPTH_FETCH uKW= dKW=UNITY_NO_DXT5nm UNITY_FRAMEBUFFER_FETCH_AVAILABLE UNITY_METAL_SHADOWS_USE_POINT_FILTERING UNITY_NO_SCREENSPACE_SHADOWS UNITY_PBS_USE_BRDF2 UNITY_PBS_USE_BRDF3 UNITY_HARDWARE_TIER1 UNITY_HARDWARE_TIER2 UNITY_HARDWARE_TIER3 UNITY_COLORSPACE_GAMMA UNITY_LIGHTMAP_DLDR_ENCODING UNITY_LIGHTMAP_RGBM_ENCODING UNITY_VIRTUAL_TEXTURING UNITY_PRETRANSFORM_TO_DISPLAY_ORIENTATION UNITY_ASTC_NORMALMAP_ENCODING SHADER_API_GLES30 SHADER_API_GLES31 SHADER_API_GLES32 UNITY_UNIFIED_SHADER_PRECISION_MODEL flags=0 lang=3 type=Vertex platform=dx11 reqs=33 mask=6 start=202 toolchain=1
RunExternalCompiler: begin name=FXC
RunExternalCompiler: end
compileSnippet complete
 ok=1 outsize=582

Cmd: compileSnippet
  insize=9230 file=Packages/com.unity.render-pipelines.universal/Runtime/RendererFeatures/OnTileUberPost.shader name=OnTileUberPost pass=OnTileUberPost ppOnly=0 stripLineD=0 buildPlatform=20 rsLen=0 pKW=UNITY_ENABLE_REFLECTION_BUFFERS UNITY_USE_DITHER_MASK_FOR_ALPHABLENDED_SHADOWS UNITY_PBS_USE_BRDF1 UNITY_SPECCUBE_BOX_PROJECTION UNITY_SPECCUBE_BLENDING UNITY_ENABLE_DETAIL_NORMALMAP SHADER_API_DESKTOP UNITY_LIGHT_PROBE_PROXY_VOLUME UNITY_LIGHTMAP_FULL_HDR UNITY_PLATFORM_SUPPORTS_DEPTH_FETCH uKW= dKW=UNITY_NO_DXT5nm UNITY_FRAMEBUFFER_FETCH_AVAILABLE UNITY_METAL_SHADOWS_USE_POINT_FILTERING UNITY_NO_SCREENSPACE_SHADOWS UNITY_PBS_USE_BRDF2 UNITY_PBS_USE_BRDF3 UNITY_HARDWARE_TIER1 UNITY_HARDWARE_TIER2 UNITY_HARDWARE_TIER3 UNITY_COLORSPACE_GAMMA UNITY_LIGHTMAP_DLDR_ENCODING UNITY_LIGHTMAP_RGBM_ENCODING UNITY_VIRTUAL_TEXTURING UNITY_PRETRANSFORM_TO_DISPLAY_ORIENTATION UNITY_ASTC_NORMALMAP_ENCODING SHADER_API_GLES30 SHADER_API_GLES31 SHADER_API_GLES32 UNITY_UNIFIED_SHADER_PRECISION_MODEL flags=0 lang=3 type=Vertex platform=dx11 reqs=33 mask=6 start=178 toolchain=1
RunExternalCompiler: begin name=FXC
RunExternalCompiler: end
compileSnippet complete
 ok=1 outsize=582

Cmd: compileSnippet
  insize=8597 file=Packages/com.unity.render-pipelines.universal/Runtime/RendererFeatures/OnTileUberPost.shader name=OnTileUberPost pass=OnTileUberPostTextureSample ppOnly=0 stripLineD=0 buildPlatform=20 rsLen=0 pKW=UNITY_ENABLE_REFLECTION_BUFFERS UNITY_USE_DITHER_MASK_FOR_ALPHABLENDED_SHADOWS UNITY_PBS_USE_BRDF1 UNITY_SPECCUBE_BOX_PROJECTION UNITY_SPECCUBE_BLENDING UNITY_ENABLE_DETAIL_NORMALMAP SHADER_API_DESKTOP UNITY_LIGHT_PROBE_PROXY_VOLUME UNITY_LIGHTMAP_FULL_HDR UNITY_PLATFORM_SUPPORTS_DEPTH_FETCH uKW= dKW=UNITY_NO_DXT5nm UNITY_FRAMEBUFFER_FETCH_AVAILABLE UNITY_METAL_SHADOWS_USE_POINT_FILTERING UNITY_NO_SCREENSPACE_SHADOWS UNITY_PBS_USE_BRDF2 UNITY_PBS_USE_BRDF3 UNITY_HARDWARE_TIER1 UNITY_HARDWARE_TIER2 UNITY_HARDWARE_TIER3 UNITY_COLORSPACE_GAMMA UNITY_LIGHTMAP_DLDR_ENCODING UNITY_LIGHTMAP_RGBM_ENCODING UNITY_VIRTUAL_TEXTURING UNITY_PRETRANSFORM_TO_DISPLAY_ORIENTATION UNITY_ASTC_NORMALMAP_ENCODING SHADER_API_GLES30 SHADER_API_GLES31 SHADER_API_GLES32 UNITY_UNIFIED_SHADER_PRECISION_MODEL flags=0 lang=3 type=Vertex platform=dx11 reqs=33 mask=6 start=375 toolchain=1
RunExternalCompiler: begin name=FXC
RunExternalCompiler: end
compileSnippet complete
 ok=1 outsize=582

Cmd: compileSnippet
  insize=10814 file=Packages/com.unity.render-pipelines.universal/Shaders/PostProcessing/BokehDepthOfField.shader name=Hidden/Universal Render Pipeline/BokehDepthOfField pass=Bokeh Depth Of Field CoC ppOnly=0 stripLineD=0 buildPlatform=20 rsLen=0 pKW=UNITY_ENABLE_REFLECTION_BUFFERS UNITY_USE_DITHER_MASK_FOR_ALPHABLENDED_SHADOWS UNITY_PBS_USE_BRDF1 UNITY_SPECCUBE_BOX_PROJECTION UNITY_SPECCUBE_BLENDING UNITY_ENABLE_DETAIL_NORMALMAP SHADER_API_DESKTOP UNITY_LIGHT_PROBE_PROXY_VOLUME UNITY_LIGHTMAP_FULL_HDR UNITY_PLATFORM_SUPPORTS_DEPTH_FETCH uKW= dKW=UNITY_NO_DXT5nm UNITY_FRAMEBUFFER_FETCH_AVAILABLE UNITY_METAL_SHADOWS_USE_POINT_FILTERING UNITY_NO_SCREENSPACE_SHADOWS UNITY_PBS_USE_BRDF2 UNITY_PBS_USE_BRDF3 UNITY_HARDWARE_TIER1 UNITY_HARDWARE_TIER2 UNITY_HARDWARE_TIER3 UNITY_COLORSPACE_GAMMA UNITY_LIGHTMAP_DLDR_ENCODING UNITY_LIGHTMAP_RGBM_ENCODING UNITY_VIRTUAL_TEXTURING UNITY_PRETRANSFORM_TO_DISPLAY_ORIENTATION UNITY_ASTC_NORMALMAP_ENCODING SHADER_API_GLES30 SHADER_API_GLES31 SHADER_API_GLES32 UNITY_UNIFIED_SHADER_PRECISION_MODEL flags=0 lang=3 type=Vertex platform=dx11 reqs=1101803 mask=6 start=244 toolchain=1
RunExternalCompiler: begin name=FXC
RunExternalCompiler: end
compileSnippet complete
 ok=1 outsize=574

Cmd: compileSnippet
  insize=10820 file=Packages/com.unity.render-pipelines.universal/Shaders/PostProcessing/BokehDepthOfField.shader name=Hidden/Universal Render Pipeline/BokehDepthOfField pass=Bokeh Depth Of Field Prefilter ppOnly=0 stripLineD=0 buildPlatform=20 rsLen=0 pKW=UNITY_ENABLE_REFLECTION_BUFFERS UNITY_USE_DITHER_MASK_FOR_ALPHABLENDED_SHADOWS UNITY_PBS_USE_BRDF1 UNITY_SPECCUBE_BOX_PROJECTION UNITY_SPECCUBE_BLENDING UNITY_ENABLE_DETAIL_NORMALMAP SHADER_API_DESKTOP UNITY_LIGHT_PROBE_PROXY_VOLUME UNITY_LIGHTMAP_FULL_HDR UNITY_PLATFORM_SUPPORTS_DEPTH_FETCH uKW= dKW=UNITY_NO_DXT5nm UNITY_FRAMEBUFFER_FETCH_AVAILABLE UNITY_METAL_SHADOWS_USE_POINT_FILTERING UNITY_NO_SCREENSPACE_SHADOWS UNITY_PBS_USE_BRDF2 UNITY_PBS_USE_BRDF3 UNITY_HARDWARE_TIER1 UNITY_HARDWARE_TIER2 UNITY_HARDWARE_TIER3 UNITY_COLORSPACE_GAMMA UNITY_LIGHTMAP_DLDR_ENCODING UNITY_LIGHTMAP_RGBM_ENCODING UNITY_VIRTUAL_TEXTURING UNITY_PRETRANSFORM_TO_DISPLAY_ORIENTATION UNITY_ASTC_NORMALMAP_ENCODING SHADER_API_GLES30 SHADER_API_GLES31 SHADER_API_GLES32 UNITY_UNIFIED_SHADER_PRECISION_MODEL flags=0 lang=3 type=Vertex platform=dx11 reqs=4075 mask=6 start=319 toolchain=1
RunExternalCompiler: begin name=FXC
RunExternalCompiler: end
compileSnippet complete
 ok=1 outsize=582

Cmd: compileSnippet
  insize=10945 file=Packages/com.unity.render-pipelines.universal/Shaders/PostProcessing/BokehDepthOfField.shader name=Hidden/Universal Render Pipeline/BokehDepthOfField pass=Bokeh Depth Of Field Composite ppOnly=0 stripLineD=0 buildPlatform=20 rsLen=0 pKW=UNITY_ENABLE_REFLECTION_BUFFERS UNITY_USE_DITHER_MASK_FOR_ALPHABLENDED_SHADOWS UNITY_PBS_USE_BRDF1 UNITY_SPECCUBE_BOX_PROJECTION UNITY_SPECCUBE_BLENDING UNITY_ENABLE_DETAIL_NORMALMAP SHADER_API_DESKTOP UNITY_LIGHT_PROBE_PROXY_VOLUME UNITY_LIGHTMAP_FULL_HDR UNITY_PLATFORM_SUPPORTS_DEPTH_FETCH uKW= dKW=UNITY_NO_DXT5nm UNITY_FRAMEBUFFER_FETCH_AVAILABLE UNITY_METAL_SHADOWS_USE_POINT_FILTERING UNITY_NO_SCREENSPACE_SHADOWS UNITY_PBS_USE_BRDF2 UNITY_PBS_USE_BRDF3 UNITY_HARDWARE_TIER1 UNITY_HARDWARE_TIER2 UNITY_HARDWARE_TIER3 UNITY_COLORSPACE_GAMMA UNITY_LIGHTMAP_DLDR_ENCODING UNITY_LIGHTMAP_RGBM_ENCODING UNITY_VIRTUAL_TEXTURING UNITY_PRETRANSFORM_TO_DISPLAY_ORIENTATION UNITY_ASTC_NORMALMAP_ENCODING SHADER_API_GLES30 SHADER_API_GLES31 SHADER_API_GLES32 UNITY_UNIFIED_SHADER_PRECISION_MODEL flags=0 lang=3 type=Vertex platform=dx11 reqs=4075 mask=6 start=352 toolchain=1
RunExternalCompiler: begin name=FXC
RunExternalCompiler: end
compileSnippet complete
 ok=1 outsize=582

Cmd: compileSnippet
  insize=5970 file=Packages/com.unity.render-pipelines.high-definition/Runtime/Lighting/AtmosphericScattering/OpaqueAtmosphericScattering.shader name=Hidden/HDRP/OpaqueAtmosphericScattering pass=MSAA + Polychromatic Alpha ppOnly=0 stripLineD=0 buildPlatform=20 rsLen=0 pKW=UNITY_ENABLE_REFLECTION_BUFFERS UNITY_USE_DITHER_MASK_FOR_ALPHABLENDED_SHADOWS UNITY_PBS_USE_BRDF1 UNITY_SPECCUBE_BOX_PROJECTION UNITY_SPECCUBE_BLENDING UNITY_ENABLE_DETAIL_NORMALMAP SHADER_API_DESKTOP UNITY_LIGHT_PROBE_PROXY_VOLUME UNITY_LIGHTMAP_FULL_HDR UNITY_PLATFORM_SUPPORTS_DEPTH_FETCH uKW= dKW=UNITY_NO_DXT5nm UNITY_FRAMEBUFFER_FETCH_AVAILABLE UNITY_METAL_SHADOWS_USE_POINT_FILTERING UNITY_NO_SCREENSPACE_SHADOWS UNITY_PBS_USE_BRDF2 UNITY_PBS_USE_BRDF3 UNITY_HARDWARE_TIER1 UNITY_HARDWARE_TIER2 UNITY_HARDWARE_TIER3 UNITY_COLORSPACE_GAMMA UNITY_LIGHTMAP_DLDR_ENCODING UNITY_LIGHTMAP_RGBM_ENCODING UNITY_VIRTUAL_TEXTURING UNITY_PRETRANSFORM_TO_DISPLAY_ORIENTATION UNITY_ASTC_NORMALMAP_ENCODING SHADER_API_GLES30 SHADER_API_GLES31 SHADER_API_GLES32 UNITY_UNIFIED_SHADER_PRECISION_MODEL flags=0 lang=3 type=Vertex platform=dx11 reqs=1101803 mask=6 start=227 toolchain=1
RunExternalCompiler: begin name=FXC
RunExternalCompiler: end
compileSnippet complete
 ok=1 outsize=434

Cmd: compileSnippet
  insize=1865 file=Packages/com.unity.render-pipelines.universal/Editor/Overrides/Shaders/CurveBackground.shader name=Hidden/Universal Render Pipeline/Editor/CurveBackground pass=<Unnamed Pass 0> ppOnly=0 stripLineD=0 buildPlatform=20 rsLen=0 pKW=UNITY_ENABLE_REFLECTION_BUFFERS UNITY_USE_DITHER_MASK_FOR_ALPHABLENDED_SHADOWS UNITY_PBS_USE_BRDF1 UNITY_SPECCUBE_BOX_PROJECTION UNITY_SPECCUBE_BLENDING UNITY_ENABLE_DETAIL_NORMALMAP SHADER_API_DESKTOP UNITY_LIGHT_PROBE_PROXY_VOLUME UNITY_LIGHTMAP_FULL_HDR UNITY_PLATFORM_SUPPORTS_DEPTH_FETCH uKW= dKW=UNITY_NO_DXT5nm UNITY_FRAMEBUFFER_FETCH_AVAILABLE UNITY_METAL_SHADOWS_USE_POINT_FILTERING UNITY_NO_SCREENSPACE_SHADOWS UNITY_PBS_USE_BRDF2 UNITY_PBS_USE_BRDF3 UNITY_HARDWARE_TIER1 UNITY_HARDWARE_TIER2 UNITY_HARDWARE_TIER3 UNITY_COLORSPACE_GAMMA UNITY_LIGHTMAP_DLDR_ENCODING UNITY_LIGHTMAP_RGBM_ENCODING UNITY_VIRTUAL_TEXTURING UNITY_PRETRANSFORM_TO_DISPLAY_ORIENTATION UNITY_ASTC_NORMALMAP_ENCODING SHADER_API_GLES30 SHADER_API_GLES31 SHADER_API_GLES32 UNITY_UNIFIED_SHADER_PRECISION_MODEL flags=0 lang=0 type=Vertex platform=dx11 reqs=227 mask=6 start=44 toolchain=1
RunExternalCompiler: begin name=FXC
RunExternalCompiler: end
compileSnippet complete
 ok=1 outsize=682

Cmd: compileSnippet
  insize=1865 file=Packages/com.unity.render-pipelines.universal/Editor/Overrides/Shaders/CurveBackground.shader name=Hidden/Universal Render Pipeline/Editor/CurveBackground pass=<Unnamed Pass 1> ppOnly=0 stripLineD=0 buildPlatform=20 rsLen=0 pKW=UNITY_ENABLE_REFLECTION_BUFFERS UNITY_USE_DITHER_MASK_FOR_ALPHABLENDED_SHADOWS UNITY_PBS_USE_BRDF1 UNITY_SPECCUBE_BOX_PROJECTION UNITY_SPECCUBE_BLENDING UNITY_ENABLE_DETAIL_NORMALMAP SHADER_API_DESKTOP UNITY_LIGHT_PROBE_PROXY_VOLUME UNITY_LIGHTMAP_FULL_HDR UNITY_PLATFORM_SUPPORTS_DEPTH_FETCH uKW= dKW=UNITY_NO_DXT5nm UNITY_FRAMEBUFFER_FETCH_AVAILABLE UNITY_METAL_SHADOWS_USE_POINT_FILTERING UNITY_NO_SCREENSPACE_SHADOWS UNITY_PBS_USE_BRDF2 UNITY_PBS_USE_BRDF3 UNITY_HARDWARE_TIER1 UNITY_HARDWARE_TIER2 UNITY_HARDWARE_TIER3 UNITY_COLORSPACE_GAMMA UNITY_LIGHTMAP_DLDR_ENCODING UNITY_LIGHTMAP_RGBM_ENCODING UNITY_VIRTUAL_TEXTURING UNITY_PRETRANSFORM_TO_DISPLAY_ORIENTATION UNITY_ASTC_NORMALMAP_ENCODING SHADER_API_GLES30 SHADER_API_GLES31 SHADER_API_GLES32 UNITY_UNIFIED_SHADER_PRECISION_MODEL flags=0 lang=0 type=Vertex platform=dx11 reqs=227 mask=6 start=55 toolchain=1
RunExternalCompiler: begin name=FXC
RunExternalCompiler: end
compileSnippet complete
 ok=1 outsize=682

Cmd: compileSnippet
  insize=6380 file=Packages/com.unity.render-pipelines.high-definition/Runtime/Material/AxF/AxF.shader name=HDRP/AxF pass=ScenePickingPass ppOnly=0 stripLineD=0 buildPlatform=20 rsLen=0 pKW=UNITY_ENABLE_REFLECTION_BUFFERS UNITY_USE_DITHER_MASK_FOR_ALPHABLENDED_SHADOWS UNITY_PBS_USE_BRDF1 UNITY_SPECCUBE_BOX_PROJECTION UNITY_SPECCUBE_BLENDING UNITY_ENABLE_DETAIL_NORMALMAP SHADER_API_DESKTOP UNITY_LIGHT_PROBE_PROXY_VOLUME UNITY_LIGHTMAP_FULL_HDR UNITY_PLATFORM_SUPPORTS_DEPTH_FETCH uKW=_AXF_BRDF_TYPE_SVBRDF dKW=_SURFACE_TYPE_TRANSPARENT _AXF_BRDF_TYPE_CAR_PAINT _AXF_BRDF_TYPE_BTF _SPECULAR_OCCLUSION_NONE _MAPPING_PLANAR _MAPPING_TRIPLANAR _REQUIRE_UV1 _REQUIRE_UV2 _REQUIRE_UV3 _PLANAR_LOCAL _ALPHATEST_ON _DOUBLESIDED_ON _DISABLE_DECALS _ADD_PRECOMPUTED_VELOCITY UNITY_NO_DXT5nm UNITY_FRAMEBUFFER_FETCH_AVAILABLE UNITY_METAL_SHADOWS_USE_POINT_FILTERING UNITY_NO_SCREENSPACE_SHADOWS UNITY_PBS_USE_BRDF2 UNITY_PBS_USE_BRDF3 UNITY_HARDWARE_TIER1 UNITY_HARDWARE_TIER2 UNITY_HARDWARE_TIER3 UNITY_COLORSPACE_GAMMA UNITY_LIGHTMAP_DLDR_ENCODING UNITY_LIGHTMAP_RGBM_ENCODING UNITY_VIRTUAL_TEXTURING UNITY_PRETRANSFORM_TO_DISPLAY_ORIENTATION UNITY_ASTC_NORMALMAP_ENCODING SHADER_API_GLES30 SHADER_API_GLES31 SHADER_API_GLES32 UNITY_UNIFIED_SHADER_PRECISION_MODEL flags=0 lang=3 type=Vertex platform=dx11 reqs=1101803 mask=6 start=245 toolchain=1
RunExternalCompiler: begin name=FXC
RunExternalCompiler: end
compileSnippet complete
 ok=1 outsize=566

Cmd: compileSnippet
  insize=7077 file=Packages/com.unity.render-pipelines.high-definition/Runtime/Material/AxF/AxF.shader name=HDRP/AxF pass=DepthForwardOnly ppOnly=0 stripLineD=0 buildPlatform=20 rsLen=0 pKW=UNITY_ENABLE_REFLECTION_BUFFERS UNITY_USE_DITHER_MASK_FOR_ALPHABLENDED_SHADOWS UNITY_PBS_USE_BRDF1 UNITY_SPECCUBE_BOX_PROJECTION UNITY_SPECCUBE_BLENDING UNITY_ENABLE_DETAIL_NORMALMAP SHADER_API_DESKTOP UNITY_LIGHT_PROBE_PROXY_VOLUME UNITY_LIGHTMAP_FULL_HDR UNITY_PLATFORM_SUPPORTS_DEPTH_FETCH uKW=_AXF_BRDF_TYPE_SVBRDF dKW=_SURFACE_TYPE_TRANSPARENT DOTS_INSTANCING_ON LOD_FADE_CROSSFADE WRITE_DECAL_BUFFER WRITE_RENDERING_LAYER INSTANCING_ON _AXF_BRDF_TYPE_CAR_PAINT _AXF_BRDF_TYPE_BTF _SPECULAR_OCCLUSION_NONE _MAPPING_PLANAR _MAPPING_TRIPLANAR _REQUIRE_UV1 _REQUIRE_UV2 _REQUIRE_UV3 _PLANAR_LOCAL _ALPHATEST_ON _DOUBLESIDED_ON _DISABLE_DECALS _ADD_PRECOMPUTED_VELOCITY UNITY_NO_DXT5nm UNITY_FRAMEBUFFER_FETCH_AVAILABLE UNITY_METAL_SHADOWS_USE_POINT_FILTERING UNITY_NO_SCREENSPACE_SHADOWS UNITY_PBS_USE_BRDF2 UNITY_PBS_USE_BRDF3 UNITY_HARDWARE_TIER1 UNITY_HARDWARE_TIER2 UNITY_HARDWARE_TIER3 UNITY_COLORSPACE_GAMMA UNITY_LIGHTMAP_DLDR_ENCODING UNITY_LIGHTMAP_RGBM_ENCODING UNITY_VIRTUAL_TEXTURING UNITY_PRETRANSFORM_TO_DISPLAY_ORIENTATION UNITY_ASTC_NORMALMAP_ENCODING SHADER_API_GLES30 SHADER_API_GLES31 SHADER_API_GLES32 UNITY_UNIFIED_SHADER_PRECISION_MODEL flags=0 lang=3 type=Vertex platform=dx11 reqs=1101803 mask=6 start=401 toolchain=1
RunExternalCompiler: begin name=FXC
RunExternalCompiler: end
compileSnippet complete
 ok=1 outsize=2078

Cmd: compileSnippet
  insize=6641 file=Packages/com.unity.render-pipelines.high-definition/Runtime/Material/AxF/AxF.shader name=HDRP/AxF pass=FullScreenDebug ppOnly=0 stripLineD=0 buildPlatform=20 rsLen=0 pKW=UNITY_ENABLE_REFLECTION_BUFFERS UNITY_USE_DITHER_MASK_FOR_ALPHABLENDED_SHADOWS UNITY_PBS_USE_BRDF1 UNITY_SPECCUBE_BOX_PROJECTION UNITY_SPECCUBE_BLENDING UNITY_ENABLE_DETAIL_NORMALMAP SHADER_API_DESKTOP UNITY_LIGHT_PROBE_PROXY_VOLUME UNITY_LIGHTMAP_FULL_HDR UNITY_PLATFORM_SUPPORTS_DEPTH_FETCH uKW=_AXF_BRDF_TYPE_SVBRDF dKW=_SURFACE_TYPE_TRANSPARENT DOTS_INSTANCING_ON LOD_FADE_CROSSFADE INSTANCING_ON _AXF_BRDF_TYPE_CAR_PAINT _AXF_BRDF_TYPE_BTF _SPECULAR_OCCLUSION_NONE _MAPPING_PLANAR _MAPPING_TRIPLANAR _REQUIRE_UV1 _REQUIRE_UV2 _REQUIRE_UV3 _PLANAR_LOCAL _ALPHATEST_ON _DOUBLESIDED_ON _DISABLE_DECALS _ADD_PRECOMPUTED_VELOCITY UNITY_NO_DXT5nm UNITY_FRAMEBUFFER_FETCH_AVAILABLE UNITY_METAL_SHADOWS_USE_POINT_FILTERING UNITY_NO_SCREENSPACE_SHADOWS UNITY_PBS_USE_BRDF2 UNITY_PBS_USE_BRDF3 UNITY_HARDWARE_TIER1 UNITY_HARDWARE_TIER2 UNITY_HARDWARE_TIER3 UNITY_COLORSPACE_GAMMA UNITY_LIGHTMAP_DLDR_ENCODING UNITY_LIGHTMAP_RGBM_ENCODING UNITY_VIRTUAL_TEXTURING UNITY_PRETRANSFORM_TO_DISPLAY_ORIENTATION UNITY_ASTC_NORMALMAP_ENCODING SHADER_API_GLES30 SHADER_API_GLES31 SHADER_API_GLES32 UNITY_UNIFIED_SHADER_PRECISION_MODEL flags=0 lang=3 type=Vertex platform=dx11 reqs=1101803 mask=6 start=609 toolchain=1
RunExternalCompiler: begin name=FXC
RunExternalCompiler: end
compileSnippet complete
 ok=1 outsize=2342

Cmd: compileSnippet
  insize=3002 file=Packages/com.unity.render-pipelines.universal/Shaders/Nature/SpeedTree7Billboard.shader name=Universal Render Pipeline/Nature/SpeedTree7 Billboard pass=GBuffer ppOnly=0 stripLineD=0 buildPlatform=20 rsLen=0 pKW=UNITY_ENABLE_REFLECTION_BUFFERS UNITY_USE_DITHER_MASK_FOR_ALPHABLENDED_SHADOWS UNITY_PBS_USE_BRDF1 UNITY_SPECCUBE_BOX_PROJECTION UNITY_SPECCUBE_BLENDING UNITY_ENABLE_DETAIL_NORMALMAP SHADER_API_DESKTOP UNITY_LIGHT_PROBE_PROXY_VOLUME UNITY_LIGHTMAP_FULL_HDR UNITY_PLATFORM_SUPPORTS_DEPTH_FETCH uKW= dKW=_MAIN_LIGHT_SHADOWS _MAIN_LIGHT_SHADOWS_CASCADE _MAIN_LIGHT_SHADOWS_SCREEN BILLBOARD_FACE_CAMERA_POS LOD_FADE_CROSSFADE EFFECT_BUMP EFFECT_HUE_VARIATION UNITY_NO_DXT5nm UNITY_FRAMEBUFFER_FETCH_AVAILABLE UNITY_METAL_SHADOWS_USE_POINT_FILTERING UNITY_NO_SCREENSPACE_SHADOWS UNITY_PBS_USE_BRDF2 UNITY_PBS_USE_BRDF3 UNITY_HARDWARE_TIER1 UNITY_HARDWARE_TIER2 UNITY_HARDWARE_TIER3 UNITY_COLORSPACE_GAMMA UNITY_LIGHTMAP_DLDR_ENCODING UNITY_LIGHTMAP_RGBM_ENCODING UNITY_VIRTUAL_TEXTURING UNITY_PRETRANSFORM_TO_DISPLAY_ORIENTATION UNITY_ASTC_NORMALMAP_ENCODING SHADER_API_GLES30 SHADER_API_GLES31 SHADER_API_GLES32 UNITY_UNIFIED_SHADER_PRECISION_MODEL flags=0 lang=3 type=Vertex platform=dx11 reqs=1101803 mask=6 start=93 toolchain=1
RunExternalCompiler: begin name=FXC
RunExternalCompiler: end
compileSnippet complete
 ok=1 outsize=3558

Cmd: compileSnippet
  insize=2252 file=Packages/com.unity.render-pipelines.core/Runtime/PathTracing/Shaders/Lightmapping/ChartRasterizerSoftware.shader name=Hidden/ChartRasterizerSoftware pass=<Unnamed Pass 0> ppOnly=0 stripLineD=0 buildPlatform=20 rsLen=0 pKW=UNITY_ENABLE_REFLECTION_BUFFERS UNITY_USE_DITHER_MASK_FOR_ALPHABLENDED_SHADOWS UNITY_PBS_USE_BRDF1 UNITY_SPECCUBE_BOX_PROJECTION UNITY_SPECCUBE_BLENDING UNITY_ENABLE_DETAIL_NORMALMAP SHADER_API_DESKTOP UNITY_LIGHT_PROBE_PROXY_VOLUME UNITY_LIGHTMAP_FULL_HDR UNITY_PLATFORM_SUPPORTS_DEPTH_FETCH uKW= dKW=UNITY_NO_DXT5nm UNITY_FRAMEBUFFER_FETCH_AVAILABLE UNITY_METAL_SHADOWS_USE_POINT_FILTERING UNITY_NO_SCREENSPACE_SHADOWS UNITY_PBS_USE_BRDF2 UNITY_PBS_USE_BRDF3 UNITY_HARDWARE_TIER1 UNITY_HARDWARE_TIER2 UNITY_HARDWARE_TIER3 UNITY_COLORSPACE_GAMMA UNITY_LIGHTMAP_DLDR_ENCODING UNITY_LIGHTMAP_RGBM_ENCODING UNITY_VIRTUAL_TEXTURING UNITY_PRETRANSFORM_TO_DISPLAY_ORIENTATION UNITY_ASTC_NORMALMAP_ENCODING SHADER_API_GLES30 SHADER_API_GLES31 SHADER_API_GLES32 UNITY_UNIFIED_SHADER_PRECISION_MODEL flags=0 lang=0 type=Vertex platform=dx11 reqs=33 mask=6 start=9 toolchain=1
RunExternalCompiler: begin name=FXC
RunExternalCompiler: end
compileSnippet complete
 ok=1 outsize=4062

Cmd: compileSnippet
  insize=3654 file=Packages/com.unity.render-pipelines.high-definition/Runtime/Material/LTCAreaLight/FilterAreaLightCookies.shader name=Hidden/CoreResources/FilterAreaLightCookies pass=<Unnamed Pass 1> ppOnly=0 stripLineD=0 buildPlatform=20 rsLen=0 pKW=UNITY_ENABLE_REFLECTION_BUFFERS UNITY_USE_DITHER_MASK_FOR_ALPHABLENDED_SHADOWS UNITY_PBS_USE_BRDF1 UNITY_SPECCUBE_BOX_PROJECTION UNITY_SPECCUBE_BLENDING UNITY_ENABLE_DETAIL_NORMALMAP SHADER_API_DESKTOP UNITY_LIGHT_PROBE_PROXY_VOLUME UNITY_LIGHTMAP_FULL_HDR UNITY_PLATFORM_SUPPORTS_DEPTH_FETCH uKW= dKW=UNITY_NO_DXT5nm UNITY_FRAMEBUFFER_FETCH_AVAILABLE UNITY_METAL_SHADOWS_USE_POINT_FILTERING UNITY_NO_SCREENSPACE_SHADOWS UNITY_PBS_USE_BRDF2 UNITY_PBS_USE_BRDF3 UNITY_HARDWARE_TIER1 UNITY_HARDWARE_TIER2 UNITY_HARDWARE_TIER3 UNITY_COLORSPACE_GAMMA UNITY_LIGHTMAP_DLDR_ENCODING UNITY_LIGHTMAP_RGBM_ENCODING UNITY_VIRTUAL_TEXTURING UNITY_PRETRANSFORM_TO_DISPLAY_ORIENTATION UNITY_ASTC_NORMALMAP_ENCODING SHADER_API_GLES30 SHADER_API_GLES31 SHADER_API_GLES32 UNITY_UNIFIED_SHADER_PRECISION_MODEL flags=0 lang=3 type=Vertex platform=dx11 reqs=1101803 mask=6 start=86 toolchain=1
RunExternalCompiler: begin name=FXC
RunExternalCompiler: end
compileSnippet complete
 ok=1 outsize=534

Cmd: compileSnippet
  insize=2488 file=Packages/com.unity.render-pipelines.high-definition/Runtime/Material/LTCAreaLight/FilterAreaLightCookies.shader name=Hidden/CoreResources/FilterAreaLightCookies pass=<Unnamed Pass 3> ppOnly=0 stripLineD=0 buildPlatform=20 rsLen=0 pKW=UNITY_ENABLE_REFLECTION_BUFFERS UNITY_USE_DITHER_MASK_FOR_ALPHABLENDED_SHADOWS UNITY_PBS_USE_BRDF1 UNITY_SPECCUBE_BOX_PROJECTION UNITY_SPECCUBE_BLENDING UNITY_ENABLE_DETAIL_NORMALMAP SHADER_API_DESKTOP UNITY_LIGHT_PROBE_PROXY_VOLUME UNITY_LIGHTMAP_FULL_HDR UNITY_PLATFORM_SUPPORTS_DEPTH_FETCH uKW= dKW=UNITY_NO_DXT5nm UNITY_FRAMEBUFFER_FETCH_AVAILABLE UNITY_METAL_SHADOWS_USE_POINT_FILTERING UNITY_NO_SCREENSPACE_SHADOWS UNITY_PBS_USE_BRDF2 UNITY_PBS_USE_BRDF3 UNITY_HARDWARE_TIER1 UNITY_HARDWARE_TIER2 UNITY_HARDWARE_TIER3 UNITY_COLORSPACE_GAMMA UNITY_LIGHTMAP_DLDR_ENCODING UNITY_LIGHTMAP_RGBM_ENCODING UNITY_VIRTUAL_TEXTURING UNITY_PRETRANSFORM_TO_DISPLAY_ORIENTATION UNITY_ASTC_NORMALMAP_ENCODING SHADER_API_GLES30 SHADER_API_GLES31 SHADER_API_GLES32 UNITY_UNIFIED_SHADER_PRECISION_MODEL flags=0 lang=3 type=Vertex platform=dx11 reqs=1101803 mask=6 start=135 toolchain=1
RunExternalCompiler: begin name=FXC
RunExternalCompiler: end
compileSnippet complete
 ok=1 outsize=534

Cmd: compileSnippet
  insize=1014 file=Packages/com.unity.render-pipelines.universal/Shaders/PostProcessing/TemporalAA.shader name=Hidden/Universal Render Pipeline/TemporalAA pass=TemporalAA - Accumulate - Quality Medium ppOnly=0 stripLineD=0 buildPlatform=20 rsLen=0 pKW=UNITY_ENABLE_REFLECTION_BUFFERS UNITY_USE_DITHER_MASK_FOR_ALPHABLENDED_SHADOWS UNITY_PBS_USE_BRDF1 UNITY_SPECCUBE_BOX_PROJECTION UNITY_SPECCUBE_BLENDING UNITY_ENABLE_DETAIL_NORMALMAP SHADER_API_DESKTOP UNITY_LIGHT_PROBE_PROXY_VOLUME UNITY_LIGHTMAP_FULL_HDR UNITY_PLATFORM_SUPPORTS_DEPTH_FETCH uKW= dKW=UNITY_NO_DXT5nm UNITY_FRAMEBUFFER_FETCH_AVAILABLE UNITY_METAL_SHADOWS_USE_POINT_FILTERING UNITY_NO_SCREENSPACE_SHADOWS UNITY_PBS_USE_BRDF2 UNITY_PBS_USE_BRDF3 UNITY_HARDWARE_TIER1 UNITY_HARDWARE_TIER2 UNITY_HARDWARE_TIER3 UNITY_COLORSPACE_GAMMA UNITY_LIGHTMAP_DLDR_ENCODING UNITY_LIGHTMAP_RGBM_ENCODING UNITY_VIRTUAL_TEXTURING UNITY_PRETRANSFORM_TO_DISPLAY_ORIENTATION UNITY_ASTC_NORMALMAP_ENCODING SHADER_API_GLES30 SHADER_API_GLES31 SHADER_API_GLES32 UNITY_UNIFIED_SHADER_PRECISION_MODEL flags=0 lang=3 type=Vertex platform=dx11 reqs=33 mask=6 start=56 toolchain=1
RunExternalCompiler: begin name=FXC
RunExternalCompiler: end
compileSnippet complete
 ok=1 outsize=582

Cmd: compileSnippet
  insize=2430 file=Packages/com.unity.render-pipelines.high-definition/Runtime/Debug/DebugVTBlit.shader name=Hidden/DebugVTBlit pass=<Unnamed Pass 0> ppOnly=0 stripLineD=0 buildPlatform=20 rsLen=0 pKW=UNITY_ENABLE_REFLECTION_BUFFERS UNITY_USE_DITHER_MASK_FOR_ALPHABLENDED_SHADOWS UNITY_PBS_USE_BRDF1 UNITY_SPECCUBE_BOX_PROJECTION UNITY_SPECCUBE_BLENDING UNITY_ENABLE_DETAIL_NORMALMAP SHADER_API_DESKTOP UNITY_LIGHT_PROBE_PROXY_VOLUME UNITY_LIGHTMAP_FULL_HDR UNITY_PLATFORM_SUPPORTS_DEPTH_FETCH uKW= dKW=UNITY_NO_DXT5nm UNITY_FRAMEBUFFER_FETCH_AVAILABLE UNITY_METAL_SHADOWS_USE_POINT_FILTERING UNITY_NO_SCREENSPACE_SHADOWS UNITY_PBS_USE_BRDF2 UNITY_PBS_USE_BRDF3 UNITY_HARDWARE_TIER1 UNITY_HARDWARE_TIER2 UNITY_HARDWARE_TIER3 UNITY_COLORSPACE_GAMMA UNITY_LIGHTMAP_DLDR_ENCODING UNITY_LIGHTMAP_RGBM_ENCODING UNITY_VIRTUAL_TEXTURING UNITY_PRETRANSFORM_TO_DISPLAY_ORIENTATION UNITY_ASTC_NORMALMAP_ENCODING SHADER_API_GLES30 SHADER_API_GLES31 SHADER_API_GLES32 UNITY_UNIFIED_SHADER_PRECISION_MODEL flags=0 lang=3 type=Vertex platform=dx11 reqs=33 mask=6 start=64 toolchain=1
RunExternalCompiler: begin name=FXC
RunExternalCompiler: end
compileSnippet complete
 ok=1 outsize=570

Cmd: compileSnippet
  insize=3397 file=Packages/com.unity.render-pipelines.universal/Editor/Overrides/Shaders/ShadowsMidtonesHighlightsCurves.shader name=Hidden/Universal Render Pipeline/Editor/Shadows Midtones Highlights Curve pass=<Unnamed Pass 0> ppOnly=0 stripLineD=0 buildPlatform=20 rsLen=0 pKW=UNITY_ENABLE_REFLECTION_BUFFERS UNITY_USE_DITHER_MASK_FOR_ALPHABLENDED_SHADOWS UNITY_PBS_USE_BRDF1 UNITY_SPECCUBE_BOX_PROJECTION UNITY_SPECCUBE_BLENDING UNITY_ENABLE_DETAIL_NORMALMAP SHADER_API_DESKTOP UNITY_LIGHT_PROBE_PROXY_VOLUME UNITY_LIGHTMAP_FULL_HDR UNITY_PLATFORM_SUPPORTS_DEPTH_FETCH uKW= dKW=UNITY_NO_DXT5nm UNITY_FRAMEBUFFER_FETCH_AVAILABLE UNITY_METAL_SHADOWS_USE_POINT_FILTERING UNITY_NO_SCREENSPACE_SHADOWS UNITY_PBS_USE_BRDF2 UNITY_PBS_USE_BRDF3 UNITY_HARDWARE_TIER1 UNITY_HARDWARE_TIER2 UNITY_HARDWARE_TIER3 UNITY_COLORSPACE_GAMMA UNITY_LIGHTMAP_DLDR_ENCODING UNITY_LIGHTMAP_RGBM_ENCODING UNITY_VIRTUAL_TEXTURING UNITY_PRETRANSFORM_TO_DISPLAY_ORIENTATION UNITY_ASTC_NORMALMAP_ENCODING SHADER_API_GLES30 SHADER_API_GLES31 SHADER_API_GLES32 UNITY_UNIFIED_SHADER_PRECISION_MODEL flags=0 lang=0 type=Vertex platform=dx11 reqs=4075 mask=6 start=71 toolchain=1
RunExternalCompiler: begin name=FXC
RunExternalCompiler: end
compileSnippet complete
 ok=1 outsize=682

Cmd: compileSnippet
  insize=8500 file=Packages/com.unity.render-pipelines.universal/Shaders/PostProcessing/FinalPost.shader name=Hidden/Universal Render Pipeline/FinalPost pass=FinalPost ppOnly=0 stripLineD=0 buildPlatform=20 rsLen=0 pKW=UNITY_ENABLE_REFLECTION_BUFFERS UNITY_USE_DITHER_MASK_FOR_ALPHABLENDED_SHADOWS UNITY_PBS_USE_BRDF1 UNITY_SPECCUBE_BOX_PROJECTION UNITY_SPECCUBE_BLENDING UNITY_ENABLE_DETAIL_NORMALMAP SHADER_API_DESKTOP UNITY_LIGHT_PROBE_PROXY_VOLUME UNITY_LIGHTMAP_FULL_HDR UNITY_PLATFORM_SUPPORTS_DEPTH_FETCH uKW= dKW=UNITY_NO_DXT5nm UNITY_FRAMEBUFFER_FETCH_AVAILABLE UNITY_METAL_SHADOWS_USE_POINT_FILTERING UNITY_NO_SCREENSPACE_SHADOWS UNITY_PBS_USE_BRDF2 UNITY_PBS_USE_BRDF3 UNITY_HARDWARE_TIER1 UNITY_HARDWARE_TIER2 UNITY_HARDWARE_TIER3 UNITY_COLORSPACE_GAMMA UNITY_LIGHTMAP_DLDR_ENCODING UNITY_LIGHTMAP_RGBM_ENCODING UNITY_VIRTUAL_TEXTURING UNITY_PRETRANSFORM_TO_DISPLAY_ORIENTATION UNITY_ASTC_NORMALMAP_ENCODING SHADER_API_GLES30 SHADER_API_GLES31 SHADER_API_GLES32 UNITY_UNIFIED_SHADER_PRECISION_MODEL flags=0 lang=3 type=Vertex platform=dx11 reqs=1101803 mask=6 start=171 toolchain=1
RunExternalCompiler: begin name=FXC
RunExternalCompiler: end
compileSnippet complete
 ok=1 outsize=574

Cmd: compileSnippet
  insize=5585 file=Packages/com.unity.visualeffectgraph/Shaders/SDFBaker/RayMapVoxelize.shader name=Hidden/VoxelizeShader pass=<Unnamed Pass 1> ppOnly=0 stripLineD=0 buildPlatform=20 rsLen=0 pKW=UNITY_ENABLE_REFLECTION_BUFFERS UNITY_USE_DITHER_MASK_FOR_ALPHABLENDED_SHADOWS UNITY_PBS_USE_BRDF1 UNITY_SPECCUBE_BOX_PROJECTION UNITY_SPECCUBE_BLENDING UNITY_ENABLE_DETAIL_NORMALMAP SHADER_API_DESKTOP UNITY_LIGHT_PROBE_PROXY_VOLUME UNITY_LIGHTMAP_FULL_HDR UNITY_PLATFORM_SUPPORTS_DEPTH_FETCH uKW= dKW=UNITY_NO_DXT5nm UNITY_FRAMEBUFFER_FETCH_AVAILABLE UNITY_METAL_SHADOWS_USE_POINT_FILTERING UNITY_NO_SCREENSPACE_SHADOWS UNITY_PBS_USE_BRDF2 UNITY_PBS_USE_BRDF3 UNITY_HARDWARE_TIER1 UNITY_HARDWARE_TIER2 UNITY_HARDWARE_TIER3 UNITY_COLORSPACE_GAMMA UNITY_LIGHTMAP_DLDR_ENCODING UNITY_LIGHTMAP_RGBM_ENCODING UNITY_VIRTUAL_TEXTURING UNITY_PRETRANSFORM_TO_DISPLAY_ORIENTATION UNITY_ASTC_NORMALMAP_ENCODING SHADER_API_GLES30 SHADER_API_GLES31 SHADER_API_GLES32 UNITY_UNIFIED_SHADER_PRECISION_MODEL flags=0 lang=3 type=Vertex platform=dx11 reqs=1101803 mask=6 start=205 toolchain=1
RunExternalCompiler: begin name=FXC
RunExternalCompiler: end
compileSnippet complete
 ok=1 outsize=590

Cmd: compileSnippet
  insize=3595 file=Packages/com.unity.render-pipelines.universal/Shaders/BakedLit.shader name=Universal Render Pipeline/Baked Lit pass=GBuffer ppOnly=0 stripLineD=0 buildPlatform=20 rsLen=0 pKW=UNITY_ENABLE_REFLECTION_BUFFERS UNITY_USE_DITHER_MASK_FOR_ALPHABLENDED_SHADOWS UNITY_PBS_USE_BRDF1 UNITY_SPECCUBE_BOX_PROJECTION UNITY_SPECCUBE_BLENDING UNITY_ENABLE_DETAIL_NORMALMAP SHADER_API_DESKTOP UNITY_LIGHT_PROBE_PROXY_VOLUME UNITY_LIGHTMAP_FULL_HDR UNITY_PLATFORM_SUPPORTS_DEPTH_FETCH uKW= dKW=LOD_FADE_CROSSFADE DOTS_INSTANCING_ON INSTANCING_ON _NORMALMAP UNITY_NO_DXT5nm UNITY_FRAMEBUFFER_FETCH_AVAILABLE UNITY_METAL_SHADOWS_USE_POINT_FILTERING UNITY_NO_SCREENSPACE_SHADOWS UNITY_PBS_USE_BRDF2 UNITY_PBS_USE_BRDF3 UNITY_HARDWARE_TIER1 UNITY_HARDWARE_TIER2 UNITY_HARDWARE_TIER3 UNITY_COLORSPACE_GAMMA UNITY_LIGHTMAP_DLDR_ENCODING UNITY_LIGHTMAP_RGBM_ENCODING UNITY_VIRTUAL_TEXTURING UNITY_PRETRANSFORM_TO_DISPLAY_ORIENTATION UNITY_ASTC_NORMALMAP_ENCODING SHADER_API_GLES30 SHADER_API_GLES31 SHADER_API_GLES32 UNITY_UNIFIED_SHADER_PRECISION_MODEL flags=0 lang=3 type=Vertex platform=dx11 reqs=1101803 mask=6 start=118 toolchain=1
RunExternalCompiler: begin name=FXC
RunExternalCompiler: end
compileSnippet complete
 ok=1 outsize=1266

Cmd: compileSnippet
  insize=1976 file=Packages/com.unity.render-pipelines.universal/Shaders/Utils/Blit.shader name=Hidden/Universal Render Pipeline/Blit pass=Blit ppOnly=0 stripLineD=0 buildPlatform=20 rsLen=0 pKW=UNITY_ENABLE_REFLECTION_BUFFERS UNITY_USE_DITHER_MASK_FOR_ALPHABLENDED_SHADOWS UNITY_PBS_USE_BRDF1 UNITY_SPECCUBE_BOX_PROJECTION UNITY_SPECCUBE_BLENDING UNITY_ENABLE_DETAIL_NORMALMAP SHADER_API_DESKTOP UNITY_LIGHT_PROBE_PROXY_VOLUME UNITY_LIGHTMAP_FULL_HDR UNITY_PLATFORM_SUPPORTS_DEPTH_FETCH uKW= dKW=UNITY_NO_DXT5nm UNITY_FRAMEBUFFER_FETCH_AVAILABLE UNITY_METAL_SHADOWS_USE_POINT_FILTERING UNITY_NO_SCREENSPACE_SHADOWS UNITY_PBS_USE_BRDF2 UNITY_PBS_USE_BRDF3 UNITY_HARDWARE_TIER1 UNITY_HARDWARE_TIER2 UNITY_HARDWARE_TIER3 UNITY_COLORSPACE_GAMMA UNITY_LIGHTMAP_DLDR_ENCODING UNITY_LIGHTMAP_RGBM_ENCODING UNITY_VIRTUAL_TEXTURING UNITY_PRETRANSFORM_TO_DISPLAY_ORIENTATION UNITY_ASTC_NORMALMAP_ENCODING SHADER_API_GLES30 SHADER_API_GLES31 SHADER_API_GLES32 UNITY_UNIFIED_SHADER_PRECISION_MODEL flags=0 lang=3 type=Vertex platform=dx11 reqs=33 mask=6 start=15 toolchain=1
RunExternalCompiler: begin name=FXC
RunExternalCompiler: end
compileSnippet complete
 ok=1 outsize=582

Cmd: compileSnippet
  insize=1389 file=Packages/com.unity.render-pipelines.universal/Shaders/Terrain/WavingGrassBillboard.shader name=Hidden/TerrainEngine/Details/UniversalPipeline/BillboardWavingDoublePass pass=DepthOnly ppOnly=0 stripLineD=0 buildPlatform=20 rsLen=0 pKW=UNITY_ENABLE_REFLECTION_BUFFERS UNITY_USE_DITHER_MASK_FOR_ALPHABLENDED_SHADOWS UNITY_PBS_USE_BRDF1 UNITY_SPECCUBE_BOX_PROJECTION UNITY_SPECCUBE_BLENDING UNITY_ENABLE_DETAIL_NORMALMAP SHADER_API_DESKTOP UNITY_LIGHT_PROBE_PROXY_VOLUME UNITY_LIGHTMAP_FULL_HDR UNITY_PLATFORM_SUPPORTS_DEPTH_FETCH uKW= dKW=INSTANCING_ON UNITY_NO_DXT5nm UNITY_FRAMEBUFFER_FETCH_AVAILABLE UNITY_METAL_SHADOWS_USE_POINT_FILTERING UNITY_NO_SCREENSPACE_SHADOWS UNITY_PBS_USE_BRDF2 UNITY_PBS_USE_BRDF3 UNITY_HARDWARE_TIER1 UNITY_HARDWARE_TIER2 UNITY_HARDWARE_TIER3 UNITY_COLORSPACE_GAMMA UNITY_LIGHTMAP_DLDR_ENCODING UNITY_LIGHTMAP_RGBM_ENCODING UNITY_VIRTUAL_TEXTURING UNITY_PRETRANSFORM_TO_DISPLAY_ORIENTATION UNITY_ASTC_NORMALMAP_ENCODING SHADER_API_GLES30 SHADER_API_GLES31 SHADER_API_GLES32 UNITY_UNIFIED_SHADER_PRECISION_MODEL flags=0 lang=3 type=Vertex platform=dx11 reqs=1 mask=6 start=124 toolchain=1
RunExternalCompiler: begin name=FXC
RunExternalCompiler: end
compileSnippet complete
 ok=1 outsize=2146

Cmd: compileSnippet
  insize=780 file=Packages/com.unity.render-pipelines.universal/Shaders/2D/Sprite-Mask.shader name=Universal Render Pipeline/2D/Sprite-Mask pass=<Unnamed Pass 1> ppOnly=0 stripLineD=0 buildPlatform=20 rsLen=0 pKW=UNITY_ENABLE_REFLECTION_BUFFERS UNITY_USE_DITHER_MASK_FOR_ALPHABLENDED_SHADOWS UNITY_PBS_USE_BRDF1 UNITY_SPECCUBE_BOX_PROJECTION UNITY_SPECCUBE_BLENDING UNITY_ENABLE_DETAIL_NORMALMAP SHADER_API_DESKTOP UNITY_LIGHT_PROBE_PROXY_VOLUME UNITY_LIGHTMAP_FULL_HDR UNITY_PLATFORM_SUPPORTS_DEPTH_FETCH uKW= dKW=UNITY_NO_DXT5nm UNITY_FRAMEBUFFER_FETCH_AVAILABLE UNITY_METAL_SHADOWS_USE_POINT_FILTERING UNITY_NO_SCREENSPACE_SHADOWS UNITY_PBS_USE_BRDF2 UNITY_PBS_USE_BRDF3 UNITY_HARDWARE_TIER1 UNITY_HARDWARE_TIER2 UNITY_HARDWARE_TIER3 UNITY_COLORSPACE_GAMMA UNITY_LIGHTMAP_DLDR_ENCODING UNITY_LIGHTMAP_RGBM_ENCODING UNITY_VIRTUAL_TEXTURING UNITY_PRETRANSFORM_TO_DISPLAY_ORIENTATION UNITY_ASTC_NORMALMAP_ENCODING SHADER_API_GLES30 SHADER_API_GLES31 SHADER_API_GLES32 UNITY_UNIFIED_SHADER_PRECISION_MODEL flags=0 lang=3 type=Vertex platform=dx11 reqs=33 mask=6 start=44 toolchain=1
RunExternalCompiler: begin name=FXC
RunExternalCompiler: end
compileSnippet complete
 ok=1 outsize=682

Cmd: compileSnippet
  insize=1973 file=Packages/com.unity.render-pipelines.universal/Shaders/Nature/SpeedTree8.shader name=Universal Render Pipeline/Nature/SpeedTree8 pass=SceneSelectionPass ppOnly=0 stripLineD=0 buildPlatform=20 rsLen=0 pKW=UNITY_ENABLE_REFLECTION_BUFFERS UNITY_USE_DITHER_MASK_FOR_ALPHABLENDED_SHADOWS UNITY_PBS_USE_BRDF1 UNITY_SPECCUBE_BOX_PROJECTION UNITY_SPECCUBE_BLENDING UNITY_ENABLE_DETAIL_NORMALMAP SHADER_API_DESKTOP UNITY_LIGHT_PROBE_PROXY_VOLUME UNITY_LIGHTMAP_FULL_HDR UNITY_PLATFORM_SUPPORTS_DEPTH_FETCH uKW=LOD_FADE_PERCENTAGE _WINDQUALITY_NONE dKW=LOD_FADE_CROSSFADE INSTANCING_ON _WINDQUALITY_FAST _WINDQUALITY_BETTER _WINDQUALITY_BEST _WINDQUALITY_PALM EFFECT_BILLBOARD UNITY_NO_DXT5nm UNITY_FRAMEBUFFER_FETCH_AVAILABLE UNITY_METAL_SHADOWS_USE_POINT_FILTERING UNITY_NO_SCREENSPACE_SHADOWS UNITY_PBS_USE_BRDF2 UNITY_PBS_USE_BRDF3 UNITY_HARDWARE_TIER1 UNITY_HARDWARE_TIER2 UNITY_HARDWARE_TIER3 UNITY_COLORSPACE_GAMMA UNITY_LIGHTMAP_DLDR_ENCODING UNITY_LIGHTMAP_RGBM_ENCODING UNITY_VIRTUAL_TEXTURING UNITY_PRETRANSFORM_TO_DISPLAY_ORIENTATION UNITY_ASTC_NORMALMAP_ENCODING SHADER_API_GLES30 SHADER_API_GLES31 SHADER_API_GLES32 UNITY_UNIFIED_SHADER_PRECISION_MODEL flags=0 lang=3 type=Vertex platform=dx11 reqs=33 mask=6 start=105 toolchain=1
RunExternalCompiler: begin name=FXC
RunExternalCompiler: end
compileSnippet complete
 ok=1 outsize=2674

Cmd: compileSnippet
  insize=2340 file=Packages/com.unity.render-pipelines.universal/Shaders/Nature/SpeedTree8.shader name=Universal Render Pipeline/Nature/SpeedTree8 pass=DepthNormals ppOnly=0 stripLineD=0 buildPlatform=20 rsLen=0 pKW=UNITY_ENABLE_REFLECTION_BUFFERS UNITY_USE_DITHER_MASK_FOR_ALPHABLENDED_SHADOWS UNITY_PBS_USE_BRDF1 UNITY_SPECCUBE_BOX_PROJECTION UNITY_SPECCUBE_BLENDING UNITY_ENABLE_DETAIL_NORMALMAP SHADER_API_DESKTOP UNITY_LIGHT_PROBE_PROXY_VOLUME UNITY_LIGHTMAP_FULL_HDR UNITY_PLATFORM_SUPPORTS_DEPTH_FETCH uKW=LOD_FADE_PERCENTAGE _WINDQUALITY_NONE dKW=LOD_FADE_CROSSFADE _WRITE_SMOOTHNESS INSTANCING_ON _WINDQUALITY_FAST _WINDQUALITY_BETTER _WINDQUALITY_BEST _WINDQUALITY_PALM EFFECT_BUMP UNITY_NO_DXT5nm UNITY_FRAMEBUFFER_FETCH_AVAILABLE UNITY_METAL_SHADOWS_USE_POINT_FILTERING UNITY_NO_SCREENSPACE_SHADOWS UNITY_PBS_USE_BRDF2 UNITY_PBS_USE_BRDF3 UNITY_HARDWARE_TIER1 UNITY_HARDWARE_TIER2 UNITY_HARDWARE_TIER3 UNITY_COLORSPACE_GAMMA UNITY_LIGHTMAP_DLDR_ENCODING UNITY_LIGHTMAP_RGBM_ENCODING UNITY_VIRTUAL_TEXTURING UNITY_PRETRANSFORM_TO_DISPLAY_ORIENTATION UNITY_ASTC_NORMALMAP_ENCODING SHADER_API_GLES30 SHADER_API_GLES31 SHADER_API_GLES32 UNITY_UNIFIED_SHADER_PRECISION_MODEL flags=0 lang=3 type=Vertex platform=dx11 reqs=33 mask=6 start=251 toolchain=1
RunExternalCompiler: begin name=FXC
RunExternalCompiler: end
compileSnippet complete
 ok=1 outsize=2938

Cmd: compileSnippet
  insize=2726 file=Packages/com.unity.render-pipelines.high-definition/Runtime/Lighting/VolumetricClouds/VolumetricCloudsCombine.shader name=Hidden/HDRP/VolumetricCloudsCombine pass=<Unnamed Pass 1> ppOnly=0 stripLineD=0 buildPlatform=20 rsLen=0 pKW=UNITY_ENABLE_REFLECTION_BUFFERS UNITY_USE_DITHER_MASK_FOR_ALPHABLENDED_SHADOWS UNITY_PBS_USE_BRDF1 UNITY_SPECCUBE_BOX_PROJECTION UNITY_SPECCUBE_BLENDING UNITY_ENABLE_DETAIL_NORMALMAP SHADER_API_DESKTOP UNITY_LIGHT_PROBE_PROXY_VOLUME UNITY_LIGHTMAP_FULL_HDR UNITY_PLATFORM_SUPPORTS_DEPTH_FETCH uKW= dKW=UNITY_NO_DXT5nm UNITY_FRAMEBUFFER_FETCH_AVAILABLE UNITY_METAL_SHADOWS_USE_POINT_FILTERING UNITY_NO_SCREENSPACE_SHADOWS UNITY_PBS_USE_BRDF2 UNITY_PBS_USE_BRDF3 UNITY_HARDWARE_TIER1 UNITY_HARDWARE_TIER2 UNITY_HARDWARE_TIER3 UNITY_COLORSPACE_GAMMA UNITY_LIGHTMAP_DLDR_ENCODING UNITY_LIGHTMAP_RGBM_ENCODING UNITY_VIRTUAL_TEXTURING UNITY_PRETRANSFORM_TO_DISPLAY_ORIENTATION UNITY_ASTC_NORMALMAP_ENCODING SHADER_API_GLES30 SHADER_API_GLES31 SHADER_API_GLES32 UNITY_UNIFIED_SHADER_PRECISION_MODEL flags=0 lang=3 type=Fragment platform=dx11 reqs=1101803 mask=6 start=118 toolchain=1
RunExternalCompiler: begin name=FXC
RunExternalCompiler: end
compileSnippet complete
 ok=1 outsize=766

Cmd: compileSnippet
  insize=2572 file=Packages/com.unity.render-pipelines.high-definition/Runtime/Lighting/VolumetricClouds/VolumetricCloudsCombine.shader name=Hidden/HDRP/VolumetricCloudsCombine pass=<Unnamed Pass 2> ppOnly=0 stripLineD=0 buildPlatform=20 rsLen=0 pKW=UNITY_ENABLE_REFLECTION_BUFFERS UNITY_USE_DITHER_MASK_FOR_ALPHABLENDED_SHADOWS UNITY_PBS_USE_BRDF1 UNITY_SPECCUBE_BOX_PROJECTION UNITY_SPECCUBE_BLENDING UNITY_ENABLE_DETAIL_NORMALMAP SHADER_API_DESKTOP UNITY_LIGHT_PROBE_PROXY_VOLUME UNITY_LIGHTMAP_FULL_HDR UNITY_PLATFORM_SUPPORTS_DEPTH_FETCH uKW= dKW=UNITY_NO_DXT5nm UNITY_FRAMEBUFFER_FETCH_AVAILABLE UNITY_METAL_SHADOWS_USE_POINT_FILTERING UNITY_NO_SCREENSPACE_SHADOWS UNITY_PBS_USE_BRDF2 UNITY_PBS_USE_BRDF3 UNITY_HARDWARE_TIER1 UNITY_HARDWARE_TIER2 UNITY_HARDWARE_TIER3 UNITY_COLORSPACE_GAMMA UNITY_LIGHTMAP_DLDR_ENCODING UNITY_LIGHTMAP_RGBM_ENCODING UNITY_VIRTUAL_TEXTURING UNITY_PRETRANSFORM_TO_DISPLAY_ORIENTATION UNITY_ASTC_NORMALMAP_ENCODING SHADER_API_GLES30 SHADER_API_GLES31 SHADER_API_GLES32 UNITY_UNIFIED_SHADER_PRECISION_MODEL flags=0 lang=3 type=Fragment platform=dx11 reqs=1101803 mask=6 start=146 toolchain=1
RunExternalCompiler: begin name=FXC
RunExternalCompiler: end
compileSnippet complete
 ok=1 outsize=678

Cmd: compileSnippet
  insize=2471 file=Packages/com.unity.render-pipelines.high-definition/Runtime/Lighting/VolumetricClouds/VolumetricCloudsCombine.shader name=Hidden/HDRP/VolumetricCloudsCombine pass=<Unnamed Pass 4> ppOnly=0 stripLineD=0 buildPlatform=20 rsLen=0 pKW=UNITY_ENABLE_REFLECTION_BUFFERS UNITY_USE_DITHER_MASK_FOR_ALPHABLENDED_SHADOWS UNITY_PBS_USE_BRDF1 UNITY_SPECCUBE_BOX_PROJECTION UNITY_SPECCUBE_BLENDING UNITY_ENABLE_DETAIL_NORMALMAP SHADER_API_DESKTOP UNITY_LIGHT_PROBE_PROXY_VOLUME UNITY_LIGHTMAP_FULL_HDR UNITY_PLATFORM_SUPPORTS_DEPTH_FETCH uKW= dKW=UNITY_NO_DXT5nm UNITY_FRAMEBUFFER_FETCH_AVAILABLE UNITY_METAL_SHADOWS_USE_POINT_FILTERING UNITY_NO_SCREENSPACE_SHADOWS UNITY_PBS_USE_BRDF2 UNITY_PBS_USE_BRDF3 UNITY_HARDWARE_TIER1 UNITY_HARDWARE_TIER2 UNITY_HARDWARE_TIER3 UNITY_COLORSPACE_GAMMA UNITY_LIGHTMAP_DLDR_ENCODING UNITY_LIGHTMAP_RGBM_ENCODING UNITY_VIRTUAL_TEXTURING UNITY_PRETRANSFORM_TO_DISPLAY_ORIENTATION UNITY_ASTC_NORMALMAP_ENCODING SHADER_API_GLES30 SHADER_API_GLES31 SHADER_API_GLES32 UNITY_UNIFIED_SHADER_PRECISION_MODEL flags=0 lang=3 type=Fragment platform=dx11 reqs=1101803 mask=6 start=187 toolchain=1
RunExternalCompiler: begin name=FXC
RunExternalCompiler: end
compileSnippet complete
 ok=1 outsize=622

Cmd: compileSnippet
  insize=5374 file=Packages/com.unity.render-pipelines.high-definition/Runtime/Lighting/VolumetricClouds/VolumetricCloudsCombine.shader name=Hidden/HDRP/VolumetricCloudsCombine pass=<Unnamed Pass 7> ppOnly=0 stripLineD=0 buildPlatform=20 rsLen=0 pKW=UNITY_ENABLE_REFLECTION_BUFFERS UNITY_USE_DITHER_MASK_FOR_ALPHABLENDED_SHADOWS UNITY_PBS_USE_BRDF1 UNITY_SPECCUBE_BOX_PROJECTION UNITY_SPECCUBE_BLENDING UNITY_ENABLE_DETAIL_NORMALMAP SHADER_API_DESKTOP UNITY_LIGHT_PROBE_PROXY_VOLUME UNITY_LIGHTMAP_FULL_HDR UNITY_PLATFORM_SUPPORTS_DEPTH_FETCH uKW= dKW=OUTPUT_TRANSMITTANCE_BUFFER UNITY_NO_DXT5nm UNITY_FRAMEBUFFER_FETCH_AVAILABLE UNITY_METAL_SHADOWS_USE_POINT_FILTERING UNITY_NO_SCREENSPACE_SHADOWS UNITY_PBS_USE_BRDF2 UNITY_PBS_USE_BRDF3 UNITY_HARDWARE_TIER1 UNITY_HARDWARE_TIER2 UNITY_HARDWARE_TIER3 UNITY_COLORSPACE_GAMMA UNITY_LIGHTMAP_DLDR_ENCODING UNITY_LIGHTMAP_RGBM_ENCODING UNITY_VIRTUAL_TEXTURING UNITY_PRETRANSFORM_TO_DISPLAY_ORIENTATION UNITY_ASTC_NORMALMAP_ENCODING SHADER_API_GLES30 SHADER_API_GLES31 SHADER_API_GLES32 UNITY_UNIFIED_SHADER_PRECISION_MODEL flags=0 lang=3 type=Fragment platform=dx11 reqs=1101803 mask=6 start=268 toolchain=1
RunExternalCompiler: begin name=FXC
RunExternalCompiler: end
compileSnippet complete
 ok=1 outsize=9050

Cmd: compileSnippet
  insize=20358 file=Packages/com.unity.render-pipelines.high-definition/Runtime/Material/LayeredLit/LayeredLitTessellation.shader name=HDRP/LayeredLitTessellation pass=SceneSelectionPass ppOnly=0 stripLineD=0 buildPlatform=20 rsLen=0 pKW=UNITY_ENABLE_REFLECTION_BUFFERS UNITY_USE_DITHER_MASK_FOR_ALPHABLENDED_SHADOWS UNITY_PBS_USE_BRDF1 UNITY_SPECCUBE_BOX_PROJECTION UNITY_SPECCUBE_BLENDING UNITY_ENABLE_DETAIL_NORMALMAP SHADER_API_DESKTOP UNITY_LIGHT_PROBE_PROXY_VOLUME UNITY_LIGHTMAP_FULL_HDR UNITY_PLATFORM_SUPPORTS_DEPTH_FETCH uKW= dKW=DOTS_INSTANCING_ON LOD_FADE_CROSSFADE INSTANCING_ON _PIXEL_DISPLACEMENT_LOCK_OBJECT_SCALE _EMISSIVE_MAPPING_PLANAR _EMISSIVE_MAPPING_TRIPLANAR _EMISSIVE_MAPPING_BASE _ENABLE_GEOMETRIC_SPECULAR_AA _DEPTHOFFSET_ON _DOUBLESIDED_ON _TESSELLATION_DISPLACEMENT _PIXEL_DISPLACEMENT _VERTEX_DISPLACEMENT_LOCK_OBJECT_SCALE _DISPLACEMENT_LOCK_TILING_SCALE _LAYER_TILING_COUPLED_WITH_UNIFORM_OBJECT_SCALE _LAYER_MAPPING_PLANAR_BLENDMASK _LAYER_MAPPING_TRIPLANAR_BLENDMASK _LAYER_MAPPING_PLANAR0 _LAYER_MAPPING_TRIPLANAR0 _LAYER_MAPPING_PLANAR1 _LAYER_MAPPING_TRIPLANAR1 _LAYER_MAPPING_PLANAR2 _LAYER_MAPPING_TRIPLANAR2 _LAYER_MAPPING_PLANAR3 _LAYER_MAPPING_TRIPLANAR3 _REQUIRE_UV2 _REQUIRE_UV3 _ENABLESPECULAROCCLUSION _SPECULAR_OCCLUSION_NONE _SPECULAR_OCCLUSION_FROM_BENT_NORMAL_MAP _HEIGHTMAP0 _HEIGHTMAP1 _HEIGHTMAP2 _HEIGHTMAP3 _LAYER_MASK_VERTEX_COLOR_MUL _LAYER_MASK_VERTEX_COLOR_ADD _MAIN_LAYER_INFLUENCE_MODE _INFLUENCEMASK_MAP _DENSITY_MODE _HEIGHT_BASED_BLEND _LAYEREDLIT_3_LAYERS _LAYEREDLIT_4_LAYERS _ADD_PRECOMPUTED_VELOCITY _ALPHATEST_ON UNITY_NO_DXT5nm UNITY_FRAMEBUFFER_FETCH_AVAILABLE UNITY_METAL_SHADOWS_USE_POINT_FILTERING UNITY_NO_SCREENSPACE_SHADOWS UNITY_PBS_USE_BRDF2 UNITY_PBS_USE_BRDF3 UNITY_HARDWARE_TIER1 UNITY_HARDWARE_TIER2 UNITY_HARDWARE_TIER3 UNITY_COLORSPACE_GAMMA UNITY_LIGHTMAP_DLDR_ENCODING UNITY_LIGHTMAP_RGBM_ENCODING UNITY_VIRTUAL_TEXTURING UNITY_PRETRANSFORM_TO_DISPLAY_ORIENTATION UNITY_ASTC_NORMALMAP_ENCODING SHADER_API_GLES30 SHADER_API_GLES31 SHADER_API_GLES32 UNITY_UNIFIED_SHADER_PRECISION_MODEL flags=0 lang=3 type=Fragment platform=dx11 reqs=1298411 mask=54 start=664 toolchain=1
RunExternalCompiler: begin name=FXC
RunExternalCompiler: end
compileSnippet complete
 ok=1 outsize=294

Cmd: compileSnippet
  insize=23605 file=Packages/com.unity.render-pipelines.high-definition/Runtime/Material/LayeredLit/LayeredLitTessellation.shader name=HDRP/LayeredLitTessellation pass=MotionVectors ppOnly=0 stripLineD=0 buildPlatform=20 rsLen=0 pKW=UNITY_ENABLE_REFLECTION_BUFFERS UNITY_USE_DITHER_MASK_FOR_ALPHABLENDED_SHADOWS UNITY_PBS_USE_BRDF1 UNITY_SPECCUBE_BOX_PROJECTION UNITY_SPECCUBE_BLENDING UNITY_ENABLE_DETAIL_NORMALMAP SHADER_API_DESKTOP UNITY_LIGHT_PROBE_PROXY_VOLUME UNITY_LIGHTMAP_FULL_HDR UNITY_PLATFORM_SUPPORTS_DEPTH_FETCH UNITY_PASS_MOTIONVECTORS uKW= dKW=WRITE_MSAA_DEPTH DOTS_INSTANCING_ON LOD_FADE_CROSSFADE WRITE_NORMAL_BUFFER WRITE_DECAL_BUFFER_AND_RENDERING_LAYER INSTANCING_ON _PIXEL_DISPLACEMENT_LOCK_OBJECT_SCALE _EMISSIVE_MAPPING_PLANAR _EMISSIVE_MAPPING_TRIPLANAR _EMISSIVE_MAPPING_BASE _ENABLE_GEOMETRIC_SPECULAR_AA _BENTNORMALMAP0 _BENTNORMALMAP1 _BENTNORMALMAP2 _BENTNORMALMAP3 _DETAIL_MAP0 _DETAIL_MAP1 _DETAIL_MAP2 _DETAIL_MAP3 _DEPTHOFFSET_ON _DOUBLESIDED_ON _TESSELLATION_DISPLACEMENT _PIXEL_DISPLACEMENT _VERTEX_DISPLACEMENT_LOCK_OBJECT_SCALE _DISPLACEMENT_LOCK_TILING_SCALE _LAYER_TILING_COUPLED_WITH_UNIFORM_OBJECT_SCALE _LAYER_MAPPING_PLANAR_BLENDMASK _LAYER_MAPPING_TRIPLANAR_BLENDMASK _LAYER_MAPPING_PLANAR0 _LAYER_MAPPING_TRIPLANAR0 _LAYER_MAPPING_PLANAR1 _LAYER_MAPPING_TRIPLANAR1 _LAYER_MAPPING_PLANAR2 _LAYER_MAPPING_TRIPLANAR2 _LAYER_MAPPING_PLANAR3 _LAYER_MAPPING_TRIPLANAR3 _REQUIRE_UV2 _REQUIRE_UV3 _ENABLESPECULAROCCLUSION _SPECULAR_OCCLUSION_NONE _SPECULAR_OCCLUSION_FROM_BENT_NORMAL_MAP _HEIGHTMAP0 _HEIGHTMAP1 _HEIGHTMAP2 _HEIGHTMAP3 _LAYER_MASK_VERTEX_COLOR_MUL _LAYER_MASK_VERTEX_COLOR_ADD _MAIN_LAYER_INFLUENCE_MODE _INFLUENCEMASK_MAP _DENSITY_MODE _HEIGHT_BASED_BLEND _LAYEREDLIT_3_LAYERS _LAYEREDLIT_4_LAYERS _ADD_PRECOMPUTED_VELOCITY _NORMALMAP0 _NORMALMAP1 _NORMALMAP2 _NORMALMAP3 _DISABLE_DECALS _ALPHATEST_ON UNITY_NO_DXT5nm UNITY_FRAMEBUFFER_FETCH_AVAILABLE UNITY_METAL_SHADOWS_USE_POINT_FILTERING UNITY_NO_SCREENSPACE_SHADOWS UNITY_PBS_USE_BRDF2 UNITY_PBS_USE_BRDF3 UNITY_HARDWARE_TIER1 UNITY_HARDWARE_TIER2 UNITY_HARDWARE_TIER3 UNITY_COLORSPACE_GAMMA UNITY_LIGHTMAP_DLDR_ENCODING UNITY_LIGHTMAP_RGBM_ENCODING UNITY_VIRTUAL_TEXTURING UNITY_PRETRANSFORM_TO_DISPLAY_ORIENTATION UNITY_ASTC_NORMALMAP_ENCODING SHADER_API_GLES30 SHADER_API_GLES31 SHADER_API_GLES32 UNITY_UNIFIED_SHADER_PRECISION_MODEL flags=0 lang=3 type=Fragment platform=dx11 reqs=1298411 mask=54 start=913 toolchain=1
RunExternalCompiler: begin name=FXC
RunExternalCompiler: end
compileSnippet complete
 ok=1 outsize=922

Cmd: compileSnippet
  insize=20021 file=Packages/com.unity.render-pipelines.high-definition/Runtime/Material/LayeredLit/LayeredLitTessellation.shader name=HDRP/LayeredLitTessellation pass=ShadowCaster ppOnly=0 stripLineD=0 buildPlatform=20 rsLen=0 pKW=UNITY_ENABLE_REFLECTION_BUFFERS UNITY_USE_DITHER_MASK_FOR_ALPHABLENDED_SHADOWS UNITY_PBS_USE_BRDF1 UNITY_SPECCUBE_BOX_PROJECTION UNITY_SPECCUBE_BLENDING UNITY_ENABLE_DETAIL_NORMALMAP SHADER_API_DESKTOP UNITY_LIGHT_PROBE_PROXY_VOLUME UNITY_LIGHTMAP_FULL_HDR UNITY_PLATFORM_SUPPORTS_DEPTH_FETCH UNITY_PASS_SHADOWCASTER uKW= dKW=DOTS_INSTANCING_ON LOD_FADE_CROSSFADE INSTANCING_ON _PIXEL_DISPLACEMENT_LOCK_OBJECT_SCALE _TESSELLATION_PHONG _DEPTHOFFSET_ON _DOUBLESIDED_ON _TESSELLATION_DISPLACEMENT _PIXEL_DISPLACEMENT _VERTEX_DISPLACEMENT_LOCK_OBJECT_SCALE _DISPLACEMENT_LOCK_TILING_SCALE _LAYER_TILING_COUPLED_WITH_UNIFORM_OBJECT_SCALE _LAYER_MAPPING_PLANAR_BLENDMASK _LAYER_MAPPING_TRIPLANAR_BLENDMASK _LAYER_MAPPING_PLANAR0 _LAYER_MAPPING_TRIPLANAR0 _LAYER_MAPPING_PLANAR1 _LAYER_MAPPING_TRIPLANAR1 _LAYER_MAPPING_PLANAR2 _LAYER_MAPPING_TRIPLANAR2 _LAYER_MAPPING_PLANAR3 _LAYER_MAPPING_TRIPLANAR3 _REQUIRE_UV2 _REQUIRE_UV3 _ENABLESPECULAROCCLUSION _SPECULAR_OCCLUSION_NONE _SPECULAR_OCCLUSION_FROM_BENT_NORMAL_MAP _HEIGHTMAP0 _HEIGHTMAP1 _HEIGHTMAP2 _HEIGHTMAP3 _LAYER_MASK_VERTEX_COLOR_MUL _LAYER_MASK_VERTEX_COLOR_ADD _MAIN_LAYER_INFLUENCE_MODE _INFLUENCEMASK_MAP _DENSITY_MODE _HEIGHT_BASED_BLEND _LAYEREDLIT_3_LAYERS _LAYEREDLIT_4_LAYERS _ADD_PRECOMPUTED_VELOCITY _ALPHATEST_ON UNITY_NO_DXT5nm UNITY_FRAMEBUFFER_FETCH_AVAILABLE UNITY_METAL_SHADOWS_USE_POINT_FILTERING UNITY_NO_SCREENSPACE_SHADOWS UNITY_PBS_USE_BRDF2 UNITY_PBS_USE_BRDF3 UNITY_HARDWARE_TIER1 UNITY_HARDWARE_TIER2 UNITY_HARDWARE_TIER3 UNITY_COLORSPACE_GAMMA UNITY_LIGHTMAP_DLDR_ENCODING UNITY_LIGHTMAP_RGBM_ENCODING UNITY_VIRTUAL_TEXTURING UNITY_PRETRANSFORM_TO_DISPLAY_ORIENTATION UNITY_ASTC_NORMALMAP_ENCODING SHADER_API_GLES30 SHADER_API_GLES31 SHADER_API_GLES32 UNITY_UNIFIED_SHADER_PRECISION_MODEL flags=0 lang=3 type=Domain platform=dx11 reqs=1298411 mask=54 start=984 toolchain=1
RunExternalCompiler: begin name=FXC
RunExternalCompiler: end
compileSnippet complete
 ok=1 outsize=714

Cmd: compileSnippet
  insize=31248 file=Packages/com.unity.render-pipelines.high-definition/Runtime/Material/LayeredLit/LayeredLitTessellation.shader name=HDRP/LayeredLitTessellation pass=Forward ppOnly=0 stripLineD=0 buildPlatform=20 rsLen=0 pKW=UNITY_ENABLE_REFLECTION_BUFFERS UNITY_USE_DITHER_MASK_FOR_ALPHABLENDED_SHADOWS UNITY_PBS_USE_BRDF1 UNITY_SPECCUBE_BOX_PROJECTION UNITY_SPECCUBE_BLENDING UNITY_ENABLE_DETAIL_NORMALMAP SHADER_API_DESKTOP UNITY_LIGHT_PROBE_PROXY_VOLUME UNITY_LIGHTMAP_FULL_HDR UNITY_PLATFORM_SUPPORTS_DEPTH_FETCH uKW=DECALS_OFF SCREEN_SPACE_SHADOWS_OFF PUNCTUAL_SHADOW_LOW DIRECTIONAL_SHADOW_LOW AREA_SHADOW_MEDIUM USE_FPTL_LIGHTLIST dKW=SHADOWS_SHADOWMASK PROBE_VOLUMES_L1 PROBE_VOLUMES_L2 SCREEN_SPACE_SHADOWS_ON CONTACT_SHADOWS_OFF DECALS_3RT DECALS_4RT DECAL_SURFACE_GRADIENT PUNCTUAL_SHADOW_MEDIUM PUNCTUAL_SHADOW_HIGH DIRECTIONAL_SHADOW_MEDIUM DIRECTIONAL_SHADOW_HIGH AREA_SHADOW_HIGH USE_CLUSTERED_LIGHTLIST DOTS_INSTANCING_ON LOD_FADE_CROSSFADE DEBUG_DISPLAY LIGHTMAP_ON LIGHTMAP_BICUBIC_SAMPLING DIRLIGHTMAP_COMBINED DYNAMICLIGHTMAP_ON USE_LEGACY_LIGHTMAPS _SURFACE_TYPE_TRANSPARENT INSTANCING_ON _PIXEL_DISPLACEMENT_LOCK_OBJECT_SCALE _EMISSIVE_MAPPING_PLANAR _EMISSIVE_MAPPING_TRIPLANAR _EMISSIVE_MAPPING_BASE _ENABLE_GEOMETRIC_SPECULAR_AA _NORMALMAP_TANGENT_SPACE0 _NORMALMAP_TANGENT_SPACE1 _NORMALMAP_TANGENT_SPACE2 _NORMALMAP_TANGENT_SPACE3 _MASKMAP0 _MASKMAP1 _MASKMAP2 _MASKMAP3 _BENTNORMALMAP0 _BENTNORMALMAP1 _BENTNORMALMAP2 _BENTNORMALMAP3 _EMISSIVE_COLOR_MAP _DETAIL_MAP0 _DETAIL_MAP1 _DETAIL_MAP2 _DETAIL_MAP3 _SUBSURFACE_MASK_MAP0 _SUBSURFACE_MASK_MAP1 _SUBSURFACE_MASK_MAP2 _SUBSURFACE_MASK_MAP3 _TRANSMISSION_MASK_MAP0 _TRANSMISSION_MASK_MAP1 _TRANSMISSION_MASK_MAP2 _TRANSMISSION_MASK_MAP3 _THICKNESSMAP0 _THICKNESSMAP1 _THICKNESSMAP2 _THICKNESSMAP3 _MATERIAL_FEATURE_SUBSURFACE_SCATTERING _MATERIAL_FEATURE_TRANSMISSION _DISABLE_SSR _ENABLE_FOG_ON_TRANSPARENT _DEPTHOFFSET_ON _DOUBLESIDED_ON _TESSELLATION_DISPLACEMENT _PIXEL_DISPLACEMENT _VERTEX_DISPLACEMENT_LOCK_OBJECT_SCALE _DISPLACEMENT_LOCK_TILING_SCALE _LAYER_TILING_COUPLED_WITH_UNIFORM_OBJECT_SCALE _LAYER_MAPPING_PLANAR_BLENDMASK _LAYER_MAPPING_TRIPLANAR_BLENDMASK _LAYER_MAPPING_PLANAR0 _LAYER_MAPPING_TRIPLANAR0 _LAYER_MAPPING_PLANAR1 _LAYER_MAPPING_TRIPLANAR1 _LAYER_MAPPING_PLANAR2 _LAYER_MAPPING_TRIPLANAR2 _LAYER_MAPPING_PLANAR3 _LAYER_MAPPING_TRIPLANAR3 _REQUIRE_UV2 _REQUIRE_UV3 _ENABLESPECULAROCCLUSION _SPECULAR_OCCLUSION_NONE _SPECULAR_OCCLUSION_FROM_BENT_NORMAL_MAP _HEIGHTMAP0 _HEIGHTMAP1 _HEIGHTMAP2 _HEIGHTMAP3 _LAYER_MASK_VERTEX_COLOR_MUL _LAYER_MASK_VERTEX_COLOR_ADD _MAIN_LAYER_INFLUENCE_MODE _INFLUENCEMASK_MAP _DENSITY_MODE _HEIGHT_BASED_BLEND _LAYEREDLIT_3_LAYERS _LAYEREDLIT_4_LAYERS _ADD_PRECOMPUTED_VELOCITY _ALPHATEST_ON _NORMALMAP0 _NORMALMAP1 _NORMALMAP2 _NORMALMAP3 _DISABLE_DECALS _DISABLE_SSR_TRANSPARENT UNITY_NO_DXT5nm UNITY_FRAMEBUFFER_FETCH_AVAILABLE UNITY_METAL_SHADOWS_USE_POINT_FILTERING UNITY_NO_SCREENSPACE_SHADOWS UNITY_PBS_USE_BRDF2 UNITY_PBS_USE_BRDF3 UNITY_HARDWARE_TIER1 UNITY_HARDWARE_TIER2 UNITY_HARDWARE_TIER3 UNITY_COLORSPACE_GAMMA UNITY_LIGHTMAP_DLDR_ENCODING UNITY_LIGHTMAP_RGBM_ENCODING UNITY_VIRTUAL_TEXTURING UNITY_PRETRANSFORM_TO_DISPLAY_ORIENTATION UNITY_ASTC_NORMALMAP_ENCODING SHADER_API_GLES30 SHADER_API_GLES31 SHADER_API_GLES32 UNITY_UNIFIED_SHADER_PRECISION_MODEL flags=0 lang=3 type=Fragment platform=dx11 reqs=1298411 mask=54 start=1109 toolchain=1
RunExternalCompiler: begin name=FXC
RunExternalCompiler: end
compileSnippet complete
 ok=1 outsize=71734

Cmd: compileSnippet
  insize=10563 file=Packages/com.unity.render-pipelines.high-definition/Runtime/Material/Lit/Lit.shader name=HDRP/Lit pass=TransparentDepthPostpass ppOnly=0 stripLineD=0 buildPlatform=20 rsLen=0 pKW=UNITY_ENABLE_REFLECTION_BUFFERS UNITY_USE_DITHER_MASK_FOR_ALPHABLENDED_SHADOWS UNITY_PBS_USE_BRDF1 UNITY_SPECCUBE_BOX_PROJECTION UNITY_SPECCUBE_BLENDING UNITY_ENABLE_DETAIL_NORMALMAP SHADER_API_DESKTOP UNITY_LIGHT_PROBE_PROXY_VOLUME UNITY_LIGHTMAP_FULL_HDR UNITY_PLATFORM_SUPPORTS_DEPTH_FETCH uKW= dKW=DOTS_INSTANCING_ON LOD_FADE_CROSSFADE _SURFACE_TYPE_TRANSPARENT INSTANCING_ON _PIXEL_DISPLACEMENT_LOCK_OBJECT_SCALE _EMISSIVE_MAPPING_PLANAR _EMISSIVE_MAPPING_TRIPLANAR _EMISSIVE_MAPPING_BASE _ENABLESPECULAROCCLUSION _SPECULAR_OCCLUSION_NONE _SPECULAR_OCCLUSION_FROM_BENT_NORMAL_MAP _DEPTHOFFSET_ON _DOUBLESIDED_ON _VERTEX_DISPLACEMENT _PIXEL_DISPLACEMENT _DISPLACEMENT_LOCK_TILING_SCALE _MAPPING_PLANAR _MAPPING_TRIPLANAR _REQUIRE_UV2 _REQUIRE_UV3 _HEIGHTMAP _ALPHATEST_ON _TRANSPARENT_WRITES_MOTION_VEC _TRANSPARENT_REFRACTIVE_SORT UNITY_NO_DXT5nm UNITY_FRAMEBUFFER_FETCH_AVAILABLE UNITY_METAL_SHADOWS_USE_POINT_FILTERING UNITY_NO_SCREENSPACE_SHADOWS UNITY_PBS_USE_BRDF2 UNITY_PBS_USE_BRDF3 UNITY_HARDWARE_TIER1 UNITY_HARDWARE_TIER2 UNITY_HARDWARE_TIER3 UNITY_COLORSPACE_GAMMA UNITY_LIGHTMAP_DLDR_ENCODING UNITY_LIGHTMAP_RGBM_ENCODING UNITY_VIRTUAL_TEXTURING UNITY_PRETRANSFORM_TO_DISPLAY_ORIENTATION UNITY_ASTC_NORMALMAP_ENCODING SHADER_API_GLES30 SHADER_API_GLES31 SHADER_API_GLES32 UNITY_UNIFIED_SHADER_PRECISION_MODEL flags=0 lang=3 type=Fragment platform=dx11 reqs=1101803 mask=6 start=1104 toolchain=1
RunExternalCompiler: begin name=FXC
RunExternalCompiler: end
compileSnippet complete
 ok=1 outsize=174

Cmd: compileSnippet
  insize=9576 file=Packages/com.unity.render-pipelines.high-definition/Runtime/Material/Lit/Lit.shader name=HDRP/Lit pass=RayTracingPrepass ppOnly=0 stripLineD=0 buildPlatform=20 rsLen=0 pKW=UNITY_ENABLE_REFLECTION_BUFFERS UNITY_USE_DITHER_MASK_FOR_ALPHABLENDED_SHADOWS UNITY_PBS_USE_BRDF1 UNITY_SPECCUBE_BOX_PROJECTION UNITY_SPECCUBE_BLENDING UNITY_ENABLE_DETAIL_NORMALMAP SHADER_API_DESKTOP UNITY_LIGHT_PROBE_PROXY_VOLUME UNITY_LIGHTMAP_FULL_HDR UNITY_PLATFORM_SUPPORTS_DEPTH_FETCH uKW= dKW=LOD_FADE_CROSSFADE DOTS_INSTANCING_ON _PIXEL_DISPLACEMENT_LOCK_OBJECT_SCALE _EMISSIVE_MAPPING_PLANAR _EMISSIVE_MAPPING_TRIPLANAR _EMISSIVE_MAPPING_BASE _ENABLESPECULAROCCLUSION _SPECULAR_OCCLUSION_NONE _SPECULAR_OCCLUSION_FROM_BENT_NORMAL_MAP _DEPTHOFFSET_ON _DOUBLESIDED_ON _VERTEX_DISPLACEMENT _PIXEL_DISPLACEMENT _DISPLACEMENT_LOCK_TILING_SCALE _MAPPING_PLANAR _MAPPING_TRIPLANAR _REQUIRE_UV2 _REQUIRE_UV3 _HEIGHTMAP UNITY_NO_DXT5nm UNITY_FRAMEBUFFER_FETCH_AVAILABLE UNITY_METAL_SHADOWS_USE_POINT_FILTERING UNITY_NO_SCREENSPACE_SHADOWS UNITY_PBS_USE_BRDF2 UNITY_PBS_USE_BRDF3 UNITY_HARDWARE_TIER1 UNITY_HARDWARE_TIER2 UNITY_HARDWARE_TIER3 UNITY_COLORSPACE_GAMMA UNITY_LIGHTMAP_DLDR_ENCODING UNITY_LIGHTMAP_RGBM_ENCODING UNITY_VIRTUAL_TEXTURING UNITY_PRETRANSFORM_TO_DISPLAY_ORIENTATION UNITY_ASTC_NORMALMAP_ENCODING SHADER_API_GLES30 SHADER_API_GLES31 SHADER_API_GLES32 UNITY_UNIFIED_SHADER_PRECISION_MODEL flags=0 lang=3 type=Fragment platform=dx11 reqs=1101803 mask=6 start=1141 toolchain=1
RunExternalCompiler: begin name=FXC
RunExternalCompiler: end
compileSnippet complete
 ok=1 outsize=218

Cmd: compileSnippet
  insize=9868 file=Packages/com.unity.render-pipelines.high-definition/Runtime/Material/Lit/Lit.shader name=HDRP/Lit pass=FullScreenDebug ppOnly=0 stripLineD=0 buildPlatform=20 rsLen=0 pKW=UNITY_ENABLE_REFLECTION_BUFFERS UNITY_USE_DITHER_MASK_FOR_ALPHABLENDED_SHADOWS UNITY_PBS_USE_BRDF1 UNITY_SPECCUBE_BOX_PROJECTION UNITY_SPECCUBE_BLENDING UNITY_ENABLE_DETAIL_NORMALMAP SHADER_API_DESKTOP UNITY_LIGHT_PROBE_PROXY_VOLUME UNITY_LIGHTMAP_FULL_HDR UNITY_PLATFORM_SUPPORTS_DEPTH_FETCH uKW= dKW=DOTS_INSTANCING_ON LOD_FADE_CROSSFADE INSTANCING_ON _PIXEL_DISPLACEMENT_LOCK_OBJECT_SCALE _EMISSIVE_MAPPING_PLANAR _EMISSIVE_MAPPING_TRIPLANAR _EMISSIVE_MAPPING_BASE _ENABLESPECULAROCCLUSION _SPECULAR_OCCLUSION_NONE _SPECULAR_OCCLUSION_FROM_BENT_NORMAL_MAP _DEPTHOFFSET_ON _DOUBLESIDED_ON _VERTEX_DISPLACEMENT _PIXEL_DISPLACEMENT _DISPLACEMENT_LOCK_TILING_SCALE _MAPPING_PLANAR _MAPPING_TRIPLANAR _REQUIRE_UV2 _REQUIRE_UV3 _HEIGHTMAP UNITY_NO_DXT5nm UNITY_FRAMEBUFFER_FETCH_AVAILABLE UNITY_METAL_SHADOWS_USE_POINT_FILTERING UNITY_NO_SCREENSPACE_SHADOWS UNITY_PBS_USE_BRDF2 UNITY_PBS_USE_BRDF3 UNITY_HARDWARE_TIER1 UNITY_HARDWARE_TIER2 UNITY_HARDWARE_TIER3 UNITY_COLORSPACE_GAMMA UNITY_LIGHTMAP_DLDR_ENCODING UNITY_LIGHTMAP_RGBM_ENCODING UNITY_VIRTUAL_TEXTURING UNITY_PRETRANSFORM_TO_DISPLAY_ORIENTATION UNITY_ASTC_NORMALMAP_ENCODING SHADER_API_GLES30 SHADER_API_GLES31 SHADER_API_GLES32 UNITY_UNIFIED_SHADER_PRECISION_MODEL flags=0 lang=3 type=Fragment platform=dx11 reqs=1101803 mask=6 start=1171 toolchain=1
RunExternalCompiler: begin name=FXC
RunExternalCompiler: end
compileSnippet complete
 ok=1 outsize=1222

Cmd: compileSnippet
  insize=3538 file=Packages/com.unity.render-pipelines.high-definition/Runtime/Sky/HDRISky/IntegrateHDRISky.shader name=Hidden/HDRP/IntegrateHDRI pass=<Unnamed Pass 0> ppOnly=0 stripLineD=0 buildPlatform=20 rsLen=0 pKW=UNITY_ENABLE_REFLECTION_BUFFERS UNITY_USE_DITHER_MASK_FOR_ALPHABLENDED_SHADOWS UNITY_PBS_USE_BRDF1 UNITY_SPECCUBE_BOX_PROJECTION UNITY_SPECCUBE_BLENDING UNITY_ENABLE_DETAIL_NORMALMAP SHADER_API_DESKTOP UNITY_LIGHT_PROBE_PROXY_VOLUME UNITY_LIGHTMAP_FULL_HDR UNITY_PLATFORM_SUPPORTS_DEPTH_FETCH uKW= dKW=UNITY_NO_DXT5nm UNITY_FRAMEBUFFER_FETCH_AVAILABLE UNITY_METAL_SHADOWS_USE_POINT_FILTERING UNITY_NO_SCREENSPACE_SHADOWS UNITY_PBS_USE_BRDF2 UNITY_PBS_USE_BRDF3 UNITY_HARDWARE_TIER1 UNITY_HARDWARE_TIER2 UNITY_HARDWARE_TIER3 UNITY_COLORSPACE_GAMMA UNITY_LIGHTMAP_DLDR_ENCODING UNITY_LIGHTMAP_RGBM_ENCODING UNITY_VIRTUAL_TEXTURING UNITY_PRETRANSFORM_TO_DISPLAY_ORIENTATION UNITY_ASTC_NORMALMAP_ENCODING SHADER_API_GLES30 SHADER_API_GLES31 SHADER_API_GLES32 UNITY_UNIFIED_SHADER_PRECISION_MODEL flags=0 lang=3 type=Fragment platform=dx11 reqs=1101803 mask=6 start=16 toolchain=1
RunExternalCompiler: begin name=FXC
RunExternalCompiler: end
compileSnippet complete
 ok=1 outsize=1170

Cmd: compileSnippet
  insize=3696 file=Packages/com.unity.render-pipelines.high-definition/Runtime/Water/Shaders/WaterDecal.shader name=Hidden/HDRP/WaterDecal pass=DeformationDecal ppOnly=0 stripLineD=0 buildPlatform=20 rsLen=0 pKW=UNITY_ENABLE_REFLECTION_BUFFERS UNITY_USE_DITHER_MASK_FOR_ALPHABLENDED_SHADOWS UNITY_PBS_USE_BRDF1 UNITY_SPECCUBE_BOX_PROJECTION UNITY_SPECCUBE_BLENDING UNITY_ENABLE_DETAIL_NORMALMAP SHADER_API_DESKTOP UNITY_LIGHT_PROBE_PROXY_VOLUME UNITY_LIGHTMAP_FULL_HDR UNITY_PLATFORM_SUPPORTS_DEPTH_FETCH uKW= dKW=UNITY_NO_DXT5nm UNITY_FRAMEBUFFER_FETCH_AVAILABLE UNITY_METAL_SHADOWS_USE_POINT_FILTERING UNITY_NO_SCREENSPACE_SHADOWS UNITY_PBS_USE_BRDF2 UNITY_PBS_USE_BRDF3 UNITY_HARDWARE_TIER1 UNITY_HARDWARE_TIER2 UNITY_HARDWARE_TIER3 UNITY_COLORSPACE_GAMMA UNITY_LIGHTMAP_DLDR_ENCODING UNITY_LIGHTMAP_RGBM_ENCODING UNITY_VIRTUAL_TEXTURING UNITY_PRETRANSFORM_TO_DISPLAY_ORIENTATION UNITY_ASTC_NORMALMAP_ENCODING SHADER_API_GLES30 SHADER_API_GLES31 SHADER_API_GLES32 UNITY_UNIFIED_SHADER_PRECISION_MODEL flags=0 lang=3 type=Fragment platform=dx11 reqs=1101803 mask=6 start=96 toolchain=1
RunExternalCompiler: begin name=FXC
RunExternalCompiler: end
compileSnippet complete
 ok=1 outsize=706

Cmd: compileSnippet
  insize=3748 file=Packages/com.unity.render-pipelines.high-definition/Runtime/Water/Shaders/WaterDecal.shader name=Hidden/HDRP/WaterDecal pass=FoamDecal ppOnly=0 stripLineD=0 buildPlatform=20 rsLen=0 pKW=UNITY_ENABLE_REFLECTION_BUFFERS UNITY_USE_DITHER_MASK_FOR_ALPHABLENDED_SHADOWS UNITY_PBS_USE_BRDF1 UNITY_SPECCUBE_BOX_PROJECTION UNITY_SPECCUBE_BLENDING UNITY_ENABLE_DETAIL_NORMALMAP SHADER_API_DESKTOP UNITY_LIGHT_PROBE_PROXY_VOLUME UNITY_LIGHTMAP_FULL_HDR UNITY_PLATFORM_SUPPORTS_DEPTH_FETCH uKW= dKW=UNITY_NO_DXT5nm UNITY_FRAMEBUFFER_FETCH_AVAILABLE UNITY_METAL_SHADOWS_USE_POINT_FILTERING UNITY_NO_SCREENSPACE_SHADOWS UNITY_PBS_USE_BRDF2 UNITY_PBS_USE_BRDF3 UNITY_HARDWARE_TIER1 UNITY_HARDWARE_TIER2 UNITY_HARDWARE_TIER3 UNITY_COLORSPACE_GAMMA UNITY_LIGHTMAP_DLDR_ENCODING UNITY_LIGHTMAP_RGBM_ENCODING UNITY_VIRTUAL_TEXTURING UNITY_PRETRANSFORM_TO_DISPLAY_ORIENTATION UNITY_ASTC_NORMALMAP_ENCODING SHADER_API_GLES30 SHADER_API_GLES31 SHADER_API_GLES32 UNITY_UNIFIED_SHADER_PRECISION_MODEL flags=0 lang=3 type=Fragment platform=dx11 reqs=1101803 mask=6 start=120 toolchain=1
RunExternalCompiler: begin name=FXC
RunExternalCompiler: end
compileSnippet complete
 ok=1 outsize=738

Cmd: compileSnippet
  insize=3664 file=Packages/com.unity.render-pipelines.high-definition/Runtime/Water/Shaders/WaterDecal.shader name=Hidden/HDRP/WaterDecal pass=MaskDecal ppOnly=0 stripLineD=0 buildPlatform=20 rsLen=0 pKW=UNITY_ENABLE_REFLECTION_BUFFERS UNITY_USE_DITHER_MASK_FOR_ALPHABLENDED_SHADOWS UNITY_PBS_USE_BRDF1 UNITY_SPECCUBE_BOX_PROJECTION UNITY_SPECCUBE_BLENDING UNITY_ENABLE_DETAIL_NORMALMAP SHADER_API_DESKTOP UNITY_LIGHT_PROBE_PROXY_VOLUME UNITY_LIGHTMAP_FULL_HDR UNITY_PLATFORM_SUPPORTS_DEPTH_FETCH uKW= dKW=UNITY_NO_DXT5nm UNITY_FRAMEBUFFER_FETCH_AVAILABLE UNITY_METAL_SHADOWS_USE_POINT_FILTERING UNITY_NO_SCREENSPACE_SHADOWS UNITY_PBS_USE_BRDF2 UNITY_PBS_USE_BRDF3 UNITY_HARDWARE_TIER1 UNITY_HARDWARE_TIER2 UNITY_HARDWARE_TIER3 UNITY_COLORSPACE_GAMMA UNITY_LIGHTMAP_DLDR_ENCODING UNITY_LIGHTMAP_RGBM_ENCODING UNITY_VIRTUAL_TEXTURING UNITY_PRETRANSFORM_TO_DISPLAY_ORIENTATION UNITY_ASTC_NORMALMAP_ENCODING SHADER_API_GLES30 SHADER_API_GLES31 SHADER_API_GLES32 UNITY_UNIFIED_SHADER_PRECISION_MODEL flags=0 lang=3 type=Fragment platform=dx11 reqs=1101803 mask=6 start=145 toolchain=1
RunExternalCompiler: begin name=FXC
RunExternalCompiler: end
compileSnippet complete
 ok=1 outsize=666

Cmd: compileSnippet
  insize=3676 file=Packages/com.unity.render-pipelines.high-definition/Runtime/Water/Shaders/WaterDecal.shader name=Hidden/HDRP/WaterDecal pass=LargeCurrentDecal ppOnly=0 stripLineD=0 buildPlatform=20 rsLen=0 pKW=UNITY_ENABLE_REFLECTION_BUFFERS UNITY_USE_DITHER_MASK_FOR_ALPHABLENDED_SHADOWS UNITY_PBS_USE_BRDF1 UNITY_SPECCUBE_BOX_PROJECTION UNITY_SPECCUBE_BLENDING UNITY_ENABLE_DETAIL_NORMALMAP SHADER_API_DESKTOP UNITY_LIGHT_PROBE_PROXY_VOLUME UNITY_LIGHTMAP_FULL_HDR UNITY_PLATFORM_SUPPORTS_DEPTH_FETCH uKW= dKW=UNITY_NO_DXT5nm UNITY_FRAMEBUFFER_FETCH_AVAILABLE UNITY_METAL_SHADOWS_USE_POINT_FILTERING UNITY_NO_SCREENSPACE_SHADOWS UNITY_PBS_USE_BRDF2 UNITY_PBS_USE_BRDF3 UNITY_HARDWARE_TIER1 UNITY_HARDWARE_TIER2 UNITY_HARDWARE_TIER3 UNITY_COLORSPACE_GAMMA UNITY_LIGHTMAP_DLDR_ENCODING UNITY_LIGHTMAP_RGBM_ENCODING UNITY_VIRTUAL_TEXTURING UNITY_PRETRANSFORM_TO_DISPLAY_ORIENTATION UNITY_ASTC_NORMALMAP_ENCODING SHADER_API_GLES30 SHADER_API_GLES31 SHADER_API_GLES32 UNITY_UNIFIED_SHADER_PRECISION_MODEL flags=0 lang=3 type=Fragment platform=dx11 reqs=1101803 mask=6 start=169 toolchain=1
RunExternalCompiler: begin name=FXC
RunExternalCompiler: end
compileSnippet complete
 ok=1 outsize=686

Cmd: compileSnippet
  insize=3678 file=Packages/com.unity.render-pipelines.high-definition/Runtime/Water/Shaders/WaterDecal.shader name=Hidden/HDRP/WaterDecal pass=RipplesCurrentDecal ppOnly=0 stripLineD=0 buildPlatform=20 rsLen=0 pKW=UNITY_ENABLE_REFLECTION_BUFFERS UNITY_USE_DITHER_MASK_FOR_ALPHABLENDED_SHADOWS UNITY_PBS_USE_BRDF1 UNITY_SPECCUBE_BOX_PROJECTION UNITY_SPECCUBE_BLENDING UNITY_ENABLE_DETAIL_NORMALMAP SHADER_API_DESKTOP UNITY_LIGHT_PROBE_PROXY_VOLUME UNITY_LIGHTMAP_FULL_HDR UNITY_PLATFORM_SUPPORTS_DEPTH_FETCH uKW= dKW=UNITY_NO_DXT5nm UNITY_FRAMEBUFFER_FETCH_AVAILABLE UNITY_METAL_SHADOWS_USE_POINT_FILTERING UNITY_NO_SCREENSPACE_SHADOWS UNITY_PBS_USE_BRDF2 UNITY_PBS_USE_BRDF3 UNITY_HARDWARE_TIER1 UNITY_HARDWARE_TIER2 UNITY_HARDWARE_TIER3 UNITY_COLORSPACE_GAMMA UNITY_LIGHTMAP_DLDR_ENCODING UNITY_LIGHTMAP_RGBM_ENCODING UNITY_VIRTUAL_TEXTURING UNITY_PRETRANSFORM_TO_DISPLAY_ORIENTATION UNITY_ASTC_NORMALMAP_ENCODING SHADER_API_GLES30 SHADER_API_GLES31 SHADER_API_GLES32 UNITY_UNIFIED_SHADER_PRECISION_MODEL flags=0 lang=3 type=Fragment platform=dx11 reqs=1101803 mask=6 start=193 toolchain=1
RunExternalCompiler: begin name=FXC
RunExternalCompiler: end
compileSnippet complete
 ok=1 outsize=686

Cmd: compileSnippet
  insize=3972 file=Packages/com.unity.render-pipelines.high-definition/Runtime/Water/Shaders/WaterDecal.shader name=Hidden/HDRP/WaterDecal pass=FoamAttenuation ppOnly=0 stripLineD=0 buildPlatform=20 rsLen=0 pKW=UNITY_ENABLE_REFLECTION_BUFFERS UNITY_USE_DITHER_MASK_FOR_ALPHABLENDED_SHADOWS UNITY_PBS_USE_BRDF1 UNITY_SPECCUBE_BOX_PROJECTION UNITY_SPECCUBE_BLENDING UNITY_ENABLE_DETAIL_NORMALMAP SHADER_API_DESKTOP UNITY_LIGHT_PROBE_PROXY_VOLUME UNITY_LIGHTMAP_FULL_HDR UNITY_PLATFORM_SUPPORTS_DEPTH_FETCH uKW= dKW=UNITY_NO_DXT5nm UNITY_FRAMEBUFFER_FETCH_AVAILABLE UNITY_METAL_SHADOWS_USE_POINT_FILTERING UNITY_NO_SCREENSPACE_SHADOWS UNITY_PBS_USE_BRDF2 UNITY_PBS_USE_BRDF3 UNITY_HARDWARE_TIER1 UNITY_HARDWARE_TIER2 UNITY_HARDWARE_TIER3 UNITY_COLORSPACE_GAMMA UNITY_LIGHTMAP_DLDR_ENCODING UNITY_LIGHTMAP_RGBM_ENCODING UNITY_VIRTUAL_TEXTURING UNITY_PRETRANSFORM_TO_DISPLAY_ORIENTATION UNITY_ASTC_NORMALMAP_ENCODING SHADER_API_GLES30 SHADER_API_GLES31 SHADER_API_GLES32 UNITY_UNIFIED_SHADER_PRECISION_MODEL flags=0 lang=3 type=Fragment platform=dx11 reqs=1101803 mask=6 start=217 toolchain=1
RunExternalCompiler: begin name=FXC
RunExternalCompiler: end
compileSnippet complete
 ok=1 outsize=366

Cmd: compileSnippet
  insize=3834 file=Packages/com.unity.render-pipelines.universal/Shaders/Utils/BlitHDROverlay.shader name=Hidden/Universal/BlitHDROverlay pass=BilinearDebugDraw ppOnly=0 stripLineD=0 buildPlatform=20 rsLen=0 pKW=UNITY_ENABLE_REFLECTION_BUFFERS UNITY_USE_DITHER_MASK_FOR_ALPHABLENDED_SHADOWS UNITY_PBS_USE_BRDF1 UNITY_SPECCUBE_BOX_PROJECTION UNITY_SPECCUBE_BLENDING UNITY_ENABLE_DETAIL_NORMALMAP SHADER_API_DESKTOP UNITY_LIGHT_PROBE_PROXY_VOLUME UNITY_LIGHTMAP_FULL_HDR UNITY_PLATFORM_SUPPORTS_DEPTH_FETCH uKW= dKW=DEBUG_DISPLAY HDR_COLORSPACE_CONVERSION HDR_ENCODING HDR_COLORSPACE_CONVERSION_AND_ENCODING UNITY_NO_DXT5nm UNITY_FRAMEBUFFER_FETCH_AVAILABLE UNITY_METAL_SHADOWS_USE_POINT_FILTERING UNITY_NO_SCREENSPACE_SHADOWS UNITY_PBS_USE_BRDF2 UNITY_PBS_USE_BRDF3 UNITY_HARDWARE_TIER1 UNITY_HARDWARE_TIER2 UNITY_HARDWARE_TIER3 UNITY_COLORSPACE_GAMMA UNITY_LIGHTMAP_DLDR_ENCODING UNITY_LIGHTMAP_RGBM_ENCODING UNITY_VIRTUAL_TEXTURING UNITY_PRETRANSFORM_TO_DISPLAY_ORIENTATION UNITY_ASTC_NORMALMAP_ENCODING SHADER_API_GLES30 SHADER_API_GLES31 SHADER_API_GLES32 UNITY_UNIFIED_SHADER_PRECISION_MODEL flags=0 lang=3 type=Fragment platform=dx11 reqs=1 mask=6 start=83 toolchain=1
RunExternalCompiler: begin name=FXC
RunExternalCompiler: end
compileSnippet complete
 ok=1 outsize=358

Cmd: compileSnippet
  insize=3827 file=Packages/com.unity.render-pipelines.universal/Shaders/Utils/BlitHDROverlay.shader name=Hidden/Universal/BlitHDROverlay pass=NearestDebugDraw ppOnly=0 stripLineD=0 buildPlatform=20 rsLen=0 pKW=UNITY_ENABLE_REFLECTION_BUFFERS UNITY_USE_DITHER_MASK_FOR_ALPHABLENDED_SHADOWS UNITY_PBS_USE_BRDF1 UNITY_SPECCUBE_BOX_PROJECTION UNITY_SPECCUBE_BLENDING UNITY_ENABLE_DETAIL_NORMALMAP SHADER_API_DESKTOP UNITY_LIGHT_PROBE_PROXY_VOLUME UNITY_LIGHTMAP_FULL_HDR UNITY_PLATFORM_SUPPORTS_DEPTH_FETCH uKW= dKW=DEBUG_DISPLAY HDR_COLORSPACE_CONVERSION HDR_ENCODING HDR_COLORSPACE_CONVERSION_AND_ENCODING UNITY_NO_DXT5nm UNITY_FRAMEBUFFER_FETCH_AVAILABLE UNITY_METAL_SHADOWS_USE_POINT_FILTERING UNITY_NO_SCREENSPACE_SHADOWS UNITY_PBS_USE_BRDF2 UNITY_PBS_USE_BRDF3 UNITY_HARDWARE_TIER1 UNITY_HARDWARE_TIER2 UNITY_HARDWARE_TIER3 UNITY_COLORSPACE_GAMMA UNITY_LIGHTMAP_DLDR_ENCODING UNITY_LIGHTMAP_RGBM_ENCODING UNITY_VIRTUAL_TEXTURING UNITY_PRETRANSFORM_TO_DISPLAY_ORIENTATION UNITY_ASTC_NORMALMAP_ENCODING SHADER_API_GLES30 SHADER_API_GLES31 SHADER_API_GLES32 UNITY_UNIFIED_SHADER_PRECISION_MODEL flags=0 lang=3 type=Fragment platform=dx11 reqs=1 mask=6 start=101 toolchain=1
RunExternalCompiler: begin name=FXC
RunExternalCompiler: end
compileSnippet complete
 ok=1 outsize=358

Cmd: compileSnippet
  insize=4209 file=Packages/com.unity.render-pipelines.high-definition/Runtime/Material/Unlit/Unlit.shader name=HDRP/Unlit pass=SceneSelectionPass ppOnly=0 stripLineD=0 buildPlatform=20 rsLen=0 pKW=UNITY_ENABLE_REFLECTION_BUFFERS UNITY_USE_DITHER_MASK_FOR_ALPHABLENDED_SHADOWS UNITY_PBS_USE_BRDF1 UNITY_SPECCUBE_BOX_PROJECTION UNITY_SPECCUBE_BLENDING UNITY_ENABLE_DETAIL_NORMALMAP SHADER_API_DESKTOP UNITY_LIGHT_PROBE_PROXY_VOLUME UNITY_LIGHTMAP_FULL_HDR UNITY_PLATFORM_SUPPORTS_DEPTH_FETCH uKW= dKW=DOTS_INSTANCING_ON INSTANCING_ON _EMISSIVE_COLOR_MAP _ALPHATEST_ON _ADD_PRECOMPUTED_VELOCITY UNITY_NO_DXT5nm UNITY_FRAMEBUFFER_FETCH_AVAILABLE UNITY_METAL_SHADOWS_USE_POINT_FILTERING UNITY_NO_SCREENSPACE_SHADOWS UNITY_PBS_USE_BRDF2 UNITY_PBS_USE_BRDF3 UNITY_HARDWARE_TIER1 UNITY_HARDWARE_TIER2 UNITY_HARDWARE_TIER3 UNITY_COLORSPACE_GAMMA UNITY_LIGHTMAP_DLDR_ENCODING UNITY_LIGHTMAP_RGBM_ENCODING UNITY_VIRTUAL_TEXTURING UNITY_PRETRANSFORM_TO_DISPLAY_ORIENTATION UNITY_ASTC_NORMALMAP_ENCODING SHADER_API_GLES30 SHADER_API_GLES31 SHADER_API_GLES32 UNITY_UNIFIED_SHADER_PRECISION_MODEL flags=0 lang=3 type=Fragment platform=dx11 reqs=1101803 mask=6 start=150 toolchain=1
RunExternalCompiler: begin name=FXC
RunExternalCompiler: end
compileSnippet complete
 ok=1 outsize=294

Cmd: compileSnippet
  insize=4214 file=Packages/com.unity.render-pipelines.high-definition/Runtime/Material/Unlit/Unlit.shader name=HDRP/Unlit pass=DepthForwardOnly ppOnly=0 stripLineD=0 buildPlatform=20 rsLen=0 pKW=UNITY_ENABLE_REFLECTION_BUFFERS UNITY_USE_DITHER_MASK_FOR_ALPHABLENDED_SHADOWS UNITY_PBS_USE_BRDF1 UNITY_SPECCUBE_BOX_PROJECTION UNITY_SPECCUBE_BLENDING UNITY_ENABLE_DETAIL_NORMALMAP SHADER_API_DESKTOP UNITY_LIGHT_PROBE_PROXY_VOLUME UNITY_LIGHTMAP_FULL_HDR UNITY_PLATFORM_SUPPORTS_DEPTH_FETCH uKW= dKW=WRITE_MSAA_DEPTH DOTS_INSTANCING_ON INSTANCING_ON _EMISSIVE_COLOR_MAP _ALPHATEST_ON _ADD_PRECOMPUTED_VELOCITY UNITY_NO_DXT5nm UNITY_FRAMEBUFFER_FETCH_AVAILABLE UNITY_METAL_SHADOWS_USE_POINT_FILTERING UNITY_NO_SCREENSPACE_SHADOWS UNITY_PBS_USE_BRDF2 UNITY_PBS_USE_BRDF3 UNITY_HARDWARE_TIER1 UNITY_HARDWARE_TIER2 UNITY_HARDWARE_TIER3 UNITY_COLORSPACE_GAMMA UNITY_LIGHTMAP_DLDR_ENCODING UNITY_LIGHTMAP_RGBM_ENCODING UNITY_VIRTUAL_TEXTURING UNITY_PRETRANSFORM_TO_DISPLAY_ORIENTATION UNITY_ASTC_NORMALMAP_ENCODING SHADER_API_GLES30 SHADER_API_GLES31 SHADER_API_GLES32 UNITY_UNIFIED_SHADER_PRECISION_MODEL flags=0 lang=3 type=Fragment platform=dx11 reqs=1101803 mask=6 start=194 toolchain=1
RunExternalCompiler: begin name=FXC
RunExternalCompiler: end
compileSnippet complete
 ok=1 outsize=174

Cmd: compileSnippet
  insize=4340 file=Packages/com.unity.render-pipelines.high-definition/Runtime/Material/Unlit/Unlit.shader name=HDRP/Unlit pass=MotionVectors ppOnly=0 stripLineD=0 buildPlatform=20 rsLen=0 pKW=UNITY_ENABLE_REFLECTION_BUFFERS UNITY_USE_DITHER_MASK_FOR_ALPHABLENDED_SHADOWS UNITY_PBS_USE_BRDF1 UNITY_SPECCUBE_BOX_PROJECTION UNITY_SPECCUBE_BLENDING UNITY_ENABLE_DETAIL_NORMALMAP SHADER_API_DESKTOP UNITY_LIGHT_PROBE_PROXY_VOLUME UNITY_LIGHTMAP_FULL_HDR UNITY_PLATFORM_SUPPORTS_DEPTH_FETCH UNITY_PASS_MOTIONVECTORS uKW= dKW=WRITE_MSAA_DEPTH DOTS_INSTANCING_ON INSTANCING_ON _EMISSIVE_COLOR_MAP _ALPHATEST_ON _ADD_PRECOMPUTED_VELOCITY UNITY_NO_DXT5nm UNITY_FRAMEBUFFER_FETCH_AVAILABLE UNITY_METAL_SHADOWS_USE_POINT_FILTERING UNITY_NO_SCREENSPACE_SHADOWS UNITY_PBS_USE_BRDF2 UNITY_PBS_USE_BRDF3 UNITY_HARDWARE_TIER1 UNITY_HARDWARE_TIER2 UNITY_HARDWARE_TIER3 UNITY_COLORSPACE_GAMMA UNITY_LIGHTMAP_DLDR_ENCODING UNITY_LIGHTMAP_RGBM_ENCODING UNITY_VIRTUAL_TEXTURING UNITY_PRETRANSFORM_TO_DISPLAY_ORIENTATION UNITY_ASTC_NORMALMAP_ENCODING SHADER_API_GLES30 SHADER_API_GLES31 SHADER_API_GLES32 UNITY_UNIFIED_SHADER_PRECISION_MODEL flags=0 lang=3 type=Fragment platform=dx11 reqs=1101803 mask=6 start=240 toolchain=1
RunExternalCompiler: begin name=FXC
RunExternalCompiler: end
compileSnippet complete
 ok=1 outsize=946

Cmd: compileSnippet
  insize=4613 file=Packages/com.unity.render-pipelines.high-definition/Runtime/Material/Unlit/Unlit.shader name=HDRP/Unlit pass=ForwardOnly ppOnly=0 stripLineD=0 buildPlatform=20 rsLen=0 pKW=UNITY_ENABLE_REFLECTION_BUFFERS UNITY_USE_DITHER_MASK_FOR_ALPHABLENDED_SHADOWS UNITY_PBS_USE_BRDF1 UNITY_SPECCUBE_BOX_PROJECTION UNITY_SPECCUBE_BLENDING UNITY_ENABLE_DETAIL_NORMALMAP SHADER_API_DESKTOP UNITY_LIGHT_PROBE_PROXY_VOLUME UNITY_LIGHTMAP_FULL_HDR UNITY_PLATFORM_SUPPORTS_DEPTH_FETCH uKW= dKW=DOTS_INSTANCING_ON DEBUG_DISPLAY _SURFACE_TYPE_TRANSPARENT INSTANCING_ON _EMISSIVE_COLOR_MAP _ALPHATEST_ON _ADD_PRECOMPUTED_VELOCITY _ENABLE_FOG_ON_TRANSPARENT UNITY_NO_DXT5nm UNITY_FRAMEBUFFER_FETCH_AVAILABLE UNITY_METAL_SHADOWS_USE_POINT_FILTERING UNITY_NO_SCREENSPACE_SHADOWS UNITY_PBS_USE_BRDF2 UNITY_PBS_USE_BRDF3 UNITY_HARDWARE_TIER1 UNITY_HARDWARE_TIER2 UNITY_HARDWARE_TIER3 UNITY_COLORSPACE_GAMMA UNITY_LIGHTMAP_DLDR_ENCODING UNITY_LIGHTMAP_RGBM_ENCODING UNITY_VIRTUAL_TEXTURING UNITY_PRETRANSFORM_TO_DISPLAY_ORIENTATION UNITY_ASTC_NORMALMAP_ENCODING SHADER_API_GLES30 SHADER_API_GLES31 SHADER_API_GLES32 UNITY_UNIFIED_SHADER_PRECISION_MODEL flags=0 lang=3 type=Fragment platform=dx11 reqs=1101803 mask=6 start=289 toolchain=1
RunExternalCompiler: begin name=FXC
RunExternalCompiler: end
compileSnippet complete
 ok=1 outsize=898

Cmd: compileSnippet
  insize=5097 file=Packages/com.unity.render-pipelines.high-definition/Runtime/Material/Unlit/Unlit.shader name=HDRP/Unlit pass=META ppOnly=0 stripLineD=0 buildPlatform=20 rsLen=0 pKW=UNITY_ENABLE_REFLECTION_BUFFERS UNITY_USE_DITHER_MASK_FOR_ALPHABLENDED_SHADOWS UNITY_PBS_USE_BRDF1 UNITY_SPECCUBE_BOX_PROJECTION UNITY_SPECCUBE_BLENDING UNITY_ENABLE_DETAIL_NORMALMAP SHADER_API_DESKTOP UNITY_LIGHT_PROBE_PROXY_VOLUME UNITY_LIGHTMAP_FULL_HDR UNITY_PLATFORM_SUPPORTS_DEPTH_FETCH UNITY_PASS_META uKW= dKW=DOTS_INSTANCING_ON EDITOR_VISUALIZATION _SURFACE_TYPE_TRANSPARENT INSTANCING_ON _EMISSIVE_COLOR_MAP _ALPHATEST_ON _ADD_PRECOMPUTED_VELOCITY _ENABLE_FOG_ON_TRANSPARENT UNITY_NO_DXT5nm UNITY_FRAMEBUFFER_FETCH_AVAILABLE UNITY_METAL_SHADOWS_USE_POINT_FILTERING UNITY_NO_SCREENSPACE_SHADOWS UNITY_PBS_USE_BRDF2 UNITY_PBS_USE_BRDF3 UNITY_HARDWARE_TIER1 UNITY_HARDWARE_TIER2 UNITY_HARDWARE_TIER3 UNITY_COLORSPACE_GAMMA UNITY_LIGHTMAP_DLDR_ENCODING UNITY_LIGHTMAP_RGBM_ENCODING UNITY_VIRTUAL_TEXTURING UNITY_PRETRANSFORM_TO_DISPLAY_ORIENTATION UNITY_ASTC_NORMALMAP_ENCODING SHADER_API_GLES30 SHADER_API_GLES31 SHADER_API_GLES32 UNITY_UNIFIED_SHADER_PRECISION_MODEL flags=0 lang=3 type=Fragment platform=dx11 reqs=1101803 mask=6 start=329 toolchain=1
RunExternalCompiler: begin name=FXC
RunExternalCompiler: end
compileSnippet complete
 ok=1 outsize=970

Cmd: compileSnippet
  insize=3872 file=Packages/com.unity.render-pipelines.high-definition/Runtime/Material/Unlit/Unlit.shader name=HDRP/Unlit pass=ShadowCaster ppOnly=0 stripLineD=0 buildPlatform=20 rsLen=0 pKW=UNITY_ENABLE_REFLECTION_BUFFERS UNITY_USE_DITHER_MASK_FOR_ALPHABLENDED_SHADOWS UNITY_PBS_USE_BRDF1 UNITY_SPECCUBE_BOX_PROJECTION UNITY_SPECCUBE_BLENDING UNITY_ENABLE_DETAIL_NORMALMAP SHADER_API_DESKTOP UNITY_LIGHT_PROBE_PROXY_VOLUME UNITY_LIGHTMAP_FULL_HDR UNITY_PLATFORM_SUPPORTS_DEPTH_FETCH UNITY_PASS_SHADOWCASTER uKW= dKW=DOTS_INSTANCING_ON INSTANCING_ON _EMISSIVE_COLOR_MAP _ALPHATEST_ON _ADD_PRECOMPUTED_VELOCITY UNITY_NO_DXT5nm UNITY_FRAMEBUFFER_FETCH_AVAILABLE UNITY_METAL_SHADOWS_USE_POINT_FILTERING UNITY_NO_SCREENSPACE_SHADOWS UNITY_PBS_USE_BRDF2 UNITY_PBS_USE_BRDF3 UNITY_HARDWARE_TIER1 UNITY_HARDWARE_TIER2 UNITY_HARDWARE_TIER3 UNITY_COLORSPACE_GAMMA UNITY_LIGHTMAP_DLDR_ENCODING UNITY_LIGHTMAP_RGBM_ENCODING UNITY_VIRTUAL_TEXTURING UNITY_PRETRANSFORM_TO_DISPLAY_ORIENTATION UNITY_ASTC_NORMALMAP_ENCODING SHADER_API_GLES30 SHADER_API_GLES31 SHADER_API_GLES32 UNITY_UNIFIED_SHADER_PRECISION_MODEL flags=0 lang=3 type=Fragment platform=dx11 reqs=1101803 mask=6 start=376 toolchain=1
RunExternalCompiler: begin name=FXC
RunExternalCompiler: end
compileSnippet complete
 ok=1 outsize=174

Cmd: compileSnippet
  insize=4293 file=Packages/com.unity.render-pipelines.high-definition/Runtime/Material/Unlit/Unlit.shader name=HDRP/Unlit pass=DistortionVectors ppOnly=0 stripLineD=0 buildPlatform=20 rsLen=0 pKW=UNITY_ENABLE_REFLECTION_BUFFERS UNITY_USE_DITHER_MASK_FOR_ALPHABLENDED_SHADOWS UNITY_PBS_USE_BRDF1 UNITY_SPECCUBE_BOX_PROJECTION UNITY_SPECCUBE_BLENDING UNITY_ENABLE_DETAIL_NORMALMAP SHADER_API_DESKTOP UNITY_LIGHT_PROBE_PROXY_VOLUME UNITY_LIGHTMAP_FULL_HDR UNITY_PLATFORM_SUPPORTS_DEPTH_FETCH uKW= dKW=DOTS_INSTANCING_ON _SURFACE_TYPE_TRANSPARENT INSTANCING_ON _EMISSIVE_COLOR_MAP _ALPHATEST_ON _ADD_PRECOMPUTED_VELOCITY _ENABLE_FOG_ON_TRANSPARENT UNITY_NO_DXT5nm UNITY_FRAMEBUFFER_FETCH_AVAILABLE UNITY_METAL_SHADOWS_USE_POINT_FILTERING UNITY_NO_SCREENSPACE_SHADOWS UNITY_PBS_USE_BRDF2 UNITY_PBS_USE_BRDF3 UNITY_HARDWARE_TIER1 UNITY_HARDWARE_TIER2 UNITY_HARDWARE_TIER3 UNITY_COLORSPACE_GAMMA UNITY_LIGHTMAP_DLDR_ENCODING UNITY_LIGHTMAP_RGBM_ENCODING UNITY_VIRTUAL_TEXTURING UNITY_PRETRANSFORM_TO_DISPLAY_ORIENTATION UNITY_ASTC_NORMALMAP_ENCODING SHADER_API_GLES30 SHADER_API_GLES31 SHADER_API_GLES32 UNITY_UNIFIED_SHADER_PRECISION_MODEL flags=0 lang=3 type=Fragment platform=dx11 reqs=1101803 mask=6 start=415 toolchain=1
RunExternalCompiler: begin name=FXC
RunExternalCompiler: end
compileSnippet complete
 ok=1 outsize=618

Cmd: compileSnippet
  insize=4506 file=Packages/com.unity.render-pipelines.high-definition/Runtime/Material/Unlit/Unlit.shader name=HDRP/Unlit pass=FullScreenDebug ppOnly=0 stripLineD=0 buildPlatform=20 rsLen=0 pKW=UNITY_ENABLE_REFLECTION_BUFFERS UNITY_USE_DITHER_MASK_FOR_ALPHABLENDED_SHADOWS UNITY_PBS_USE_BRDF1 UNITY_SPECCUBE_BOX_PROJECTION UNITY_SPECCUBE_BLENDING UNITY_ENABLE_DETAIL_NORMALMAP SHADER_API_DESKTOP UNITY_LIGHT_PROBE_PROXY_VOLUME UNITY_LIGHTMAP_FULL_HDR UNITY_PLATFORM_SUPPORTS_DEPTH_FETCH uKW= dKW=DOTS_INSTANCING_ON LOD_FADE_CROSSFADE _SURFACE_TYPE_TRANSPARENT INSTANCING_ON _EMISSIVE_COLOR_MAP _ALPHATEST_ON _ADD_PRECOMPUTED_VELOCITY _ENABLE_FOG_ON_TRANSPARENT UNITY_NO_DXT5nm UNITY_FRAMEBUFFER_FETCH_AVAILABLE UNITY_METAL_SHADOWS_USE_POINT_FILTERING UNITY_NO_SCREENSPACE_SHADOWS UNITY_PBS_USE_BRDF2 UNITY_PBS_USE_BRDF3 UNITY_HARDWARE_TIER1 UNITY_HARDWARE_TIER2 UNITY_HARDWARE_TIER3 UNITY_COLORSPACE_GAMMA UNITY_LIGHTMAP_DLDR_ENCODING UNITY_LIGHTMAP_RGBM_ENCODING UNITY_VIRTUAL_TEXTURING UNITY_PRETRANSFORM_TO_DISPLAY_ORIENTATION UNITY_ASTC_NORMALMAP_ENCODING SHADER_API_GLES30 SHADER_API_GLES31 SHADER_API_GLES32 UNITY_UNIFIED_SHADER_PRECISION_MODEL flags=0 lang=3 type=Fragment platform=dx11 reqs=1101803 mask=6 start=450 toolchain=1
RunExternalCompiler: begin name=FXC
RunExternalCompiler: end
compileSnippet complete
 ok=1 outsize=1126

Cmd: compileSnippet
  insize=1131 file=Packages/com.unity.render-pipelines.universal/Shaders/Utils/CoreBlitColorAndDepth.shader name=Hidden/Universal/CoreBlitColorAndDepth pass=ColorOnly ppOnly=0 stripLineD=0 buildPlatform=20 rsLen=0 pKW=UNITY_ENABLE_REFLECTION_BUFFERS UNITY_USE_DITHER_MASK_FOR_ALPHABLENDED_SHADOWS UNITY_PBS_USE_BRDF1 UNITY_SPECCUBE_BOX_PROJECTION UNITY_SPECCUBE_BLENDING UNITY_ENABLE_DETAIL_NORMALMAP SHADER_API_DESKTOP UNITY_LIGHT_PROBE_PROXY_VOLUME UNITY_LIGHTMAP_FULL_HDR UNITY_PLATFORM_SUPPORTS_DEPTH_FETCH uKW= dKW=_MSAA_2X _MSAA_4X _MSAA_8X UNITY_NO_DXT5nm UNITY_FRAMEBUFFER_FETCH_AVAILABLE UNITY_METAL_SHADOWS_USE_POINT_FILTERING UNITY_NO_SCREENSPACE_SHADOWS UNITY_PBS_USE_BRDF2 UNITY_PBS_USE_BRDF3 UNITY_HARDWARE_TIER1 UNITY_HARDWARE_TIER2 UNITY_HARDWARE_TIER3 UNITY_COLORSPACE_GAMMA UNITY_LIGHTMAP_DLDR_ENCODING UNITY_LIGHTMAP_RGBM_ENCODING UNITY_VIRTUAL_TEXTURING UNITY_PRETRANSFORM_TO_DISPLAY_ORIENTATION UNITY_ASTC_NORMALMAP_ENCODING SHADER_API_GLES30 SHADER_API_GLES31 SHADER_API_GLES32 UNITY_UNIFIED_SHADER_PRECISION_MODEL flags=0 lang=3 type=Fragment platform=dx11 reqs=1 mask=6 start=21 toolchain=1
RunExternalCompiler: begin name=FXC
RunExternalCompiler: end
compileSnippet complete
 ok=1 outsize=406

Cmd: compileSnippet
  insize=1135 file=Packages/com.unity.render-pipelines.universal/Shaders/Utils/CoreBlitColorAndDepth.shader name=Hidden/Universal/CoreBlitColorAndDepth pass=ColorAndDepth ppOnly=0 stripLineD=0 buildPlatform=20 rsLen=0 pKW=UNITY_ENABLE_REFLECTION_BUFFERS UNITY_USE_DITHER_MASK_FOR_ALPHABLENDED_SHADOWS UNITY_PBS_USE_BRDF1 UNITY_SPECCUBE_BOX_PROJECTION UNITY_SPECCUBE_BLENDING UNITY_ENABLE_DETAIL_NORMALMAP SHADER_API_DESKTOP UNITY_LIGHT_PROBE_PROXY_VOLUME UNITY_LIGHTMAP_FULL_HDR UNITY_PLATFORM_SUPPORTS_DEPTH_FETCH uKW= dKW=_MSAA_2X _MSAA_4X _MSAA_8X UNITY_NO_DXT5nm UNITY_FRAMEBUFFER_FETCH_AVAILABLE UNITY_METAL_SHADOWS_USE_POINT_FILTERING UNITY_NO_SCREENSPACE_SHADOWS UNITY_PBS_USE_BRDF2 UNITY_PBS_USE_BRDF3 UNITY_HARDWARE_TIER1 UNITY_HARDWARE_TIER2 UNITY_HARDWARE_TIER3 UNITY_COLORSPACE_GAMMA UNITY_LIGHTMAP_DLDR_ENCODING UNITY_LIGHTMAP_RGBM_ENCODING UNITY_VIRTUAL_TEXTURING UNITY_PRETRANSFORM_TO_DISPLAY_ORIENTATION UNITY_ASTC_NORMALMAP_ENCODING SHADER_API_GLES30 SHADER_API_GLES31 SHADER_API_GLES32 UNITY_UNIFIED_SHADER_PRECISION_MODEL flags=0 lang=3 type=Fragment platform=dx11 reqs=1 mask=6 start=33 toolchain=1
RunExternalCompiler: begin name=FXC
RunExternalCompiler: end
compileSnippet complete
 ok=1 outsize=538

Cmd: compileSnippet
  insize=1131 file=Packages/com.unity.render-pipelines.universal/Shaders/Utils/CoreBlitColorAndDepth.shader name=Hidden/Universal/CoreBlitColorAndDepth pass=DepthOnly ppOnly=0 stripLineD=0 buildPlatform=20 rsLen=0 pKW=UNITY_ENABLE_REFLECTION_BUFFERS UNITY_USE_DITHER_MASK_FOR_ALPHABLENDED_SHADOWS UNITY_PBS_USE_BRDF1 UNITY_SPECCUBE_BOX_PROJECTION UNITY_SPECCUBE_BLENDING UNITY_ENABLE_DETAIL_NORMALMAP SHADER_API_DESKTOP UNITY_LIGHT_PROBE_PROXY_VOLUME UNITY_LIGHTMAP_FULL_HDR UNITY_PLATFORM_SUPPORTS_DEPTH_FETCH uKW= dKW=_MSAA_2X _MSAA_4X _MSAA_8X UNITY_NO_DXT5nm UNITY_FRAMEBUFFER_FETCH_AVAILABLE UNITY_METAL_SHADOWS_USE_POINT_FILTERING UNITY_NO_SCREENSPACE_SHADOWS UNITY_PBS_USE_BRDF2 UNITY_PBS_USE_BRDF3 UNITY_HARDWARE_TIER1 UNITY_HARDWARE_TIER2 UNITY_HARDWARE_TIER3 UNITY_COLORSPACE_GAMMA UNITY_LIGHTMAP_DLDR_ENCODING UNITY_LIGHTMAP_RGBM_ENCODING UNITY_VIRTUAL_TEXTURING UNITY_PRETRANSFORM_TO_DISPLAY_ORIENTATION UNITY_ASTC_NORMALMAP_ENCODING SHADER_API_GLES30 SHADER_API_GLES31 SHADER_API_GLES32 UNITY_UNIFIED_SHADER_PRECISION_MODEL flags=0 lang=3 type=Fragment platform=dx11 reqs=1 mask=6 start=45 toolchain=1
RunExternalCompiler: begin name=FXC
RunExternalCompiler: end
compileSnippet complete
 ok=1 outsize=442

Cmd: compileSnippet
  insize=1652 file=Packages/com.unity.render-pipelines.universal/Shaders/XR/XRMirrorView.shader name=Hidden/Universal Render Pipeline/XR/XRMirrorView pass=<Unnamed Pass 0> ppOnly=0 stripLineD=0 buildPlatform=20 rsLen=0 pKW=UNITY_ENABLE_REFLECTION_BUFFERS UNITY_USE_DITHER_MASK_FOR_ALPHABLENDED_SHADOWS UNITY_PBS_USE_BRDF1 UNITY_SPECCUBE_BOX_PROJECTION UNITY_SPECCUBE_BLENDING UNITY_ENABLE_DETAIL_NORMALMAP SHADER_API_DESKTOP UNITY_LIGHT_PROBE_PROXY_VOLUME UNITY_LIGHTMAP_FULL_HDR UNITY_PLATFORM_SUPPORTS_DEPTH_FETCH uKW= dKW=DISABLE_TEXTURE2D_X_ARRAY HDR_COLORSPACE_CONVERSION_AND_ENCODING UNITY_NO_DXT5nm UNITY_FRAMEBUFFER_FETCH_AVAILABLE UNITY_METAL_SHADOWS_USE_POINT_FILTERING UNITY_NO_SCREENSPACE_SHADOWS UNITY_PBS_USE_BRDF2 UNITY_PBS_USE_BRDF3 UNITY_HARDWARE_TIER1 UNITY_HARDWARE_TIER2 UNITY_HARDWARE_TIER3 UNITY_COLORSPACE_GAMMA UNITY_LIGHTMAP_DLDR_ENCODING UNITY_LIGHTMAP_RGBM_ENCODING UNITY_VIRTUAL_TEXTURING UNITY_PRETRANSFORM_TO_DISPLAY_ORIENTATION UNITY_ASTC_NORMALMAP_ENCODING SHADER_API_GLES30 SHADER_API_GLES31 SHADER_API_GLES32 UNITY_UNIFIED_SHADER_PRECISION_MODEL flags=0 lang=3 type=Fragment platform=dx11 reqs=33 mask=6 start=16 toolchain=1
RunExternalCompiler: begin name=FXC
RunExternalCompiler: end
compileSnippet complete
 ok=1 outsize=1182

Cmd: compileSnippet
  insize=1718 file=Packages/com.unity.render-pipelines.high-definition/Runtime/ShaderLibrary/BlitColorAndDepth.shader name=Hidden/HDRP/BlitColorAndDepth pass=ColorOnly ppOnly=0 stripLineD=0 buildPlatform=20 rsLen=0 pKW=UNITY_ENABLE_REFLECTION_BUFFERS UNITY_USE_DITHER_MASK_FOR_ALPHABLENDED_SHADOWS UNITY_PBS_USE_BRDF1 UNITY_SPECCUBE_BOX_PROJECTION UNITY_SPECCUBE_BLENDING UNITY_ENABLE_DETAIL_NORMALMAP SHADER_API_DESKTOP UNITY_LIGHT_PROBE_PROXY_VOLUME UNITY_LIGHTMAP_FULL_HDR UNITY_PLATFORM_SUPPORTS_DEPTH_FETCH uKW= dKW=DISABLE_TEXTURE2D_X_ARRAY BLIT_SINGLE_SLICE _MSAA_2X _MSAA_4X _MSAA_8X UNITY_NO_DXT5nm UNITY_FRAMEBUFFER_FETCH_AVAILABLE UNITY_METAL_SHADOWS_USE_POINT_FILTERING UNITY_NO_SCREENSPACE_SHADOWS UNITY_PBS_USE_BRDF2 UNITY_PBS_USE_BRDF3 UNITY_HARDWARE_TIER1 UNITY_HARDWARE_TIER2 UNITY_HARDWARE_TIER3 UNITY_COLORSPACE_GAMMA UNITY_LIGHTMAP_DLDR_ENCODING UNITY_LIGHTMAP_RGBM_ENCODING UNITY_VIRTUAL_TEXTURING UNITY_PRETRANSFORM_TO_DISPLAY_ORIENTATION UNITY_ASTC_NORMALMAP_ENCODING SHADER_API_GLES30 SHADER_API_GLES31 SHADER_API_GLES32 UNITY_UNIFIED_SHADER_PRECISION_MODEL flags=0 lang=3 type=Fragment platform=dx11 reqs=1101803 mask=6 start=25 toolchain=1
RunExternalCompiler: begin name=FXC
RunExternalCompiler: end
compileSnippet complete
 ok=1 outsize=418

Cmd: compileSnippet
  insize=1722 file=Packages/com.unity.render-pipelines.high-definition/Runtime/ShaderLibrary/BlitColorAndDepth.shader name=Hidden/HDRP/BlitColorAndDepth pass=ColorAndDepth ppOnly=0 stripLineD=0 buildPlatform=20 rsLen=0 pKW=UNITY_ENABLE_REFLECTION_BUFFERS UNITY_USE_DITHER_MASK_FOR_ALPHABLENDED_SHADOWS UNITY_PBS_USE_BRDF1 UNITY_SPECCUBE_BOX_PROJECTION UNITY_SPECCUBE_BLENDING UNITY_ENABLE_DETAIL_NORMALMAP SHADER_API_DESKTOP UNITY_LIGHT_PROBE_PROXY_VOLUME UNITY_LIGHTMAP_FULL_HDR UNITY_PLATFORM_SUPPORTS_DEPTH_FETCH uKW= dKW=DISABLE_TEXTURE2D_X_ARRAY BLIT_SINGLE_SLICE _MSAA_2X _MSAA_4X _MSAA_8X UNITY_NO_DXT5nm UNITY_FRAMEBUFFER_FETCH_AVAILABLE UNITY_METAL_SHADOWS_USE_POINT_FILTERING UNITY_NO_SCREENSPACE_SHADOWS UNITY_PBS_USE_BRDF2 UNITY_PBS_USE_BRDF3 UNITY_HARDWARE_TIER1 UNITY_HARDWARE_TIER2 UNITY_HARDWARE_TIER3 UNITY_COLORSPACE_GAMMA UNITY_LIGHTMAP_DLDR_ENCODING UNITY_LIGHTMAP_RGBM_ENCODING UNITY_VIRTUAL_TEXTURING UNITY_PRETRANSFORM_TO_DISPLAY_ORIENTATION UNITY_ASTC_NORMALMAP_ENCODING SHADER_API_GLES30 SHADER_API_GLES31 SHADER_API_GLES32 UNITY_UNIFIED_SHADER_PRECISION_MODEL flags=0 lang=3 type=Fragment platform=dx11 reqs=1101803 mask=6 start=37 toolchain=1
RunExternalCompiler: begin name=FXC
RunExternalCompiler: end
compileSnippet complete
 ok=1 outsize=558

Cmd: compileSnippet
  insize=1718 file=Packages/com.unity.render-pipelines.high-definition/Runtime/ShaderLibrary/BlitColorAndDepth.shader name=Hidden/HDRP/BlitColorAndDepth pass=DepthOnly ppOnly=0 stripLineD=0 buildPlatform=20 rsLen=0 pKW=UNITY_ENABLE_REFLECTION_BUFFERS UNITY_USE_DITHER_MASK_FOR_ALPHABLENDED_SHADOWS UNITY_PBS_USE_BRDF1 UNITY_SPECCUBE_BOX_PROJECTION UNITY_SPECCUBE_BLENDING UNITY_ENABLE_DETAIL_NORMALMAP SHADER_API_DESKTOP UNITY_LIGHT_PROBE_PROXY_VOLUME UNITY_LIGHTMAP_FULL_HDR UNITY_PLATFORM_SUPPORTS_DEPTH_FETCH uKW= dKW=DISABLE_TEXTURE2D_X_ARRAY BLIT_SINGLE_SLICE _MSAA_2X _MSAA_4X _MSAA_8X UNITY_NO_DXT5nm UNITY_FRAMEBUFFER_FETCH_AVAILABLE UNITY_METAL_SHADOWS_USE_POINT_FILTERING UNITY_NO_SCREENSPACE_SHADOWS UNITY_PBS_USE_BRDF2 UNITY_PBS_USE_BRDF3 UNITY_HARDWARE_TIER1 UNITY_HARDWARE_TIER2 UNITY_HARDWARE_TIER3 UNITY_COLORSPACE_GAMMA UNITY_LIGHTMAP_DLDR_ENCODING UNITY_LIGHTMAP_RGBM_ENCODING UNITY_VIRTUAL_TEXTURING UNITY_PRETRANSFORM_TO_DISPLAY_ORIENTATION UNITY_ASTC_NORMALMAP_ENCODING SHADER_API_GLES30 SHADER_API_GLES31 SHADER_API_GLES32 UNITY_UNIFIED_SHADER_PRECISION_MODEL flags=0 lang=3 type=Fragment platform=dx11 reqs=1101803 mask=6 start=49 toolchain=1
RunExternalCompiler: begin name=FXC
RunExternalCompiler: end
compileSnippet complete
 ok=1 outsize=454

Cmd: compileSnippet
  insize=8542 file=Packages/com.unity.render-pipelines.universal/Shaders/SimpleLit.shader name=Universal Render Pipeline/Simple Lit pass=ForwardLit ppOnly=0 stripLineD=0 buildPlatform=20 rsLen=0 pKW=UNITY_ENABLE_REFLECTION_BUFFERS UNITY_USE_DITHER_MASK_FOR_ALPHABLENDED_SHADOWS UNITY_PBS_USE_BRDF1 UNITY_SPECCUBE_BOX_PROJECTION UNITY_SPECCUBE_BLENDING UNITY_ENABLE_DETAIL_NORMALMAP SHADER_API_DESKTOP UNITY_LIGHT_PROBE_PROXY_VOLUME UNITY_LIGHTMAP_FULL_HDR UNITY_PLATFORM_SUPPORTS_DEPTH_FETCH uKW= dKW=_ADDITIONAL_LIGHT_SHADOWS _SHADOWS_SOFT _SHADOWS_SOFT_LOW _SHADOWS_SOFT_MEDIUM _SHADOWS_SOFT_HIGH _SCREEN_SPACE_OCCLUSION _SCREEN_SPACE_IRRADIANCE _DBUFFER_MRT1 _DBUFFER_MRT2 _DBUFFER_MRT3 _LIGHT_COOKIES _WRITE_RENDERING_LAYERS LIGHTMAP_BICUBIC_SAMPLING REFLECTION_PROBE_ROTATION DEBUG_DISPLAY _MAIN_LIGHT_SHADOWS _MAIN_LIGHT_SHADOWS_CASCADE _MAIN_LIGHT_SHADOWS_SCREEN _ADDITIONAL_LIGHTS_VERTEX _ADDITIONAL_LIGHTS EVALUATE_SH_MIXED EVALUATE_SH_VERTEX LIGHTMAP_SHADOW_MIXING SHADOWS_SHADOWMASK _LIGHT_LAYERS _CLUSTER_LIGHT_LOOP PROBE_VOLUMES_L1 PROBE_VOLUMES_L2 DIRLIGHTMAP_COMBINED LIGHTMAP_ON DYNAMICLIGHTMAP_ON USE_LEGACY_LIGHTMAPS LOD_FADE_CROSSFADE DOTS_INSTANCING_ON FOG_LINEAR FOG_EXP FOG_EXP2 INSTANCING_ON _EMISSION _SURFACE_TYPE_TRANSPARENT _ALPHATEST_ON _ALPHAPREMULTIPLY_ON _ALPHAMODULATE_ON _SPECGLOSSMAP _SPECULAR_COLOR _GLOSSINESS_FROM_BASE_ALPHA _NORMALMAP _RECEIVE_SHADOWS_OFF UNITY_NO_DXT5nm UNITY_FRAMEBUFFER_FETCH_AVAILABLE UNITY_METAL_SHADOWS_USE_POINT_FILTERING UNITY_NO_SCREENSPACE_SHADOWS UNITY_PBS_USE_BRDF2 UNITY_PBS_USE_BRDF3 UNITY_HARDWARE_TIER1 UNITY_HARDWARE_TIER2 UNITY_HARDWARE_TIER3 UNITY_COLORSPACE_GAMMA UNITY_LIGHTMAP_DLDR_ENCODING UNITY_LIGHTMAP_RGBM_ENCODING UNITY_VIRTUAL_TEXTURING UNITY_PRETRANSFORM_TO_DISPLAY_ORIENTATION UNITY_ASTC_NORMALMAP_ENCODING SHADER_API_GLES30 SHADER_API_GLES31 SHADER_API_GLES32 UNITY_UNIFIED_SHADER_PRECISION_MODEL flags=0 lang=3 type=Fragment platform=dx11 reqs=1 mask=6 start=84 toolchain=1
RunExternalCompiler: begin name=FXC
RunExternalCompiler: end
compileSnippet complete
 ok=1 outsize=1170

Cmd: compileSnippet
  insize=2418 file=Packages/com.unity.render-pipelines.universal/Shaders/SimpleLit.shader name=Universal Render Pipeline/Simple Lit pass=ShadowCaster ppOnly=0 stripLineD=0 buildPlatform=20 rsLen=0 pKW=UNITY_ENABLE_REFLECTION_BUFFERS UNITY_USE_DITHER_MASK_FOR_ALPHABLENDED_SHADOWS UNITY_PBS_USE_BRDF1 UNITY_SPECCUBE_BOX_PROJECTION UNITY_SPECCUBE_BLENDING UNITY_ENABLE_DETAIL_NORMALMAP SHADER_API_DESKTOP UNITY_LIGHT_PROBE_PROXY_VOLUME UNITY_LIGHTMAP_FULL_HDR UNITY_PLATFORM_SUPPORTS_DEPTH_FETCH UNITY_PASS_SHADOWCASTER uKW= dKW=LOD_FADE_CROSSFADE DOTS_INSTANCING_ON INSTANCING_ON _GLOSSINESS_FROM_BASE_ALPHA _ALPHATEST_ON UNITY_NO_DXT5nm UNITY_FRAMEBUFFER_FETCH_AVAILABLE UNITY_METAL_SHADOWS_USE_POINT_FILTERING UNITY_NO_SCREENSPACE_SHADOWS UNITY_PBS_USE_BRDF2 UNITY_PBS_USE_BRDF3 UNITY_HARDWARE_TIER1 UNITY_HARDWARE_TIER2 UNITY_HARDWARE_TIER3 UNITY_COLORSPACE_GAMMA UNITY_LIGHTMAP_DLDR_ENCODING UNITY_LIGHTMAP_RGBM_ENCODING UNITY_VIRTUAL_TEXTURING UNITY_PRETRANSFORM_TO_DISPLAY_ORIENTATION UNITY_ASTC_NORMALMAP_ENCODING SHADER_API_GLES30 SHADER_API_GLES31 SHADER_API_GLES32 UNITY_UNIFIED_SHADER_PRECISION_MODEL flags=0 lang=3 type=Fragment platform=dx11 reqs=1 mask=6 start=174 toolchain=1
RunExternalCompiler: begin name=FXC
RunExternalCompiler: end
compileSnippet complete
 ok=1 outsize=250

Cmd: compileSnippet
  insize=6961 file=Packages/com.unity.render-pipelines.universal/Shaders/SimpleLit.shader name=Universal Render Pipeline/Simple Lit pass=GBuffer ppOnly=0 stripLineD=0 buildPlatform=20 rsLen=0 pKW=UNITY_ENABLE_REFLECTION_BUFFERS UNITY_USE_DITHER_MASK_FOR_ALPHABLENDED_SHADOWS UNITY_PBS_USE_BRDF1 UNITY_SPECCUBE_BOX_PROJECTION UNITY_SPECCUBE_BLENDING UNITY_ENABLE_DETAIL_NORMALMAP SHADER_API_DESKTOP UNITY_LIGHT_PROBE_PROXY_VOLUME UNITY_LIGHTMAP_FULL_HDR UNITY_PLATFORM_SUPPORTS_DEPTH_FETCH uKW= dKW=_SHADOWS_SOFT _SHADOWS_SOFT_LOW _SHADOWS_SOFT_MEDIUM _SHADOWS_SOFT_HIGH _DBUFFER_MRT1 _DBUFFER_MRT2 _DBUFFER_MRT3 _WRITE_RENDERING_LAYERS LIGHTMAP_BICUBIC_SAMPLING REFLECTION_PROBE_ROTATION _GBUFFER_NORMALS_OCT _RENDER_PASS_ENABLED _SCREEN_SPACE_IRRADIANCE _MAIN_LIGHT_SHADOWS _MAIN_LIGHT_SHADOWS_CASCADE _MAIN_LIGHT_SHADOWS_SCREEN EVALUATE_SH_MIXED EVALUATE_SH_VERTEX PROBE_VOLUMES_L1 PROBE_VOLUMES_L2 DIRLIGHTMAP_COMBINED LIGHTMAP_ON DYNAMICLIGHTMAP_ON USE_LEGACY_LIGHTMAPS LIGHTMAP_SHADOW_MIXING SHADOWS_SHADOWMASK LOD_FADE_CROSSFADE DOTS_INSTANCING_ON INSTANCING_ON _ALPHATEST_ON _SPECGLOSSMAP _SPECULAR_COLOR _GLOSSINESS_FROM_BASE_ALPHA _EMISSION _NORMALMAP _RECEIVE_SHADOWS_OFF UNITY_NO_DXT5nm UNITY_FRAMEBUFFER_FETCH_AVAILABLE UNITY_METAL_SHADOWS_USE_POINT_FILTERING UNITY_NO_SCREENSPACE_SHADOWS UNITY_PBS_USE_BRDF2 UNITY_PBS_USE_BRDF3 UNITY_HARDWARE_TIER1 UNITY_HARDWARE_TIER2 UNITY_HARDWARE_TIER3 UNITY_COLORSPACE_GAMMA UNITY_LIGHTMAP_DLDR_ENCODING UNITY_LIGHTMAP_RGBM_ENCODING UNITY_VIRTUAL_TEXTURING UNITY_PRETRANSFORM_TO_DISPLAY_ORIENTATION UNITY_ASTC_NORMALMAP_ENCODING SHADER_API_GLES30 SHADER_API_GLES31 SHADER_API_GLES32 UNITY_UNIFIED_SHADER_PRECISION_MODEL flags=0 lang=3 type=Fragment platform=dx11 reqs=1101803 mask=6 start=220 toolchain=1
RunExternalCompiler: begin name=FXC
RunExternalCompiler: end
compileSnippet complete
 ok=1 outsize=1226

Cmd: compileSnippet
  insize=2099 file=Packages/com.unity.render-pipelines.universal/Shaders/SimpleLit.shader name=Universal Render Pipeline/Simple Lit pass=DepthOnly ppOnly=0 stripLineD=0 buildPlatform=20 rsLen=0 pKW=UNITY_ENABLE_REFLECTION_BUFFERS UNITY_USE_DITHER_MASK_FOR_ALPHABLENDED_SHADOWS UNITY_PBS_USE_BRDF1 UNITY_SPECCUBE_BOX_PROJECTION UNITY_SPECCUBE_BLENDING UNITY_ENABLE_DETAIL_NORMALMAP SHADER_API_DESKTOP UNITY_LIGHT_PROBE_PROXY_VOLUME UNITY_LIGHTMAP_FULL_HDR UNITY_PLATFORM_SUPPORTS_DEPTH_FETCH uKW= dKW=LOD_FADE_CROSSFADE DOTS_INSTANCING_ON INSTANCING_ON _GLOSSINESS_FROM_BASE_ALPHA _ALPHATEST_ON UNITY_NO_DXT5nm UNITY_FRAMEBUFFER_FETCH_AVAILABLE UNITY_METAL_SHADOWS_USE_POINT_FILTERING UNITY_NO_SCREENSPACE_SHADOWS UNITY_PBS_USE_BRDF2 UNITY_PBS_USE_BRDF3 UNITY_HARDWARE_TIER1 UNITY_HARDWARE_TIER2 UNITY_HARDWARE_TIER3 UNITY_COLORSPACE_GAMMA UNITY_LIGHTMAP_DLDR_ENCODING UNITY_LIGHTMAP_RGBM_ENCODING UNITY_VIRTUAL_TEXTURING UNITY_PRETRANSFORM_TO_DISPLAY_ORIENTATION UNITY_ASTC_NORMALMAP_ENCODING SHADER_API_GLES30 SHADER_API_GLES31 SHADER_API_GLES32 UNITY_UNIFIED_SHADER_PRECISION_MODEL flags=0 lang=3 type=Fragment platform=dx11 reqs=1 mask=6 start=301 toolchain=1
RunExternalCompiler: begin name=FXC
RunExternalCompiler: end
compileSnippet complete
 ok=1 outsize=254

Cmd: compileSnippet
  insize=2781 file=Packages/com.unity.render-pipelines.universal/Shaders/SimpleLit.shader name=Universal Render Pipeline/Simple Lit pass=DepthNormals ppOnly=0 stripLineD=0 buildPlatform=20 rsLen=0 pKW=UNITY_ENABLE_REFLECTION_BUFFERS UNITY_USE_DITHER_MASK_FOR_ALPHABLENDED_SHADOWS UNITY_PBS_USE_BRDF1 UNITY_SPECCUBE_BOX_PROJECTION UNITY_SPECCUBE_BLENDING UNITY_ENABLE_DETAIL_NORMALMAP SHADER_API_DESKTOP UNITY_LIGHT_PROBE_PROXY_VOLUME UNITY_LIGHTMAP_FULL_HDR UNITY_PLATFORM_SUPPORTS_DEPTH_FETCH uKW= dKW=_WRITE_RENDERING_LAYERS _GBUFFER_NORMALS_OCT LOD_FADE_CROSSFADE DOTS_INSTANCING_ON INSTANCING_ON _GLOSSINESS_FROM_BASE_ALPHA _SCREENSPACEREFLECTIONSCONTRIBUTETRANSPARENT_OFF _NORMALMAP _ALPHATEST_ON UNITY_NO_DXT5nm UNITY_FRAMEBUFFER_FETCH_AVAILABLE UNITY_METAL_SHADOWS_USE_POINT_FILTERING UNITY_NO_SCREENSPACE_SHADOWS UNITY_PBS_USE_BRDF2 UNITY_PBS_USE_BRDF3 UNITY_HARDWARE_TIER1 UNITY_HARDWARE_TIER2 UNITY_HARDWARE_TIER3 UNITY_COLORSPACE_GAMMA UNITY_LIGHTMAP_DLDR_ENCODING UNITY_LIGHTMAP_RGBM_ENCODING UNITY_VIRTUAL_TEXTURING UNITY_PRETRANSFORM_TO_DISPLAY_ORIENTATION UNITY_ASTC_NORMALMAP_ENCODING SHADER_API_GLES30 SHADER_API_GLES31 SHADER_API_GLES32 UNITY_UNIFIED_SHADER_PRECISION_MODEL flags=0 lang=3 type=Fragment platform=dx11 reqs=1 mask=6 start=344 toolchain=1
RunExternalCompiler: begin name=FXC
RunExternalCompiler: end
compileSnippet complete
 ok=1 outsize=394

Cmd: compileSnippet
  insize=1519 file=Packages/com.unity.render-pipelines.universal/Shaders/SimpleLit.shader name=Universal Render Pipeline/Simple Lit pass=Meta ppOnly=0 stripLineD=0 buildPlatform=20 rsLen=0 pKW=UNITY_ENABLE_REFLECTION_BUFFERS UNITY_USE_DITHER_MASK_FOR_ALPHABLENDED_SHADOWS UNITY_PBS_USE_BRDF1 UNITY_SPECCUBE_BOX_PROJECTION UNITY_SPECCUBE_BLENDING UNITY_ENABLE_DETAIL_NORMALMAP SHADER_API_DESKTOP UNITY_LIGHT_PROBE_PROXY_VOLUME UNITY_LIGHTMAP_FULL_HDR UNITY_PLATFORM_SUPPORTS_DEPTH_FETCH UNITY_PASS_META uKW= dKW=EDITOR_VISUALIZATION _EMISSION _SPECGLOSSMAP UNITY_NO_DXT5nm UNITY_FRAMEBUFFER_FETCH_AVAILABLE UNITY_METAL_SHADOWS_USE_POINT_FILTERING UNITY_NO_SCREENSPACE_SHADOWS UNITY_PBS_USE_BRDF2 UNITY_PBS_USE_BRDF3 UNITY_HARDWARE_TIER1 UNITY_HARDWARE_TIER2 UNITY_HARDWARE_TIER3 UNITY_COLORSPACE_GAMMA UNITY_LIGHTMAP_DLDR_ENCODING UNITY_LIGHTMAP_RGBM_ENCODING UNITY_VIRTUAL_TEXTURING UNITY_PRETRANSFORM_TO_DISPLAY_ORIENTATION UNITY_ASTC_NORMALMAP_ENCODING SHADER_API_GLES30 SHADER_API_GLES31 SHADER_API_GLES32 UNITY_UNIFIED_SHADER_PRECISION_MODEL flags=0 lang=3 type=Fragment platform=dx11 reqs=1 mask=6 start=392 toolchain=1
RunExternalCompiler: begin name=FXC
RunExternalCompiler: end
compileSnippet complete
 ok=1 outsize=682

Cmd: compileSnippet
  insize=1296 file=Packages/com.unity.render-pipelines.universal/Shaders/SimpleLit.shader name=Universal Render Pipeline/Simple Lit pass=Universal2D ppOnly=0 stripLineD=0 buildPlatform=20 rsLen=0 pKW=UNITY_ENABLE_REFLECTION_BUFFERS UNITY_USE_DITHER_MASK_FOR_ALPHABLENDED_SHADOWS UNITY_PBS_USE_BRDF1 UNITY_SPECCUBE_BOX_PROJECTION UNITY_SPECCUBE_BLENDING UNITY_ENABLE_DETAIL_NORMALMAP SHADER_API_DESKTOP UNITY_LIGHT_PROBE_PROXY_VOLUME UNITY_LIGHTMAP_FULL_HDR UNITY_PLATFORM_SUPPORTS_DEPTH_FETCH uKW= dKW=_ALPHATEST_ON _ALPHAPREMULTIPLY_ON UNITY_NO_DXT5nm UNITY_FRAMEBUFFER_FETCH_AVAILABLE UNITY_METAL_SHADOWS_USE_POINT_FILTERING UNITY_NO_SCREENSPACE_SHADOWS UNITY_PBS_USE_BRDF2 UNITY_PBS_USE_BRDF3 UNITY_HARDWARE_TIER1 UNITY_HARDWARE_TIER2 UNITY_HARDWARE_TIER3 UNITY_COLORSPACE_GAMMA UNITY_LIGHTMAP_DLDR_ENCODING UNITY_LIGHTMAP_RGBM_ENCODING UNITY_VIRTUAL_TEXTURING UNITY_PRETRANSFORM_TO_DISPLAY_ORIENTATION UNITY_ASTC_NORMALMAP_ENCODING SHADER_API_GLES30 SHADER_API_GLES31 SHADER_API_GLES32 UNITY_UNIFIED_SHADER_PRECISION_MODEL flags=0 lang=3 type=Fragment platform=dx11 reqs=1 mask=6 start=424 toolchain=1
RunExternalCompiler: begin name=FXC
RunExternalCompiler: end
compileSnippet complete
 ok=1 outsize=414

Cmd: compileSnippet
  insize=1577 file=Packages/com.unity.render-pipelines.universal/Shaders/SimpleLit.shader name=Universal Render Pipeline/Simple Lit pass=MotionVectors ppOnly=0 stripLineD=0 buildPlatform=20 rsLen=0 pKW=UNITY_ENABLE_REFLECTION_BUFFERS UNITY_USE_DITHER_MASK_FOR_ALPHABLENDED_SHADOWS UNITY_PBS_USE_BRDF1 UNITY_SPECCUBE_BOX_PROJECTION UNITY_SPECCUBE_BLENDING UNITY_ENABLE_DETAIL_NORMALMAP SHADER_API_DESKTOP UNITY_LIGHT_PROBE_PROXY_VOLUME UNITY_LIGHTMAP_FULL_HDR UNITY_PLATFORM_SUPPORTS_DEPTH_FETCH UNITY_PASS_MOTIONVECTORS uKW= dKW=LOD_FADE_CROSSFADE DOTS_INSTANCING_ON INSTANCING_ON _ALPHATEST_ON UNITY_NO_DXT5nm UNITY_FRAMEBUFFER_FETCH_AVAILABLE UNITY_METAL_SHADOWS_USE_POINT_FILTERING UNITY_NO_SCREENSPACE_SHADOWS UNITY_PBS_USE_BRDF2 UNITY_PBS_USE_BRDF3 UNITY_HARDWARE_TIER1 UNITY_HARDWARE_TIER2 UNITY_HARDWARE_TIER3 UNITY_COLORSPACE_GAMMA UNITY_LIGHTMAP_DLDR_ENCODING UNITY_LIGHTMAP_RGBM_ENCODING UNITY_VIRTUAL_TEXTURING UNITY_PRETRANSFORM_TO_DISPLAY_ORIENTATION UNITY_ASTC_NORMALMAP_ENCODING SHADER_API_GLES30 SHADER_API_GLES31 SHADER_API_GLES32 UNITY_UNIFIED_SHADER_PRECISION_MODEL flags=0 lang=3 type=Fragment platform=dx11 reqs=4075 mask=6 start=450 toolchain=1
RunExternalCompiler: begin name=FXC
RunExternalCompiler: end
compileSnippet complete
 ok=1 outsize=646

Cmd: compileSnippet
  insize=1859 file=Packages/com.unity.render-pipelines.universal/Shaders/SimpleLit.shader name=Universal Render Pipeline/Simple Lit pass=XRMotionVectors ppOnly=0 stripLineD=0 buildPlatform=20 rsLen=0 pKW=UNITY_ENABLE_REFLECTION_BUFFERS UNITY_USE_DITHER_MASK_FOR_ALPHABLENDED_SHADOWS UNITY_PBS_USE_BRDF1 UNITY_SPECCUBE_BOX_PROJECTION UNITY_SPECCUBE_BLENDING UNITY_ENABLE_DETAIL_NORMALMAP SHADER_API_DESKTOP UNITY_LIGHT_PROBE_PROXY_VOLUME UNITY_LIGHTMAP_FULL_HDR UNITY_PLATFORM_SUPPORTS_DEPTH_FETCH uKW= dKW=LOD_FADE_CROSSFADE APPLICATION_SPACE_WARP_MOTION_TRANSPARENT DOTS_INSTANCING_ON INSTANCING_ON _ALPHATEST_ON UNITY_NO_DXT5nm UNITY_FRAMEBUFFER_FETCH_AVAILABLE UNITY_METAL_SHADOWS_USE_POINT_FILTERING UNITY_NO_SCREENSPACE_SHADOWS UNITY_PBS_USE_BRDF2 UNITY_PBS_USE_BRDF3 UNITY_HARDWARE_TIER1 UNITY_HARDWARE_TIER2 UNITY_HARDWARE_TIER3 UNITY_COLORSPACE_GAMMA UNITY_LIGHTMAP_DLDR_ENCODING UNITY_LIGHTMAP_RGBM_ENCODING UNITY_VIRTUAL_TEXTURING UNITY_PRETRANSFORM_TO_DISPLAY_ORIENTATION UNITY_ASTC_NORMALMAP_ENCODING SHADER_API_GLES30 SHADER_API_GLES31 SHADER_API_GLES32 UNITY_UNIFIED_SHADER_PRECISION_MODEL flags=0 lang=3 type=Fragment platform=dx11 reqs=4075 mask=6 start=475 toolchain=1
RunExternalCompiler: begin name=FXC
RunExternalCompiler: end
compileSnippet complete
 ok=1 outsize=586

Cmd: compileSnippet
  insize=1840 file=Packages/com.unity.render-pipelines.universal/Shaders/Utils/CoreBlit.shader name=Hidden/Universal/CoreBlit pass=Nearest ppOnly=0 stripLineD=0 buildPlatform=20 rsLen=0 pKW=UNITY_ENABLE_REFLECTION_BUFFERS UNITY_USE_DITHER_MASK_FOR_ALPHABLENDED_SHADOWS UNITY_PBS_USE_BRDF1 UNITY_SPECCUBE_BOX_PROJECTION UNITY_SPECCUBE_BLENDING UNITY_ENABLE_DETAIL_NORMALMAP SHADER_API_DESKTOP UNITY_LIGHT_PROBE_PROXY_VOLUME UNITY_LIGHTMAP_FULL_HDR UNITY_PLATFORM_SUPPORTS_DEPTH_FETCH uKW= dKW=UNITY_NO_DXT5nm UNITY_FRAMEBUFFER_FETCH_AVAILABLE UNITY_METAL_SHADOWS_USE_POINT_FILTERING UNITY_NO_SCREENSPACE_SHADOWS UNITY_PBS_USE_BRDF2 UNITY_PBS_USE_BRDF3 UNITY_HARDWARE_TIER1 UNITY_HARDWARE_TIER2 UNITY_HARDWARE_TIER3 UNITY_COLORSPACE_GAMMA UNITY_LIGHTMAP_DLDR_ENCODING UNITY_LIGHTMAP_RGBM_ENCODING UNITY_VIRTUAL_TEXTURING UNITY_PRETRANSFORM_TO_DISPLAY_ORIENTATION UNITY_ASTC_NORMALMAP_ENCODING SHADER_API_GLES30 SHADER_API_GLES31 SHADER_API_GLES32 UNITY_UNIFIED_SHADER_PRECISION_MODEL flags=0 lang=3 type=Fragment platform=dx11 reqs=1 mask=6 start=49 toolchain=1
RunExternalCompiler: begin name=FXC
RunExternalCompiler: end
compileSnippet complete
 ok=1 outsize=358

Cmd: compileSnippet
  insize=1841 file=Packages/com.unity.render-pipelines.universal/Shaders/Utils/CoreBlit.shader name=Hidden/Universal/CoreBlit pass=Bilinear ppOnly=0 stripLineD=0 buildPlatform=20 rsLen=0 pKW=UNITY_ENABLE_REFLECTION_BUFFERS UNITY_USE_DITHER_MASK_FOR_ALPHABLENDED_SHADOWS UNITY_PBS_USE_BRDF1 UNITY_SPECCUBE_BOX_PROJECTION UNITY_SPECCUBE_BLENDING UNITY_ENABLE_DETAIL_NORMALMAP SHADER_API_DESKTOP UNITY_LIGHT_PROBE_PROXY_VOLUME UNITY_LIGHTMAP_FULL_HDR UNITY_PLATFORM_SUPPORTS_DEPTH_FETCH uKW= dKW=UNITY_NO_DXT5nm UNITY_FRAMEBUFFER_FETCH_AVAILABLE UNITY_METAL_SHADOWS_USE_POINT_FILTERING UNITY_NO_SCREENSPACE_SHADOWS UNITY_PBS_USE_BRDF2 UNITY_PBS_USE_BRDF3 UNITY_HARDWARE_TIER1 UNITY_HARDWARE_TIER2 UNITY_HARDWARE_TIER3 UNITY_COLORSPACE_GAMMA UNITY_LIGHTMAP_DLDR_ENCODING UNITY_LIGHTMAP_RGBM_ENCODING UNITY_VIRTUAL_TEXTURING UNITY_PRETRANSFORM_TO_DISPLAY_ORIENTATION UNITY_ASTC_NORMALMAP_ENCODING SHADER_API_GLES30 SHADER_API_GLES31 SHADER_API_GLES32 UNITY_UNIFIED_SHADER_PRECISION_MODEL flags=0 lang=3 type=Fragment platform=dx11 reqs=1 mask=6 start=61 toolchain=1
RunExternalCompiler: begin name=FXC
RunExternalCompiler: end
compileSnippet complete
 ok=1 outsize=358

Cmd: compileSnippet
  insize=1844 file=Packages/com.unity.render-pipelines.universal/Shaders/Utils/CoreBlit.shader name=Hidden/Universal/CoreBlit pass=NearestQuad ppOnly=0 stripLineD=0 buildPlatform=20 rsLen=0 pKW=UNITY_ENABLE_REFLECTION_BUFFERS UNITY_USE_DITHER_MASK_FOR_ALPHABLENDED_SHADOWS UNITY_PBS_USE_BRDF1 UNITY_SPECCUBE_BOX_PROJECTION UNITY_SPECCUBE_BLENDING UNITY_ENABLE_DETAIL_NORMALMAP SHADER_API_DESKTOP UNITY_LIGHT_PROBE_PROXY_VOLUME UNITY_LIGHTMAP_FULL_HDR UNITY_PLATFORM_SUPPORTS_DEPTH_FETCH uKW= dKW=UNITY_NO_DXT5nm UNITY_FRAMEBUFFER_FETCH_AVAILABLE UNITY_METAL_SHADOWS_USE_POINT_FILTERING UNITY_NO_SCREENSPACE_SHADOWS UNITY_PBS_USE_BRDF2 UNITY_PBS_USE_BRDF3 UNITY_HARDWARE_TIER1 UNITY_HARDWARE_TIER2 UNITY_HARDWARE_TIER3 UNITY_COLORSPACE_GAMMA UNITY_LIGHTMAP_DLDR_ENCODING UNITY_LIGHTMAP_RGBM_ENCODING UNITY_VIRTUAL_TEXTURING UNITY_PRETRANSFORM_TO_DISPLAY_ORIENTATION UNITY_ASTC_NORMALMAP_ENCODING SHADER_API_GLES30 SHADER_API_GLES31 SHADER_API_GLES32 UNITY_UNIFIED_SHADER_PRECISION_MODEL flags=0 lang=3 type=Fragment platform=dx11 reqs=1 mask=6 start=73 toolchain=1
RunExternalCompiler: begin name=FXC
RunExternalCompiler: end
compileSnippet complete
 ok=1 outsize=358

Cmd: compileSnippet
  insize=1845 file=Packages/com.unity.render-pipelines.universal/Shaders/Utils/CoreBlit.shader name=Hidden/Universal/CoreBlit pass=BilinearQuad ppOnly=0 stripLineD=0 buildPlatform=20 rsLen=0 pKW=UNITY_ENABLE_REFLECTION_BUFFERS UNITY_USE_DITHER_MASK_FOR_ALPHABLENDED_SHADOWS UNITY_PBS_USE_BRDF1 UNITY_SPECCUBE_BOX_PROJECTION UNITY_SPECCUBE_BLENDING UNITY_ENABLE_DETAIL_NORMALMAP SHADER_API_DESKTOP UNITY_LIGHT_PROBE_PROXY_VOLUME UNITY_LIGHTMAP_FULL_HDR UNITY_PLATFORM_SUPPORTS_DEPTH_FETCH uKW= dKW=UNITY_NO_DXT5nm UNITY_FRAMEBUFFER_FETCH_AVAILABLE UNITY_METAL_SHADOWS_USE_POINT_FILTERING UNITY_NO_SCREENSPACE_SHADOWS UNITY_PBS_USE_BRDF2 UNITY_PBS_USE_BRDF3 UNITY_HARDWARE_TIER1 UNITY_HARDWARE_TIER2 UNITY_HARDWARE_TIER3 UNITY_COLORSPACE_GAMMA UNITY_LIGHTMAP_DLDR_ENCODING UNITY_LIGHTMAP_RGBM_ENCODING UNITY_VIRTUAL_TEXTURING UNITY_PRETRANSFORM_TO_DISPLAY_ORIENTATION UNITY_ASTC_NORMALMAP_ENCODING SHADER_API_GLES30 SHADER_API_GLES31 SHADER_API_GLES32 UNITY_UNIFIED_SHADER_PRECISION_MODEL flags=0 lang=3 type=Fragment platform=dx11 reqs=1 mask=6 start=85 toolchain=1
RunExternalCompiler: begin name=FXC
RunExternalCompiler: end
compileSnippet complete
 ok=1 outsize=358

Cmd: compileSnippet
  insize=1851 file=Packages/com.unity.render-pipelines.universal/Shaders/Utils/CoreBlit.shader name=Hidden/Universal/CoreBlit pass=NearestQuadPadding ppOnly=0 stripLineD=0 buildPlatform=20 rsLen=0 pKW=UNITY_ENABLE_REFLECTION_BUFFERS UNITY_USE_DITHER_MASK_FOR_ALPHABLENDED_SHADOWS UNITY_PBS_USE_BRDF1 UNITY_SPECCUBE_BOX_PROJECTION UNITY_SPECCUBE_BLENDING UNITY_ENABLE_DETAIL_NORMALMAP SHADER_API_DESKTOP UNITY_LIGHT_PROBE_PROXY_VOLUME UNITY_LIGHTMAP_FULL_HDR UNITY_PLATFORM_SUPPORTS_DEPTH_FETCH uKW= dKW=UNITY_NO_DXT5nm UNITY_FRAMEBUFFER_FETCH_AVAILABLE UNITY_METAL_SHADOWS_USE_POINT_FILTERING UNITY_NO_SCREENSPACE_SHADOWS UNITY_PBS_USE_BRDF2 UNITY_PBS_USE_BRDF3 UNITY_HARDWARE_TIER1 UNITY_HARDWARE_TIER2 UNITY_HARDWARE_TIER3 UNITY_COLORSPACE_GAMMA UNITY_LIGHTMAP_DLDR_ENCODING UNITY_LIGHTMAP_RGBM_ENCODING UNITY_VIRTUAL_TEXTURING UNITY_PRETRANSFORM_TO_DISPLAY_ORIENTATION UNITY_ASTC_NORMALMAP_ENCODING SHADER_API_GLES30 SHADER_API_GLES31 SHADER_API_GLES32 UNITY_UNIFIED_SHADER_PRECISION_MODEL flags=0 lang=3 type=Fragment platform=dx11 reqs=1 mask=6 start=97 toolchain=1
RunExternalCompiler: begin name=FXC
RunExternalCompiler: end
compileSnippet complete
 ok=1 outsize=358

Cmd: compileSnippet
  insize=1854 file=Packages/com.unity.render-pipelines.universal/Shaders/Utils/CoreBlit.shader name=Hidden/Universal/CoreBlit pass=BilinearQuadPadding ppOnly=0 stripLineD=0 buildPlatform=20 rsLen=0 pKW=UNITY_ENABLE_REFLECTION_BUFFERS UNITY_USE_DITHER_MASK_FOR_ALPHABLENDED_SHADOWS UNITY_PBS_USE_BRDF1 UNITY_SPECCUBE_BOX_PROJECTION UNITY_SPECCUBE_BLENDING UNITY_ENABLE_DETAIL_NORMALMAP SHADER_API_DESKTOP UNITY_LIGHT_PROBE_PROXY_VOLUME UNITY_LIGHTMAP_FULL_HDR UNITY_PLATFORM_SUPPORTS_DEPTH_FETCH uKW= dKW=UNITY_NO_DXT5nm UNITY_FRAMEBUFFER_FETCH_AVAILABLE UNITY_METAL_SHADOWS_USE_POINT_FILTERING UNITY_NO_SCREENSPACE_SHADOWS UNITY_PBS_USE_BRDF2 UNITY_PBS_USE_BRDF3 UNITY_HARDWARE_TIER1 UNITY_HARDWARE_TIER2 UNITY_HARDWARE_TIER3 UNITY_COLORSPACE_GAMMA UNITY_LIGHTMAP_DLDR_ENCODING UNITY_LIGHTMAP_RGBM_ENCODING UNITY_VIRTUAL_TEXTURING UNITY_PRETRANSFORM_TO_DISPLAY_ORIENTATION UNITY_ASTC_NORMALMAP_ENCODING SHADER_API_GLES30 SHADER_API_GLES31 SHADER_API_GLES32 UNITY_UNIFIED_SHADER_PRECISION_MODEL flags=0 lang=3 type=Fragment platform=dx11 reqs=1 mask=6 start=109 toolchain=1
RunExternalCompiler: begin name=FXC
RunExternalCompiler: end
compileSnippet complete
 ok=1 outsize=358

Cmd: compileSnippet
  insize=1859 file=Packages/com.unity.render-pipelines.universal/Shaders/Utils/CoreBlit.shader name=Hidden/Universal/CoreBlit pass=NearestQuadPaddingRepeat ppOnly=0 stripLineD=0 buildPlatform=20 rsLen=0 pKW=UNITY_ENABLE_REFLECTION_BUFFERS UNITY_USE_DITHER_MASK_FOR_ALPHABLENDED_SHADOWS UNITY_PBS_USE_BRDF1 UNITY_SPECCUBE_BOX_PROJECTION UNITY_SPECCUBE_BLENDING UNITY_ENABLE_DETAIL_NORMALMAP SHADER_API_DESKTOP UNITY_LIGHT_PROBE_PROXY_VOLUME UNITY_LIGHTMAP_FULL_HDR UNITY_PLATFORM_SUPPORTS_DEPTH_FETCH uKW= dKW=UNITY_NO_DXT5nm UNITY_FRAMEBUFFER_FETCH_AVAILABLE UNITY_METAL_SHADOWS_USE_POINT_FILTERING UNITY_NO_SCREENSPACE_SHADOWS UNITY_PBS_USE_BRDF2 UNITY_PBS_USE_BRDF3 UNITY_HARDWARE_TIER1 UNITY_HARDWARE_TIER2 UNITY_HARDWARE_TIER3 UNITY_COLORSPACE_GAMMA UNITY_LIGHTMAP_DLDR_ENCODING UNITY_LIGHTMAP_RGBM_ENCODING UNITY_VIRTUAL_TEXTURING UNITY_PRETRANSFORM_TO_DISPLAY_ORIENTATION UNITY_ASTC_NORMALMAP_ENCODING SHADER_API_GLES30 SHADER_API_GLES31 SHADER_API_GLES32 UNITY_UNIFIED_SHADER_PRECISION_MODEL flags=0 lang=3 type=Fragment platform=dx11 reqs=1 mask=6 start=121 toolchain=1
RunExternalCompiler: begin name=FXC
RunExternalCompiler: end
compileSnippet complete
 ok=1 outsize=358

Cmd: compileSnippet
  insize=1860 file=Packages/com.unity.render-pipelines.universal/Shaders/Utils/CoreBlit.shader name=Hidden/Universal/CoreBlit pass=BilinearQuadPaddingRepeat ppOnly=0 stripLineD=0 buildPlatform=20 rsLen=0 pKW=UNITY_ENABLE_REFLECTION_BUFFERS UNITY_USE_DITHER_MASK_FOR_ALPHABLENDED_SHADOWS UNITY_PBS_USE_BRDF1 UNITY_SPECCUBE_BOX_PROJECTION UNITY_SPECCUBE_BLENDING UNITY_ENABLE_DETAIL_NORMALMAP SHADER_API_DESKTOP UNITY_LIGHT_PROBE_PROXY_VOLUME UNITY_LIGHTMAP_FULL_HDR UNITY_PLATFORM_SUPPORTS_DEPTH_FETCH uKW= dKW=UNITY_NO_DXT5nm UNITY_FRAMEBUFFER_FETCH_AVAILABLE UNITY_METAL_SHADOWS_USE_POINT_FILTERING UNITY_NO_SCREENSPACE_SHADOWS UNITY_PBS_USE_BRDF2 UNITY_PBS_USE_BRDF3 UNITY_HARDWARE_TIER1 UNITY_HARDWARE_TIER2 UNITY_HARDWARE_TIER3 UNITY_COLORSPACE_GAMMA UNITY_LIGHTMAP_DLDR_ENCODING UNITY_LIGHTMAP_RGBM_ENCODING UNITY_VIRTUAL_TEXTURING UNITY_PRETRANSFORM_TO_DISPLAY_ORIENTATION UNITY_ASTC_NORMALMAP_ENCODING SHADER_API_GLES30 SHADER_API_GLES31 SHADER_API_GLES32 UNITY_UNIFIED_SHADER_PRECISION_MODEL flags=0 lang=3 type=Fragment platform=dx11 reqs=1 mask=6 start=133 toolchain=1
RunExternalCompiler: begin name=FXC
RunExternalCompiler: end
compileSnippet complete
 ok=1 outsize=358

Cmd: compileSnippet
  insize=1870 file=Packages/com.unity.render-pipelines.universal/Shaders/Utils/CoreBlit.shader name=Hidden/Universal/CoreBlit pass=BilinearQuadPaddingOctahedral ppOnly=0 stripLineD=0 buildPlatform=20 rsLen=0 pKW=UNITY_ENABLE_REFLECTION_BUFFERS UNITY_USE_DITHER_MASK_FOR_ALPHABLENDED_SHADOWS UNITY_PBS_USE_BRDF1 UNITY_SPECCUBE_BOX_PROJECTION UNITY_SPECCUBE_BLENDING UNITY_ENABLE_DETAIL_NORMALMAP SHADER_API_DESKTOP UNITY_LIGHT_PROBE_PROXY_VOLUME UNITY_LIGHTMAP_FULL_HDR UNITY_PLATFORM_SUPPORTS_DEPTH_FETCH uKW= dKW=UNITY_NO_DXT5nm UNITY_FRAMEBUFFER_FETCH_AVAILABLE UNITY_METAL_SHADOWS_USE_POINT_FILTERING UNITY_NO_SCREENSPACE_SHADOWS UNITY_PBS_USE_BRDF2 UNITY_PBS_USE_BRDF3 UNITY_HARDWARE_TIER1 UNITY_HARDWARE_TIER2 UNITY_HARDWARE_TIER3 UNITY_COLORSPACE_GAMMA UNITY_LIGHTMAP_DLDR_ENCODING UNITY_LIGHTMAP_RGBM_ENCODING UNITY_VIRTUAL_TEXTURING UNITY_PRETRANSFORM_TO_DISPLAY_ORIENTATION UNITY_ASTC_NORMALMAP_ENCODING SHADER_API_GLES30 SHADER_API_GLES31 SHADER_API_GLES32 UNITY_UNIFIED_SHADER_PRECISION_MODEL flags=0 lang=3 type=Fragment platform=dx11 reqs=1 mask=6 start=145 toolchain=1
RunExternalCompiler: begin name=FXC
RunExternalCompiler: end
compileSnippet complete
 ok=1 outsize=958

Cmd: compileSnippet
  insize=1894 file=Packages/com.unity.render-pipelines.universal/Shaders/Utils/CoreBlit.shader name=Hidden/Universal/CoreBlit pass=NearestQuadPaddingAlphaBlend ppOnly=0 stripLineD=0 buildPlatform=20 rsLen=0 pKW=UNITY_ENABLE_REFLECTION_BUFFERS UNITY_USE_DITHER_MASK_FOR_ALPHABLENDED_SHADOWS UNITY_PBS_USE_BRDF1 UNITY_SPECCUBE_BOX_PROJECTION UNITY_SPECCUBE_BLENDING UNITY_ENABLE_DETAIL_NORMALMAP SHADER_API_DESKTOP UNITY_LIGHT_PROBE_PROXY_VOLUME UNITY_LIGHTMAP_FULL_HDR UNITY_PLATFORM_SUPPORTS_DEPTH_FETCH uKW= dKW=UNITY_NO_DXT5nm UNITY_FRAMEBUFFER_FETCH_AVAILABLE UNITY_METAL_SHADOWS_USE_POINT_FILTERING UNITY_NO_SCREENSPACE_SHADOWS UNITY_PBS_USE_BRDF2 UNITY_PBS_USE_BRDF3 UNITY_HARDWARE_TIER1 UNITY_HARDWARE_TIER2 UNITY_HARDWARE_TIER3 UNITY_COLORSPACE_GAMMA UNITY_LIGHTMAP_DLDR_ENCODING UNITY_LIGHTMAP_RGBM_ENCODING UNITY_VIRTUAL_TEXTURING UNITY_PRETRANSFORM_TO_DISPLAY_ORIENTATION UNITY_ASTC_NORMALMAP_ENCODING SHADER_API_GLES30 SHADER_API_GLES31 SHADER_API_GLES32 UNITY_UNIFIED_SHADER_PRECISION_MODEL flags=0 lang=3 type=Fragment platform=dx11 reqs=1 mask=6 start=158 toolchain=1
RunExternalCompiler: begin name=FXC
RunExternalCompiler: end
compileSnippet complete
 ok=1 outsize=358

Cmd: compileSnippet
  insize=1895 file=Packages/com.unity.render-pipelines.universal/Shaders/Utils/CoreBlit.shader name=Hidden/Universal/CoreBlit pass=BilinearQuadPaddingAlphaBlend ppOnly=0 stripLineD=0 buildPlatform=20 rsLen=0 pKW=UNITY_ENABLE_REFLECTION_BUFFERS UNITY_USE_DITHER_MASK_FOR_ALPHABLENDED_SHADOWS UNITY_PBS_USE_BRDF1 UNITY_SPECCUBE_BOX_PROJECTION UNITY_SPECCUBE_BLENDING UNITY_ENABLE_DETAIL_NORMALMAP SHADER_API_DESKTOP UNITY_LIGHT_PROBE_PROXY_VOLUME UNITY_LIGHTMAP_FULL_HDR UNITY_PLATFORM_SUPPORTS_DEPTH_FETCH uKW= dKW=UNITY_NO_DXT5nm UNITY_FRAMEBUFFER_FETCH_AVAILABLE UNITY_METAL_SHADOWS_USE_POINT_FILTERING UNITY_NO_SCREENSPACE_SHADOWS UNITY_PBS_USE_BRDF2 UNITY_PBS_USE_BRDF3 UNITY_HARDWARE_TIER1 UNITY_HARDWARE_TIER2 UNITY_HARDWARE_TIER3 UNITY_COLORSPACE_GAMMA UNITY_LIGHTMAP_DLDR_ENCODING UNITY_LIGHTMAP_RGBM_ENCODING UNITY_VIRTUAL_TEXTURING UNITY_PRETRANSFORM_TO_DISPLAY_ORIENTATION UNITY_ASTC_NORMALMAP_ENCODING SHADER_API_GLES30 SHADER_API_GLES31 SHADER_API_GLES32 UNITY_UNIFIED_SHADER_PRECISION_MODEL flags=0 lang=3 type=Fragment platform=dx11 reqs=1 mask=6 start=171 toolchain=1
RunExternalCompiler: begin name=FXC
RunExternalCompiler: end
compileSnippet complete
 ok=1 outsize=358

Cmd: compileSnippet
  insize=1900 file=Packages/com.unity.render-pipelines.universal/Shaders/Utils/CoreBlit.shader name=Hidden/Universal/CoreBlit pass=NearestQuadPaddingAlphaBlendRepeat ppOnly=0 stripLineD=0 buildPlatform=20 rsLen=0 pKW=UNITY_ENABLE_REFLECTION_BUFFERS UNITY_USE_DITHER_MASK_FOR_ALPHABLENDED_SHADOWS UNITY_PBS_USE_BRDF1 UNITY_SPECCUBE_BOX_PROJECTION UNITY_SPECCUBE_BLENDING UNITY_ENABLE_DETAIL_NORMALMAP SHADER_API_DESKTOP UNITY_LIGHT_PROBE_PROXY_VOLUME UNITY_LIGHTMAP_FULL_HDR UNITY_PLATFORM_SUPPORTS_DEPTH_FETCH uKW= dKW=UNITY_NO_DXT5nm UNITY_FRAMEBUFFER_FETCH_AVAILABLE UNITY_METAL_SHADOWS_USE_POINT_FILTERING UNITY_NO_SCREENSPACE_SHADOWS UNITY_PBS_USE_BRDF2 UNITY_PBS_USE_BRDF3 UNITY_HARDWARE_TIER1 UNITY_HARDWARE_TIER2 UNITY_HARDWARE_TIER3 UNITY_COLORSPACE_GAMMA UNITY_LIGHTMAP_DLDR_ENCODING UNITY_LIGHTMAP_RGBM_ENCODING UNITY_VIRTUAL_TEXTURING UNITY_PRETRANSFORM_TO_DISPLAY_ORIENTATION UNITY_ASTC_NORMALMAP_ENCODING SHADER_API_GLES30 SHADER_API_GLES31 SHADER_API_GLES32 UNITY_UNIFIED_SHADER_PRECISION_MODEL flags=0 lang=3 type=Fragment platform=dx11 reqs=1 mask=6 start=184 toolchain=1
RunExternalCompiler: begin name=FXC
RunExternalCompiler: end
compileSnippet complete
 ok=1 outsize=358

Cmd: compileSnippet
  insize=1901 file=Packages/com.unity.render-pipelines.universal/Shaders/Utils/CoreBlit.shader name=Hidden/Universal/CoreBlit pass=BilinearQuadPaddingAlphaBlendRepeat ppOnly=0 stripLineD=0 buildPlatform=20 rsLen=0 pKW=UNITY_ENABLE_REFLECTION_BUFFERS UNITY_USE_DITHER_MASK_FOR_ALPHABLENDED_SHADOWS UNITY_PBS_USE_BRDF1 UNITY_SPECCUBE_BOX_PROJECTION UNITY_SPECCUBE_BLENDING UNITY_ENABLE_DETAIL_NORMALMAP SHADER_API_DESKTOP UNITY_LIGHT_PROBE_PROXY_VOLUME UNITY_LIGHTMAP_FULL_HDR UNITY_PLATFORM_SUPPORTS_DEPTH_FETCH uKW= dKW=UNITY_NO_DXT5nm UNITY_FRAMEBUFFER_FETCH_AVAILABLE UNITY_METAL_SHADOWS_USE_POINT_FILTERING UNITY_NO_SCREENSPACE_SHADOWS UNITY_PBS_USE_BRDF2 UNITY_PBS_USE_BRDF3 UNITY_HARDWARE_TIER1 UNITY_HARDWARE_TIER2 UNITY_HARDWARE_TIER3 UNITY_COLORSPACE_GAMMA UNITY_LIGHTMAP_DLDR_ENCODING UNITY_LIGHTMAP_RGBM_ENCODING UNITY_VIRTUAL_TEXTURING UNITY_PRETRANSFORM_TO_DISPLAY_ORIENTATION UNITY_ASTC_NORMALMAP_ENCODING SHADER_API_GLES30 SHADER_API_GLES31 SHADER_API_GLES32 UNITY_UNIFIED_SHADER_PRECISION_MODEL flags=0 lang=3 type=Fragment platform=dx11 reqs=1 mask=6 start=197 toolchain=1
RunExternalCompiler: begin name=FXC
RunExternalCompiler: end
compileSnippet complete
 ok=1 outsize=358

Cmd: compileSnippet
  insize=1911 file=Packages/com.unity.render-pipelines.universal/Shaders/Utils/CoreBlit.shader name=Hidden/Universal/CoreBlit pass=BilinearQuadPaddingAlphaBlendOctahedral ppOnly=0 stripLineD=0 buildPlatform=20 rsLen=0 pKW=UNITY_ENABLE_REFLECTION_BUFFERS UNITY_USE_DITHER_MASK_FOR_ALPHABLENDED_SHADOWS UNITY_PBS_USE_BRDF1 UNITY_SPECCUBE_BOX_PROJECTION UNITY_SPECCUBE_BLENDING UNITY_ENABLE_DETAIL_NORMALMAP SHADER_API_DESKTOP UNITY_LIGHT_PROBE_PROXY_VOLUME UNITY_LIGHTMAP_FULL_HDR UNITY_PLATFORM_SUPPORTS_DEPTH_FETCH uKW= dKW=UNITY_NO_DXT5nm UNITY_FRAMEBUFFER_FETCH_AVAILABLE UNITY_METAL_SHADOWS_USE_POINT_FILTERING UNITY_NO_SCREENSPACE_SHADOWS UNITY_PBS_USE_BRDF2 UNITY_PBS_USE_BRDF3 UNITY_HARDWARE_TIER1 UNITY_HARDWARE_TIER2 UNITY_HARDWARE_TIER3 UNITY_COLORSPACE_GAMMA UNITY_LIGHTMAP_DLDR_ENCODING UNITY_LIGHTMAP_RGBM_ENCODING UNITY_VIRTUAL_TEXTURING UNITY_PRETRANSFORM_TO_DISPLAY_ORIENTATION UNITY_ASTC_NORMALMAP_ENCODING SHADER_API_GLES30 SHADER_API_GLES31 SHADER_API_GLES32 UNITY_UNIFIED_SHADER_PRECISION_MODEL flags=0 lang=3 type=Fragment platform=dx11 reqs=1 mask=6 start=210 toolchain=1
RunExternalCompiler: begin name=FXC
RunExternalCompiler: end
compileSnippet complete
 ok=1 outsize=958

Cmd: compileSnippet
  insize=1856 file=Packages/com.unity.render-pipelines.universal/Shaders/Utils/CoreBlit.shader name=Hidden/Universal/CoreBlit pass=CubeToOctahedral ppOnly=0 stripLineD=0 buildPlatform=20 rsLen=0 pKW=UNITY_ENABLE_REFLECTION_BUFFERS UNITY_USE_DITHER_MASK_FOR_ALPHABLENDED_SHADOWS UNITY_PBS_USE_BRDF1 UNITY_SPECCUBE_BOX_PROJECTION UNITY_SPECCUBE_BLENDING UNITY_ENABLE_DETAIL_NORMALMAP SHADER_API_DESKTOP UNITY_LIGHT_PROBE_PROXY_VOLUME UNITY_LIGHTMAP_FULL_HDR UNITY_PLATFORM_SUPPORTS_DEPTH_FETCH uKW= dKW=UNITY_NO_DXT5nm UNITY_FRAMEBUFFER_FETCH_AVAILABLE UNITY_METAL_SHADOWS_USE_POINT_FILTERING UNITY_NO_SCREENSPACE_SHADOWS UNITY_PBS_USE_BRDF2 UNITY_PBS_USE_BRDF3 UNITY_HARDWARE_TIER1 UNITY_HARDWARE_TIER2 UNITY_HARDWARE_TIER3 UNITY_COLORSPACE_GAMMA UNITY_LIGHTMAP_DLDR_ENCODING UNITY_LIGHTMAP_RGBM_ENCODING UNITY_VIRTUAL_TEXTURING UNITY_PRETRANSFORM_TO_DISPLAY_ORIENTATION UNITY_ASTC_NORMALMAP_ENCODING SHADER_API_GLES30 SHADER_API_GLES31 SHADER_API_GLES32 UNITY_UNIFIED_SHADER_PRECISION_MODEL flags=0 lang=3 type=Fragment platform=dx11 reqs=1 mask=6 start=223 toolchain=1
RunExternalCompiler: begin name=FXC
RunExternalCompiler: end
compileSnippet complete
 ok=1 outsize=846

Cmd: compileSnippet
  insize=1865 file=Packages/com.unity.render-pipelines.universal/Shaders/Utils/CoreBlit.shader name=Hidden/Universal/CoreBlit pass=CubeToOctahedralLuminance ppOnly=0 stripLineD=0 buildPlatform=20 rsLen=0 pKW=UNITY_ENABLE_REFLECTION_BUFFERS UNITY_USE_DITHER_MASK_FOR_ALPHABLENDED_SHADOWS UNITY_PBS_USE_BRDF1 UNITY_SPECCUBE_BOX_PROJECTION UNITY_SPECCUBE_BLENDING UNITY_ENABLE_DETAIL_NORMALMAP SHADER_API_DESKTOP UNITY_LIGHT_PROBE_PROXY_VOLUME UNITY_LIGHTMAP_FULL_HDR UNITY_PLATFORM_SUPPORTS_DEPTH_FETCH uKW= dKW=UNITY_NO_DXT5nm UNITY_FRAMEBUFFER_FETCH_AVAILABLE UNITY_METAL_SHADOWS_USE_POINT_FILTERING UNITY_NO_SCREENSPACE_SHADOWS UNITY_PBS_USE_BRDF2 UNITY_PBS_USE_BRDF3 UNITY_HARDWARE_TIER1 UNITY_HARDWARE_TIER2 UNITY_HARDWARE_TIER3 UNITY_COLORSPACE_GAMMA UNITY_LIGHTMAP_DLDR_ENCODING UNITY_LIGHTMAP_RGBM_ENCODING UNITY_VIRTUAL_TEXTURING UNITY_PRETRANSFORM_TO_DISPLAY_ORIENTATION UNITY_ASTC_NORMALMAP_ENCODING SHADER_API_GLES30 SHADER_API_GLES31 SHADER_API_GLES32 UNITY_UNIFIED_SHADER_PRECISION_MODEL flags=0 lang=3 type=Fragment platform=dx11 reqs=1 mask=6 start=235 toolchain=1
RunExternalCompiler: begin name=FXC
RunExternalCompiler: end
compileSnippet complete
 ok=1 outsize=846

Cmd: compileSnippet
  insize=1867 file=Packages/com.unity.render-pipelines.universal/Shaders/Utils/CoreBlit.shader name=Hidden/Universal/CoreBlit pass=CubeToOctahedralAlpha ppOnly=0 stripLineD=0 buildPlatform=20 rsLen=0 pKW=UNITY_ENABLE_REFLECTION_BUFFERS UNITY_USE_DITHER_MASK_FOR_ALPHABLENDED_SHADOWS UNITY_PBS_USE_BRDF1 UNITY_SPECCUBE_BOX_PROJECTION UNITY_SPECCUBE_BLENDING UNITY_ENABLE_DETAIL_NORMALMAP SHADER_API_DESKTOP UNITY_LIGHT_PROBE_PROXY_VOLUME UNITY_LIGHTMAP_FULL_HDR UNITY_PLATFORM_SUPPORTS_DEPTH_FETCH uKW= dKW=UNITY_NO_DXT5nm UNITY_FRAMEBUFFER_FETCH_AVAILABLE UNITY_METAL_SHADOWS_USE_POINT_FILTERING UNITY_NO_SCREENSPACE_SHADOWS UNITY_PBS_USE_BRDF2 UNITY_PBS_USE_BRDF3 UNITY_HARDWARE_TIER1 UNITY_HARDWARE_TIER2 UNITY_HARDWARE_TIER3 UNITY_COLORSPACE_GAMMA UNITY_LIGHTMAP_DLDR_ENCODING UNITY_LIGHTMAP_RGBM_ENCODING UNITY_VIRTUAL_TEXTURING UNITY_PRETRANSFORM_TO_DISPLAY_ORIENTATION UNITY_ASTC_NORMALMAP_ENCODING SHADER_API_GLES30 SHADER_API_GLES31 SHADER_API_GLES32 UNITY_UNIFIED_SHADER_PRECISION_MODEL flags=0 lang=3 type=Fragment platform=dx11 reqs=1 mask=6 start=247 toolchain=1
RunExternalCompiler: begin name=FXC
RunExternalCompiler: end
compileSnippet complete
 ok=1 outsize=826

Cmd: compileSnippet
  insize=1865 file=Packages/com.unity.render-pipelines.universal/Shaders/Utils/CoreBlit.shader name=Hidden/Universal/CoreBlit pass=CubeToOctahedralRed ppOnly=0 stripLineD=0 buildPlatform=20 rsLen=0 pKW=UNITY_ENABLE_REFLECTION_BUFFERS UNITY_USE_DITHER_MASK_FOR_ALPHABLENDED_SHADOWS UNITY_PBS_USE_BRDF1 UNITY_SPECCUBE_BOX_PROJECTION UNITY_SPECCUBE_BLENDING UNITY_ENABLE_DETAIL_NORMALMAP SHADER_API_DESKTOP UNITY_LIGHT_PROBE_PROXY_VOLUME UNITY_LIGHTMAP_FULL_HDR UNITY_PLATFORM_SUPPORTS_DEPTH_FETCH uKW= dKW=UNITY_NO_DXT5nm UNITY_FRAMEBUFFER_FETCH_AVAILABLE UNITY_METAL_SHADOWS_USE_POINT_FILTERING UNITY_NO_SCREENSPACE_SHADOWS UNITY_PBS_USE_BRDF2 UNITY_PBS_USE_BRDF3 UNITY_HARDWARE_TIER1 UNITY_HARDWARE_TIER2 UNITY_HARDWARE_TIER3 UNITY_COLORSPACE_GAMMA UNITY_LIGHTMAP_DLDR_ENCODING UNITY_LIGHTMAP_RGBM_ENCODING UNITY_VIRTUAL_TEXTURING UNITY_PRETRANSFORM_TO_DISPLAY_ORIENTATION UNITY_ASTC_NORMALMAP_ENCODING SHADER_API_GLES30 SHADER_API_GLES31 SHADER_API_GLES32 UNITY_UNIFIED_SHADER_PRECISION_MODEL flags=0 lang=3 type=Fragment platform=dx11 reqs=1 mask=6 start=259 toolchain=1
RunExternalCompiler: begin name=FXC
RunExternalCompiler: end
compileSnippet complete
 ok=1 outsize=826

Cmd: compileSnippet
  insize=1856 file=Packages/com.unity.render-pipelines.universal/Shaders/Utils/CoreBlit.shader name=Hidden/Universal/CoreBlit pass=BilinearQuadLuminance ppOnly=0 stripLineD=0 buildPlatform=20 rsLen=0 pKW=UNITY_ENABLE_REFLECTION_BUFFERS UNITY_USE_DITHER_MASK_FOR_ALPHABLENDED_SHADOWS UNITY_PBS_USE_BRDF1 UNITY_SPECCUBE_BOX_PROJECTION UNITY_SPECCUBE_BLENDING UNITY_ENABLE_DETAIL_NORMALMAP SHADER_API_DESKTOP UNITY_LIGHT_PROBE_PROXY_VOLUME UNITY_LIGHTMAP_FULL_HDR UNITY_PLATFORM_SUPPORTS_DEPTH_FETCH uKW= dKW=UNITY_NO_DXT5nm UNITY_FRAMEBUFFER_FETCH_AVAILABLE UNITY_METAL_SHADOWS_USE_POINT_FILTERING UNITY_NO_SCREENSPACE_SHADOWS UNITY_PBS_USE_BRDF2 UNITY_PBS_USE_BRDF3 UNITY_HARDWARE_TIER1 UNITY_HARDWARE_TIER2 UNITY_HARDWARE_TIER3 UNITY_COLORSPACE_GAMMA UNITY_LIGHTMAP_DLDR_ENCODING UNITY_LIGHTMAP_RGBM_ENCODING UNITY_VIRTUAL_TEXTURING UNITY_PRETRANSFORM_TO_DISPLAY_ORIENTATION UNITY_ASTC_NORMALMAP_ENCODING SHADER_API_GLES30 SHADER_API_GLES31 SHADER_API_GLES32 UNITY_UNIFIED_SHADER_PRECISION_MODEL flags=0 lang=3 type=Fragment platform=dx11 reqs=1 mask=6 start=271 toolchain=1
RunExternalCompiler: begin name=FXC
RunExternalCompiler: end
compileSnippet complete
 ok=1 outsize=406

Cmd: compileSnippet
  insize=1858 file=Packages/com.unity.render-pipelines.universal/Shaders/Utils/CoreBlit.shader name=Hidden/Universal/CoreBlit pass=BilinearQuadAlpha ppOnly=0 stripLineD=0 buildPlatform=20 rsLen=0 pKW=UNITY_ENABLE_REFLECTION_BUFFERS UNITY_USE_DITHER_MASK_FOR_ALPHABLENDED_SHADOWS UNITY_PBS_USE_BRDF1 UNITY_SPECCUBE_BOX_PROJECTION UNITY_SPECCUBE_BLENDING UNITY_ENABLE_DETAIL_NORMALMAP SHADER_API_DESKTOP UNITY_LIGHT_PROBE_PROXY_VOLUME UNITY_LIGHTMAP_FULL_HDR UNITY_PLATFORM_SUPPORTS_DEPTH_FETCH uKW= dKW=UNITY_NO_DXT5nm UNITY_FRAMEBUFFER_FETCH_AVAILABLE UNITY_METAL_SHADOWS_USE_POINT_FILTERING UNITY_NO_SCREENSPACE_SHADOWS UNITY_PBS_USE_BRDF2 UNITY_PBS_USE_BRDF3 UNITY_HARDWARE_TIER1 UNITY_HARDWARE_TIER2 UNITY_HARDWARE_TIER3 UNITY_COLORSPACE_GAMMA UNITY_LIGHTMAP_DLDR_ENCODING UNITY_LIGHTMAP_RGBM_ENCODING UNITY_VIRTUAL_TEXTURING UNITY_PRETRANSFORM_TO_DISPLAY_ORIENTATION UNITY_ASTC_NORMALMAP_ENCODING SHADER_API_GLES30 SHADER_API_GLES31 SHADER_API_GLES32 UNITY_UNIFIED_SHADER_PRECISION_MODEL flags=0 lang=3 type=Fragment platform=dx11 reqs=1 mask=6 start=283 toolchain=1
RunExternalCompiler: begin name=FXC
RunExternalCompiler: end
compileSnippet complete
 ok=1 outsize=386

Cmd: compileSnippet
  insize=1856 file=Packages/com.unity.render-pipelines.universal/Shaders/Utils/CoreBlit.shader name=Hidden/Universal/CoreBlit pass=BilinearQuadRed ppOnly=0 stripLineD=0 buildPlatform=20 rsLen=0 pKW=UNITY_ENABLE_REFLECTION_BUFFERS UNITY_USE_DITHER_MASK_FOR_ALPHABLENDED_SHADOWS UNITY_PBS_USE_BRDF1 UNITY_SPECCUBE_BOX_PROJECTION UNITY_SPECCUBE_BLENDING UNITY_ENABLE_DETAIL_NORMALMAP SHADER_API_DESKTOP UNITY_LIGHT_PROBE_PROXY_VOLUME UNITY_LIGHTMAP_FULL_HDR UNITY_PLATFORM_SUPPORTS_DEPTH_FETCH uKW= dKW=UNITY_NO_DXT5nm UNITY_FRAMEBUFFER_FETCH_AVAILABLE UNITY_METAL_SHADOWS_USE_POINT_FILTERING UNITY_NO_SCREENSPACE_SHADOWS UNITY_PBS_USE_BRDF2 UNITY_PBS_USE_BRDF3 UNITY_HARDWARE_TIER1 UNITY_HARDWARE_TIER2 UNITY_HARDWARE_TIER3 UNITY_COLORSPACE_GAMMA UNITY_LIGHTMAP_DLDR_ENCODING UNITY_LIGHTMAP_RGBM_ENCODING UNITY_VIRTUAL_TEXTURING UNITY_PRETRANSFORM_TO_DISPLAY_ORIENTATION UNITY_ASTC_NORMALMAP_ENCODING SHADER_API_GLES30 SHADER_API_GLES31 SHADER_API_GLES32 UNITY_UNIFIED_SHADER_PRECISION_MODEL flags=0 lang=3 type=Fragment platform=dx11 reqs=1 mask=6 start=295 toolchain=1
RunExternalCompiler: begin name=FXC
RunExternalCompiler: end
compileSnippet complete
 ok=1 outsize=386

Cmd: compileSnippet
  insize=2120 file=Packages/com.unity.render-pipelines.universal/Shaders/Utils/CoreBlit.shader name=Hidden/Universal/CoreBlit pass=NearestCubeToOctahedralPadding ppOnly=0 stripLineD=0 buildPlatform=20 rsLen=0 pKW=UNITY_ENABLE_REFLECTION_BUFFERS UNITY_USE_DITHER_MASK_FOR_ALPHABLENDED_SHADOWS UNITY_PBS_USE_BRDF1 UNITY_SPECCUBE_BOX_PROJECTION UNITY_SPECCUBE_BLENDING UNITY_ENABLE_DETAIL_NORMALMAP SHADER_API_DESKTOP UNITY_LIGHT_PROBE_PROXY_VOLUME UNITY_LIGHTMAP_FULL_HDR UNITY_PLATFORM_SUPPORTS_DEPTH_FETCH uKW= dKW=BLIT_DECODE_HDR UNITY_NO_DXT5nm UNITY_FRAMEBUFFER_FETCH_AVAILABLE UNITY_METAL_SHADOWS_USE_POINT_FILTERING UNITY_NO_SCREENSPACE_SHADOWS UNITY_PBS_USE_BRDF2 UNITY_PBS_USE_BRDF3 UNITY_HARDWARE_TIER1 UNITY_HARDWARE_TIER2 UNITY_HARDWARE_TIER3 UNITY_COLORSPACE_GAMMA UNITY_LIGHTMAP_DLDR_ENCODING UNITY_LIGHTMAP_RGBM_ENCODING UNITY_VIRTUAL_TEXTURING UNITY_PRETRANSFORM_TO_DISPLAY_ORIENTATION UNITY_ASTC_NORMALMAP_ENCODING SHADER_API_GLES30 SHADER_API_GLES31 SHADER_API_GLES32 UNITY_UNIFIED_SHADER_PRECISION_MODEL flags=0 lang=3 type=Fragment platform=dx11 reqs=1 mask=6 start=307 toolchain=1
RunExternalCompiler: begin name=FXC
RunExternalCompiler: end
compileSnippet complete
 ok=1 outsize=1418

Cmd: compileSnippet
  insize=2121 file=Packages/com.unity.render-pipelines.universal/Shaders/Utils/CoreBlit.shader name=Hidden/Universal/CoreBlit pass=BilinearCubeToOctahedralPadding ppOnly=0 stripLineD=0 buildPlatform=20 rsLen=0 pKW=UNITY_ENABLE_REFLECTION_BUFFERS UNITY_USE_DITHER_MASK_FOR_ALPHABLENDED_SHADOWS UNITY_PBS_USE_BRDF1 UNITY_SPECCUBE_BOX_PROJECTION UNITY_SPECCUBE_BLENDING UNITY_ENABLE_DETAIL_NORMALMAP SHADER_API_DESKTOP UNITY_LIGHT_PROBE_PROXY_VOLUME UNITY_LIGHTMAP_FULL_HDR UNITY_PLATFORM_SUPPORTS_DEPTH_FETCH uKW= dKW=BLIT_DECODE_HDR UNITY_NO_DXT5nm UNITY_FRAMEBUFFER_FETCH_AVAILABLE UNITY_METAL_SHADOWS_USE_POINT_FILTERING UNITY_NO_SCREENSPACE_SHADOWS UNITY_PBS_USE_BRDF2 UNITY_PBS_USE_BRDF3 UNITY_HARDWARE_TIER1 UNITY_HARDWARE_TIER2 UNITY_HARDWARE_TIER3 UNITY_COLORSPACE_GAMMA UNITY_LIGHTMAP_DLDR_ENCODING UNITY_LIGHTMAP_RGBM_ENCODING UNITY_VIRTUAL_TEXTURING UNITY_PRETRANSFORM_TO_DISPLAY_ORIENTATION UNITY_ASTC_NORMALMAP_ENCODING SHADER_API_GLES30 SHADER_API_GLES31 SHADER_API_GLES32 UNITY_UNIFIED_SHADER_PRECISION_MODEL flags=0 lang=3 type=Fragment platform=dx11 reqs=1 mask=6 start=320 toolchain=1
RunExternalCompiler: begin name=FXC
RunExternalCompiler: end
compileSnippet complete
 ok=1 outsize=1418

Cmd: compileSnippet
  insize=2309 file=Packages/com.unity.render-pipelines.universal/Shaders/Utils/CoreBlit.shader name=Hidden/Universal/CoreBlit pass=BilinearDebugDraw ppOnly=0 stripLineD=0 buildPlatform=20 rsLen=0 pKW=UNITY_ENABLE_REFLECTION_BUFFERS UNITY_USE_DITHER_MASK_FOR_ALPHABLENDED_SHADOWS UNITY_PBS_USE_BRDF1 UNITY_SPECCUBE_BOX_PROJECTION UNITY_SPECCUBE_BLENDING UNITY_ENABLE_DETAIL_NORMALMAP SHADER_API_DESKTOP UNITY_LIGHT_PROBE_PROXY_VOLUME UNITY_LIGHTMAP_FULL_HDR UNITY_PLATFORM_SUPPORTS_DEPTH_FETCH uKW= dKW=_LINEAR_TO_SRGB_CONVERSION DEBUG_DISPLAY UNITY_NO_DXT5nm UNITY_FRAMEBUFFER_FETCH_AVAILABLE UNITY_METAL_SHADOWS_USE_POINT_FILTERING UNITY_NO_SCREENSPACE_SHADOWS UNITY_PBS_USE_BRDF2 UNITY_PBS_USE_BRDF3 UNITY_HARDWARE_TIER1 UNITY_HARDWARE_TIER2 UNITY_HARDWARE_TIER3 UNITY_COLORSPACE_GAMMA UNITY_LIGHTMAP_DLDR_ENCODING UNITY_LIGHTMAP_RGBM_ENCODING UNITY_VIRTUAL_TEXTURING UNITY_PRETRANSFORM_TO_DISPLAY_ORIENTATION UNITY_ASTC_NORMALMAP_ENCODING SHADER_API_GLES30 SHADER_API_GLES31 SHADER_API_GLES32 UNITY_UNIFIED_SHADER_PRECISION_MODEL flags=0 lang=3 type=Fragment platform=dx11 reqs=1 mask=6 start=333 toolchain=1
RunExternalCompiler: begin name=FXC
RunExternalCompiler: end
compileSnippet complete
 ok=1 outsize=358

Cmd: compileSnippet
  insize=2302 file=Packages/com.unity.render-pipelines.universal/Shaders/Utils/CoreBlit.shader name=Hidden/Universal/CoreBlit pass=NearestDebugDraw ppOnly=0 stripLineD=0 buildPlatform=20 rsLen=0 pKW=UNITY_ENABLE_REFLECTION_BUFFERS UNITY_USE_DITHER_MASK_FOR_ALPHABLENDED_SHADOWS UNITY_PBS_USE_BRDF1 UNITY_SPECCUBE_BOX_PROJECTION UNITY_SPECCUBE_BLENDING UNITY_ENABLE_DETAIL_NORMALMAP SHADER_API_DESKTOP UNITY_LIGHT_PROBE_PROXY_VOLUME UNITY_LIGHTMAP_FULL_HDR UNITY_PLATFORM_SUPPORTS_DEPTH_FETCH uKW= dKW=_LINEAR_TO_SRGB_CONVERSION DEBUG_DISPLAY UNITY_NO_DXT5nm UNITY_FRAMEBUFFER_FETCH_AVAILABLE UNITY_METAL_SHADOWS_USE_POINT_FILTERING UNITY_NO_SCREENSPACE_SHADOWS UNITY_PBS_USE_BRDF2 UNITY_PBS_USE_BRDF3 UNITY_HARDWARE_TIER1 UNITY_HARDWARE_TIER2 UNITY_HARDWARE_TIER3 UNITY_COLORSPACE_GAMMA UNITY_LIGHTMAP_DLDR_ENCODING UNITY_LIGHTMAP_RGBM_ENCODING UNITY_VIRTUAL_TEXTURING UNITY_PRETRANSFORM_TO_DISPLAY_ORIENTATION UNITY_ASTC_NORMALMAP_ENCODING SHADER_API_GLES30 SHADER_API_GLES31 SHADER_API_GLES32 UNITY_UNIFIED_SHADER_PRECISION_MODEL flags=0 lang=3 type=Fragment platform=dx11 reqs=1 mask=6 start=352 toolchain=1
RunExternalCompiler: begin name=FXC
RunExternalCompiler: end
compileSnippet complete
 ok=1 outsize=358

Cmd: compileSnippet
  insize=798 file=Packages/com.unity.render-pipelines.core/Editor/Lighting/ProbeVolume/VoxelizeScene.shader name=Hidden/ProbeVolume/VoxelizeScene pass=VoxelizeTerrain ppOnly=0 stripLineD=0 buildPlatform=20 rsLen=0 pKW=UNITY_ENABLE_REFLECTION_BUFFERS UNITY_USE_DITHER_MASK_FOR_ALPHABLENDED_SHADOWS UNITY_PBS_USE_BRDF1 UNITY_SPECCUBE_BOX_PROJECTION UNITY_SPECCUBE_BLENDING UNITY_ENABLE_DETAIL_NORMALMAP SHADER_API_DESKTOP UNITY_LIGHT_PROBE_PROXY_VOLUME UNITY_LIGHTMAP_FULL_HDR UNITY_PLATFORM_SUPPORTS_DEPTH_FETCH uKW= dKW=UNITY_NO_DXT5nm UNITY_FRAMEBUFFER_FETCH_AVAILABLE UNITY_METAL_SHADOWS_USE_POINT_FILTERING UNITY_NO_SCREENSPACE_SHADOWS UNITY_PBS_USE_BRDF2 UNITY_PBS_USE_BRDF3 UNITY_HARDWARE_TIER1 UNITY_HARDWARE_TIER2 UNITY_HARDWARE_TIER3 UNITY_COLORSPACE_GAMMA UNITY_LIGHTMAP_DLDR_ENCODING UNITY_LIGHTMAP_RGBM_ENCODING UNITY_VIRTUAL_TEXTURING UNITY_PRETRANSFORM_TO_DISPLAY_ORIENTATION UNITY_ASTC_NORMALMAP_ENCODING SHADER_API_GLES30 SHADER_API_GLES31 SHADER_API_GLES32 UNITY_UNIFIED_SHADER_PRECISION_MODEL flags=0 lang=3 type=Fragment platform=dx11 reqs=32801 mask=6 start=22 toolchain=1
RunExternalCompiler: begin name=FXC
RunExternalCompiler: end
compileSnippet complete
 ok=1 outsize=922

Cmd: compileSnippet
  insize=748 file=Packages/com.unity.render-pipelines.core/Editor/Lighting/ProbeVolume/VoxelizeScene.shader name=Hidden/ProbeVolume/VoxelizeScene pass=VoxelizeMesh ppOnly=0 stripLineD=0 buildPlatform=20 rsLen=0 pKW=UNITY_ENABLE_REFLECTION_BUFFERS UNITY_USE_DITHER_MASK_FOR_ALPHABLENDED_SHADOWS UNITY_PBS_USE_BRDF1 UNITY_SPECCUBE_BOX_PROJECTION UNITY_SPECCUBE_BLENDING UNITY_ENABLE_DETAIL_NORMALMAP SHADER_API_DESKTOP UNITY_LIGHT_PROBE_PROXY_VOLUME UNITY_LIGHTMAP_FULL_HDR UNITY_PLATFORM_SUPPORTS_DEPTH_FETCH uKW= dKW=UNITY_NO_DXT5nm UNITY_FRAMEBUFFER_FETCH_AVAILABLE UNITY_METAL_SHADOWS_USE_POINT_FILTERING UNITY_NO_SCREENSPACE_SHADOWS UNITY_PBS_USE_BRDF2 UNITY_PBS_USE_BRDF3 UNITY_HARDWARE_TIER1 UNITY_HARDWARE_TIER2 UNITY_HARDWARE_TIER3 UNITY_COLORSPACE_GAMMA UNITY_LIGHTMAP_DLDR_ENCODING UNITY_LIGHTMAP_RGBM_ENCODING UNITY_VIRTUAL_TEXTURING UNITY_PRETRANSFORM_TO_DISPLAY_ORIENTATION UNITY_ASTC_NORMALMAP_ENCODING SHADER_API_GLES30 SHADER_API_GLES31 SHADER_API_GLES32 UNITY_UNIFIED_SHADER_PRECISION_MODEL flags=0 lang=3 type=Fragment platform=dx11 reqs=32801 mask=6 start=43 toolchain=1
RunExternalCompiler: begin name=FXC
RunExternalCompiler: end
compileSnippet complete
 ok=1 outsize=1294

Cmd: compileSnippet
  insize=794 file=Packages/com.unity.render-pipelines.core/Editor/Lighting/ProbeVolume/VoxelizeScene.shader name=Hidden/ProbeVolume/VoxelizeScene pass=VoxelizeMeshInstanced ppOnly=0 stripLineD=0 buildPlatform=20 rsLen=0 pKW=UNITY_ENABLE_REFLECTION_BUFFERS UNITY_USE_DITHER_MASK_FOR_ALPHABLENDED_SHADOWS UNITY_PBS_USE_BRDF1 UNITY_SPECCUBE_BOX_PROJECTION UNITY_SPECCUBE_BLENDING UNITY_ENABLE_DETAIL_NORMALMAP SHADER_API_DESKTOP UNITY_LIGHT_PROBE_PROXY_VOLUME UNITY_LIGHTMAP_FULL_HDR UNITY_PLATFORM_SUPPORTS_DEPTH_FETCH uKW= dKW=UNITY_NO_DXT5nm UNITY_FRAMEBUFFER_FETCH_AVAILABLE UNITY_METAL_SHADOWS_USE_POINT_FILTERING UNITY_NO_SCREENSPACE_SHADOWS UNITY_PBS_USE_BRDF2 UNITY_PBS_USE_BRDF3 UNITY_HARDWARE_TIER1 UNITY_HARDWARE_TIER2 UNITY_HARDWARE_TIER3 UNITY_COLORSPACE_GAMMA UNITY_LIGHTMAP_DLDR_ENCODING UNITY_LIGHTMAP_RGBM_ENCODING UNITY_VIRTUAL_TEXTURING UNITY_PRETRANSFORM_TO_DISPLAY_ORIENTATION UNITY_ASTC_NORMALMAP_ENCODING SHADER_API_GLES30 SHADER_API_GLES31 SHADER_API_GLES32 UNITY_UNIFIED_SHADER_PRECISION_MODEL flags=0 lang=3 type=Fragment platform=dx11 reqs=32801 mask=6 start=63 toolchain=1
RunExternalCompiler: begin name=FXC
RunExternalCompiler: end
compileSnippet complete
 ok=1 outsize=1294

Cmd: compileSnippet
  insize=1724 file=/ name=Hidden/VFX/Empty pass=<Unnamed Pass 0> ppOnly=0 stripLineD=0 buildPlatform=20 rsLen=0 pKW=UNITY_ENABLE_REFLECTION_BUFFERS UNITY_USE_DITHER_MASK_FOR_ALPHABLENDED_SHADOWS UNITY_PBS_USE_BRDF1 UNITY_SPECCUBE_BOX_PROJECTION UNITY_SPECCUBE_BLENDING UNITY_ENABLE_DETAIL_NORMALMAP SHADER_API_DESKTOP UNITY_LIGHT_PROBE_PROXY_VOLUME UNITY_LIGHTMAP_FULL_HDR UNITY_PLATFORM_SUPPORTS_DEPTH_FETCH uKW= dKW=FOG_LINEAR FOG_EXP FOG_EXP2 UNITY_NO_DXT5nm UNITY_FRAMEBUFFER_FETCH_AVAILABLE UNITY_METAL_SHADOWS_USE_POINT_FILTERING UNITY_NO_SCREENSPACE_SHADOWS UNITY_PBS_USE_BRDF2 UNITY_PBS_USE_BRDF3 UNITY_HARDWARE_TIER1 UNITY_HARDWARE_TIER2 UNITY_HARDWARE_TIER3 UNITY_COLORSPACE_GAMMA UNITY_LIGHTMAP_DLDR_ENCODING UNITY_LIGHTMAP_RGBM_ENCODING UNITY_VIRTUAL_TEXTURING UNITY_PRETRANSFORM_TO_DISPLAY_ORIENTATION UNITY_ASTC_NORMALMAP_ENCODING SHADER_API_GLES30 SHADER_API_GLES31 SHADER_API_GLES32 UNITY_UNIFIED_SHADER_PRECISION_MODEL flags=0 lang=0 type=Fragment platform=dx11 reqs=1 mask=6 start=1 toolchain=1
RunExternalCompiler: begin name=FXC
RunExternalCompiler: end
compileSnippet complete
 ok=1 outsize=282

Cmd: compileSnippet
  insize=5818 file=Packages/com.unity.render-pipelines.high-definition/Runtime/PostProcessing/Shaders/CompositeWithUIAndOETF.shader name=Hidden/HDRP/CompositeUI pass=<Unnamed Pass 0> ppOnly=0 stripLineD=0 buildPlatform=20 rsLen=0 pKW=UNITY_ENABLE_REFLECTION_BUFFERS UNITY_USE_DITHER_MASK_FOR_ALPHABLENDED_SHADOWS UNITY_PBS_USE_BRDF1 UNITY_SPECCUBE_BOX_PROJECTION UNITY_SPECCUBE_BLENDING UNITY_ENABLE_DETAIL_NORMALMAP SHADER_API_DESKTOP UNITY_LIGHT_PROBE_PROXY_VOLUME UNITY_LIGHTMAP_FULL_HDR UNITY_PLATFORM_SUPPORTS_DEPTH_FETCH uKW= dKW=APPLY_AFTER_POST BLIT_SINGLE_SLICE HDR_COLORSPACE_CONVERSION HDR_ENCODING HDR_COLORSPACE_CONVERSION_AND_ENCODING DISABLE_TEXTURE2D_X_ARRAY UNITY_NO_DXT5nm UNITY_FRAMEBUFFER_FETCH_AVAILABLE UNITY_METAL_SHADOWS_USE_POINT_FILTERING UNITY_NO_SCREENSPACE_SHADOWS UNITY_PBS_USE_BRDF2 UNITY_PBS_USE_BRDF3 UNITY_HARDWARE_TIER1 UNITY_HARDWARE_TIER2 UNITY_HARDWARE_TIER3 UNITY_COLORSPACE_GAMMA UNITY_LIGHTMAP_DLDR_ENCODING UNITY_LIGHTMAP_RGBM_ENCODING UNITY_VIRTUAL_TEXTURING UNITY_PRETRANSFORM_TO_DISPLAY_ORIENTATION UNITY_ASTC_NORMALMAP_ENCODING SHADER_API_GLES30 SHADER_API_GLES31 SHADER_API_GLES32 UNITY_UNIFIED_SHADER_PRECISION_MODEL flags=0 lang=3 type=Fragment platform=dx11 reqs=1101803 mask=6 start=119 toolchain=1
RunExternalCompiler: begin name=FXC
RunExternalCompiler: end
compileSnippet complete
 ok=1 outsize=2242

Cmd: compileSnippet
  insize=6339 file=Packages/com.unity.render-pipelines.high-definition/Runtime/Sky/PhysicallyBasedSky/PhysicallyBasedSky.shader name=Hidden/HDRP/Sky/PbrSky pass=PBRSky Cubemap ppOnly=0 stripLineD=0 buildPlatform=20 rsLen=0 pKW=UNITY_ENABLE_REFLECTION_BUFFERS UNITY_USE_DITHER_MASK_FOR_ALPHABLENDED_SHADOWS UNITY_PBS_USE_BRDF1 UNITY_SPECCUBE_BOX_PROJECTION UNITY_SPECCUBE_BLENDING UNITY_ENABLE_DETAIL_NORMALMAP SHADER_API_DESKTOP UNITY_LIGHT_PROBE_PROXY_VOLUME UNITY_LIGHTMAP_FULL_HDR UNITY_PLATFORM_SUPPORTS_DEPTH_FETCH uKW= dKW=LOCAL_SKY UNITY_NO_DXT5nm UNITY_FRAMEBUFFER_FETCH_AVAILABLE UNITY_METAL_SHADOWS_USE_POINT_FILTERING UNITY_NO_SCREENSPACE_SHADOWS UNITY_PBS_USE_BRDF2 UNITY_PBS_USE_BRDF3 UNITY_HARDWARE_TIER1 UNITY_HARDWARE_TIER2 UNITY_HARDWARE_TIER3 UNITY_COLORSPACE_GAMMA UNITY_LIGHTMAP_DLDR_ENCODING UNITY_LIGHTMAP_RGBM_ENCODING UNITY_VIRTUAL_TEXTURING UNITY_PRETRANSFORM_TO_DISPLAY_ORIENTATION UNITY_ASTC_NORMALMAP_ENCODING SHADER_API_GLES30 SHADER_API_GLES31 SHADER_API_GLES32 UNITY_UNIFIED_SHADER_PRECISION_MODEL flags=0 lang=3 type=Fragment platform=dx11 reqs=1101803 mask=6 start=190 toolchain=1
RunExternalCompiler: begin name=FXC
RunExternalCompiler: end
compileSnippet complete
 ok=1 outsize=13482

Cmd: compileSnippet
  insize=6339 file=Packages/com.unity.render-pipelines.high-definition/Runtime/Sky/PhysicallyBasedSky/PhysicallyBasedSky.shader name=Hidden/HDRP/Sky/PbrSky pass=PBRSky ppOnly=0 stripLineD=0 buildPlatform=20 rsLen=0 pKW=UNITY_ENABLE_REFLECTION_BUFFERS UNITY_USE_DITHER_MASK_FOR_ALPHABLENDED_SHADOWS UNITY_PBS_USE_BRDF1 UNITY_SPECCUBE_BOX_PROJECTION UNITY_SPECCUBE_BLENDING UNITY_ENABLE_DETAIL_NORMALMAP SHADER_API_DESKTOP UNITY_LIGHT_PROBE_PROXY_VOLUME UNITY_LIGHTMAP_FULL_HDR UNITY_PLATFORM_SUPPORTS_DEPTH_FETCH uKW= dKW=LOCAL_SKY UNITY_NO_DXT5nm UNITY_FRAMEBUFFER_FETCH_AVAILABLE UNITY_METAL_SHADOWS_USE_POINT_FILTERING UNITY_NO_SCREENSPACE_SHADOWS UNITY_PBS_USE_BRDF2 UNITY_PBS_USE_BRDF3 UNITY_HARDWARE_TIER1 UNITY_HARDWARE_TIER2 UNITY_HARDWARE_TIER3 UNITY_COLORSPACE_GAMMA UNITY_LIGHTMAP_DLDR_ENCODING UNITY_LIGHTMAP_RGBM_ENCODING UNITY_VIRTUAL_TEXTURING UNITY_PRETRANSFORM_TO_DISPLAY_ORIENTATION UNITY_ASTC_NORMALMAP_ENCODING SHADER_API_GLES30 SHADER_API_GLES31 SHADER_API_GLES32 UNITY_UNIFIED_SHADER_PRECISION_MODEL flags=0 lang=3 type=Fragment platform=dx11 reqs=1101803 mask=6 start=204 toolchain=1
RunExternalCompiler: begin name=FXC
RunExternalCompiler: end
compileSnippet complete
 ok=1 outsize=13606

Cmd: compileSnippet
  insize=5585 file=Packages/com.unity.render-pipelines.high-definition/Runtime/RenderPipeline/Raytracing/Shaders/DebugLightCluster.shader name=Hidden/HDRP/DebugLightCluster pass=<Unnamed Pass 0> ppOnly=0 stripLineD=0 buildPlatform=20 rsLen=0 pKW=UNITY_ENABLE_REFLECTION_BUFFERS UNITY_USE_DITHER_MASK_FOR_ALPHABLENDED_SHADOWS UNITY_PBS_USE_BRDF1 UNITY_SPECCUBE_BOX_PROJECTION UNITY_SPECCUBE_BLENDING UNITY_ENABLE_DETAIL_NORMALMAP SHADER_API_DESKTOP UNITY_LIGHT_PROBE_PROXY_VOLUME UNITY_LIGHTMAP_FULL_HDR UNITY_PLATFORM_SUPPORTS_DEPTH_FETCH uKW= dKW=UNITY_NO_DXT5nm UNITY_FRAMEBUFFER_FETCH_AVAILABLE UNITY_METAL_SHADOWS_USE_POINT_FILTERING UNITY_NO_SCREENSPACE_SHADOWS UNITY_PBS_USE_BRDF2 UNITY_PBS_USE_BRDF3 UNITY_HARDWARE_TIER1 UNITY_HARDWARE_TIER2 UNITY_HARDWARE_TIER3 UNITY_COLORSPACE_GAMMA UNITY_LIGHTMAP_DLDR_ENCODING UNITY_LIGHTMAP_RGBM_ENCODING UNITY_VIRTUAL_TEXTURING UNITY_PRETRANSFORM_TO_DISPLAY_ORIENTATION UNITY_ASTC_NORMALMAP_ENCODING SHADER_API_GLES30 SHADER_API_GLES31 SHADER_API_GLES32 UNITY_UNIFIED_SHADER_PRECISION_MODEL flags=0 lang=3 type=Fragment platform=dx11 reqs=33 mask=6 start=102 toolchain=1
RunExternalCompiler: begin name=FXC
RunExternalCompiler: end
compileSnippet complete
 ok=1 outsize=362

Cmd: compileSnippet
  insize=5584 file=Packages/com.unity.render-pipelines.high-definition/Runtime/RenderPipeline/Raytracing/Shaders/DebugLightCluster.shader name=Hidden/HDRP/DebugLightCluster pass=<Unnamed Pass 1> ppOnly=0 stripLineD=0 buildPlatform=20 rsLen=0 pKW=UNITY_ENABLE_REFLECTION_BUFFERS UNITY_USE_DITHER_MASK_FOR_ALPHABLENDED_SHADOWS UNITY_PBS_USE_BRDF1 UNITY_SPECCUBE_BOX_PROJECTION UNITY_SPECCUBE_BLENDING UNITY_ENABLE_DETAIL_NORMALMAP SHADER_API_DESKTOP UNITY_LIGHT_PROBE_PROXY_VOLUME UNITY_LIGHTMAP_FULL_HDR UNITY_PLATFORM_SUPPORTS_DEPTH_FETCH uKW= dKW=UNITY_NO_DXT5nm UNITY_FRAMEBUFFER_FETCH_AVAILABLE UNITY_METAL_SHADOWS_USE_POINT_FILTERING UNITY_NO_SCREENSPACE_SHADOWS UNITY_PBS_USE_BRDF2 UNITY_PBS_USE_BRDF3 UNITY_HARDWARE_TIER1 UNITY_HARDWARE_TIER2 UNITY_HARDWARE_TIER3 UNITY_COLORSPACE_GAMMA UNITY_LIGHTMAP_DLDR_ENCODING UNITY_LIGHTMAP_RGBM_ENCODING UNITY_VIRTUAL_TEXTURING UNITY_PRETRANSFORM_TO_DISPLAY_ORIENTATION UNITY_ASTC_NORMALMAP_ENCODING SHADER_API_GLES30 SHADER_API_GLES31 SHADER_API_GLES32 UNITY_UNIFIED_SHADER_PRECISION_MODEL flags=0 lang=3 type=Fragment platform=dx11 reqs=33 mask=6 start=171 toolchain=1
RunExternalCompiler: begin name=FXC
RunExternalCompiler: end
compileSnippet complete
 ok=1 outsize=362

Cmd: compileSnippet
  insize=10580 file=Packages/com.unity.render-pipelines.high-definition/Runtime/PostProcessing/Shaders/FinalPass.shader name=Hidden/HDRP/FinalPass pass=<Unnamed Pass 0> ppOnly=0 stripLineD=0 buildPlatform=20 rsLen=0 pKW=UNITY_ENABLE_REFLECTION_BUFFERS UNITY_USE_DITHER_MASK_FOR_ALPHABLENDED_SHADOWS UNITY_PBS_USE_BRDF1 UNITY_SPECCUBE_BOX_PROJECTION UNITY_SPECCUBE_BLENDING UNITY_ENABLE_DETAIL_NORMALMAP SHADER_API_DESKTOP UNITY_LIGHT_PROBE_PROXY_VOLUME UNITY_LIGHTMAP_FULL_HDR UNITY_PLATFORM_SUPPORTS_DEPTH_FETCH uKW= dKW=SCREEN_COORD_OVERRIDE FXAA GRAIN DITHER ENABLE_ALPHA APPLY_AFTER_POST HDR_INPUT HDR_ENCODING CATMULL_ROM_4 RCAS BYPASS UNITY_NO_DXT5nm UNITY_FRAMEBUFFER_FETCH_AVAILABLE UNITY_METAL_SHADOWS_USE_POINT_FILTERING UNITY_NO_SCREENSPACE_SHADOWS UNITY_PBS_USE_BRDF2 UNITY_PBS_USE_BRDF3 UNITY_HARDWARE_TIER1 UNITY_HARDWARE_TIER2 UNITY_HARDWARE_TIER3 UNITY_COLORSPACE_GAMMA UNITY_LIGHTMAP_DLDR_ENCODING UNITY_LIGHTMAP_RGBM_ENCODING UNITY_VIRTUAL_TEXTURING UNITY_PRETRANSFORM_TO_DISPLAY_ORIENTATION UNITY_ASTC_NORMALMAP_ENCODING SHADER_API_GLES30 SHADER_API_GLES31 SHADER_API_GLES32 UNITY_UNIFIED_SHADER_PRECISION_MODEL flags=0 lang=3 type=Fragment platform=dx11 reqs=1101803 mask=6 start=237 toolchain=1
RunExternalCompiler: begin name=FXC
RunExternalCompiler: end
compileSnippet complete
 ok=1 outsize=742

Cmd: compileSnippet
  insize=4056 file=Packages/com.unity.render-pipelines.universal/Shaders/Terrain/TerrainLitBasemapGen.shader name=Hidden/Universal Render Pipeline/Terrain/Lit (Basemap Gen) pass=<Unnamed Pass 0> ppOnly=0 stripLineD=0 buildPlatform=20 rsLen=0 pKW=UNITY_ENABLE_REFLECTION_BUFFERS UNITY_USE_DITHER_MASK_FOR_ALPHABLENDED_SHADOWS UNITY_PBS_USE_BRDF1 UNITY_SPECCUBE_BOX_PROJECTION UNITY_SPECCUBE_BLENDING UNITY_ENABLE_DETAIL_NORMALMAP SHADER_API_DESKTOP UNITY_LIGHT_PROBE_PROXY_VOLUME UNITY_LIGHTMAP_FULL_HDR UNITY_PLATFORM_SUPPORTS_DEPTH_FETCH uKW= dKW=_TERRAIN_BLEND_HEIGHT _MASKMAP UNITY_NO_DXT5nm UNITY_FRAMEBUFFER_FETCH_AVAILABLE UNITY_METAL_SHADOWS_USE_POINT_FILTERING UNITY_NO_SCREENSPACE_SHADOWS UNITY_PBS_USE_BRDF2 UNITY_PBS_USE_BRDF3 UNITY_HARDWARE_TIER1 UNITY_HARDWARE_TIER2 UNITY_HARDWARE_TIER3 UNITY_COLORSPACE_GAMMA UNITY_LIGHTMAP_DLDR_ENCODING UNITY_LIGHTMAP_RGBM_ENCODING UNITY_VIRTUAL_TEXTURING UNITY_PRETRANSFORM_TO_DISPLAY_ORIENTATION UNITY_ASTC_NORMALMAP_ENCODING SHADER_API_GLES30 SHADER_API_GLES31 SHADER_API_GLES32 UNITY_UNIFIED_SHADER_PRECISION_MODEL flags=0 lang=3 type=Fragment platform=dx11 reqs=227 mask=6 start=58 toolchain=1
RunExternalCompiler: begin name=FXC
RunExternalCompiler: end
compileSnippet complete
 ok=1 outsize=2470

Cmd: compileSnippet
  insize=3887 file=Packages/com.unity.render-pipelines.universal/Shaders/Terrain/TerrainLitBasemapGen.shader name=Hidden/Universal Render Pipeline/Terrain/Lit (Basemap Gen) pass=<Unnamed Pass 1> ppOnly=0 stripLineD=0 buildPlatform=20 rsLen=0 pKW=UNITY_ENABLE_REFLECTION_BUFFERS UNITY_USE_DITHER_MASK_FOR_ALPHABLENDED_SHADOWS UNITY_PBS_USE_BRDF1 UNITY_SPECCUBE_BOX_PROJECTION UNITY_SPECCUBE_BLENDING UNITY_ENABLE_DETAIL_NORMALMAP SHADER_API_DESKTOP UNITY_LIGHT_PROBE_PROXY_VOLUME UNITY_LIGHTMAP_FULL_HDR UNITY_PLATFORM_SUPPORTS_DEPTH_FETCH uKW= dKW=_TERRAIN_BLEND_HEIGHT _MASKMAP UNITY_NO_DXT5nm UNITY_FRAMEBUFFER_FETCH_AVAILABLE UNITY_METAL_SHADOWS_USE_POINT_FILTERING UNITY_NO_SCREENSPACE_SHADOWS UNITY_PBS_USE_BRDF2 UNITY_PBS_USE_BRDF3 UNITY_HARDWARE_TIER1 UNITY_HARDWARE_TIER2 UNITY_HARDWARE_TIER3 UNITY_COLORSPACE_GAMMA UNITY_LIGHTMAP_DLDR_ENCODING UNITY_LIGHTMAP_RGBM_ENCODING UNITY_VIRTUAL_TEXTURING UNITY_PRETRANSFORM_TO_DISPLAY_ORIENTATION UNITY_ASTC_NORMALMAP_ENCODING SHADER_API_GLES30 SHADER_API_GLES31 SHADER_API_GLES32 UNITY_UNIFIED_SHADER_PRECISION_MODEL flags=0 lang=3 type=Fragment platform=dx11 reqs=227 mask=6 start=140 toolchain=1
RunExternalCompiler: begin name=FXC
RunExternalCompiler: end
compileSnippet complete
 ok=1 outsize=1674

Cmd: compileSnippet
  insize=4801 file=Packages/com.unity.render-pipelines.high-definition/Runtime/RenderPipeline/RenderPass/Distortion/ApplyDistortion.shader name=Hidden/HDRP/ApplyDistortion pass=<Unnamed Pass 0> ppOnly=0 stripLineD=0 buildPlatform=20 rsLen=0 pKW=UNITY_ENABLE_REFLECTION_BUFFERS UNITY_USE_DITHER_MASK_FOR_ALPHABLENDED_SHADOWS UNITY_PBS_USE_BRDF1 UNITY_SPECCUBE_BOX_PROJECTION UNITY_SPECCUBE_BLENDING UNITY_ENABLE_DETAIL_NORMALMAP SHADER_API_DESKTOP UNITY_LIGHT_PROBE_PROXY_VOLUME UNITY_LIGHTMAP_FULL_HDR UNITY_PLATFORM_SUPPORTS_DEPTH_FETCH uKW= dKW=UNITY_NO_DXT5nm UNITY_FRAMEBUFFER_FETCH_AVAILABLE UNITY_METAL_SHADOWS_USE_POINT_FILTERING UNITY_NO_SCREENSPACE_SHADOWS UNITY_PBS_USE_BRDF2 UNITY_PBS_USE_BRDF3 UNITY_HARDWARE_TIER1 UNITY_HARDWARE_TIER2 UNITY_HARDWARE_TIER3 UNITY_COLORSPACE_GAMMA UNITY_LIGHTMAP_DLDR_ENCODING UNITY_LIGHTMAP_RGBM_ENCODING UNITY_VIRTUAL_TEXTURING UNITY_PRETRANSFORM_TO_DISPLAY_ORIENTATION UNITY_ASTC_NORMALMAP_ENCODING SHADER_API_GLES30 SHADER_API_GLES31 SHADER_API_GLES32 UNITY_UNIFIED_SHADER_PRECISION_MODEL flags=0 lang=3 type=Fragment platform=dx11 reqs=1101803 mask=6 start=127 toolchain=1
RunExternalCompiler: begin name=FXC
RunExternalCompiler: end
compileSnippet complete
 ok=1 outsize=1486

Cmd: compileSnippet
  insize=1319 file=Packages/com.unity.shadergraph/Editor/Resources/Shaders/Checkerboard.shader name=Hidden/Checkerboard pass=<Unnamed Pass 0> ppOnly=0 stripLineD=0 buildPlatform=20 rsLen=0 pKW=UNITY_ENABLE_REFLECTION_BUFFERS UNITY_USE_DITHER_MASK_FOR_ALPHABLENDED_SHADOWS UNITY_PBS_USE_BRDF1 UNITY_SPECCUBE_BOX_PROJECTION UNITY_SPECCUBE_BLENDING UNITY_ENABLE_DETAIL_NORMALMAP SHADER_API_DESKTOP UNITY_LIGHT_PROBE_PROXY_VOLUME UNITY_LIGHTMAP_FULL_HDR UNITY_PLATFORM_SUPPORTS_DEPTH_FETCH uKW= dKW=UNITY_NO_DXT5nm UNITY_FRAMEBUFFER_FETCH_AVAILABLE UNITY_METAL_SHADOWS_USE_POINT_FILTERING UNITY_NO_SCREENSPACE_SHADOWS UNITY_PBS_USE_BRDF2 UNITY_PBS_USE_BRDF3 UNITY_HARDWARE_TIER1 UNITY_HARDWARE_TIER2 UNITY_HARDWARE_TIER3 UNITY_COLORSPACE_GAMMA UNITY_LIGHTMAP_DLDR_ENCODING UNITY_LIGHTMAP_RGBM_ENCODING UNITY_VIRTUAL_TEXTURING UNITY_PRETRANSFORM_TO_DISPLAY_ORIENTATION UNITY_ASTC_NORMALMAP_ENCODING SHADER_API_GLES30 SHADER_API_GLES31 SHADER_API_GLES32 UNITY_UNIFIED_SHADER_PRECISION_MODEL flags=0 lang=0 type=Fragment platform=dx11 reqs=33 mask=6 start=10 toolchain=1
RunExternalCompiler: begin name=FXC
RunExternalCompiler: end
compileSnippet complete
 ok=1 outsize=594

Cmd: compileSnippet
  insize=2352 file=Packages/com.unity.render-pipelines.core/Shaders/CoreCopy.shader name=Hidden/CoreSRP/CoreCopy pass=Copy ppOnly=0 stripLineD=0 buildPlatform=20 rsLen=0 pKW=UNITY_ENABLE_REFLECTION_BUFFERS UNITY_USE_DITHER_MASK_FOR_ALPHABLENDED_SHADOWS UNITY_PBS_USE_BRDF1 UNITY_SPECCUBE_BOX_PROJECTION UNITY_SPECCUBE_BLENDING UNITY_ENABLE_DETAIL_NORMALMAP SHADER_API_DESKTOP UNITY_LIGHT_PROBE_PROXY_VOLUME UNITY_LIGHTMAP_FULL_HDR UNITY_PLATFORM_SUPPORTS_DEPTH_FETCH uKW= dKW=DISABLE_TEXTURE2D_X_ARRAY UNITY_NO_DXT5nm UNITY_FRAMEBUFFER_FETCH_AVAILABLE UNITY_METAL_SHADOWS_USE_POINT_FILTERING UNITY_NO_SCREENSPACE_SHADOWS UNITY_PBS_USE_BRDF2 UNITY_PBS_USE_BRDF3 UNITY_HARDWARE_TIER1 UNITY_HARDWARE_TIER2 UNITY_HARDWARE_TIER3 UNITY_COLORSPACE_GAMMA UNITY_LIGHTMAP_DLDR_ENCODING UNITY_LIGHTMAP_RGBM_ENCODING UNITY_VIRTUAL_TEXTURING UNITY_PRETRANSFORM_TO_DISPLAY_ORIENTATION UNITY_ASTC_NORMALMAP_ENCODING SHADER_API_GLES30 SHADER_API_GLES31 SHADER_API_GLES32 UNITY_UNIFIED_SHADER_PRECISION_MODEL flags=0 lang=3 type=Fragment platform=dx11 reqs=33 mask=6 start=44 toolchain=1
RunExternalCompiler: begin name=FXC
RunExternalCompiler: end
compileSnippet complete
 ok=1 outsize=338

Cmd: compileSnippet
  insize=2471 file=Packages/com.unity.render-pipelines.core/Shaders/CoreCopy.shader name=Hidden/CoreSRP/CoreCopy pass=CopyMS ppOnly=0 stripLineD=0 buildPlatform=20 rsLen=0 pKW=UNITY_ENABLE_REFLECTION_BUFFERS UNITY_USE_DITHER_MASK_FOR_ALPHABLENDED_SHADOWS UNITY_PBS_USE_BRDF1 UNITY_SPECCUBE_BOX_PROJECTION UNITY_SPECCUBE_BLENDING UNITY_ENABLE_DETAIL_NORMALMAP SHADER_API_DESKTOP UNITY_LIGHT_PROBE_PROXY_VOLUME UNITY_LIGHTMAP_FULL_HDR UNITY_PLATFORM_SUPPORTS_DEPTH_FETCH uKW= dKW=DISABLE_TEXTURE2D_X_ARRAY UNITY_NO_DXT5nm UNITY_FRAMEBUFFER_FETCH_AVAILABLE UNITY_METAL_SHADOWS_USE_POINT_FILTERING UNITY_NO_SCREENSPACE_SHADOWS UNITY_PBS_USE_BRDF2 UNITY_PBS_USE_BRDF3 UNITY_HARDWARE_TIER1 UNITY_HARDWARE_TIER2 UNITY_HARDWARE_TIER3 UNITY_COLORSPACE_GAMMA UNITY_LIGHTMAP_DLDR_ENCODING UNITY_LIGHTMAP_RGBM_ENCODING UNITY_VIRTUAL_TEXTURING UNITY_PRETRANSFORM_TO_DISPLAY_ORIENTATION UNITY_ASTC_NORMALMAP_ENCODING SHADER_API_GLES30 SHADER_API_GLES31 SHADER_API_GLES32 UNITY_UNIFIED_SHADER_PRECISION_MODEL flags=0 lang=3 type=Fragment platform=dx11 reqs=1101803 mask=6 start=73 toolchain=1
RunExternalCompiler: begin name=FXC
RunExternalCompiler: end
compileSnippet complete
 ok=1 outsize=414

Cmd: compileSnippet
  insize=2385 file=Packages/com.unity.render-pipelines.core/Shaders/CoreCopy.shader name=Hidden/CoreSRP/CoreCopy pass=Copy ppOnly=0 stripLineD=0 buildPlatform=20 rsLen=0 pKW=UNITY_ENABLE_REFLECTION_BUFFERS UNITY_USE_DITHER_MASK_FOR_ALPHABLENDED_SHADOWS UNITY_PBS_USE_BRDF1 UNITY_SPECCUBE_BOX_PROJECTION UNITY_SPECCUBE_BLENDING UNITY_ENABLE_DETAIL_NORMALMAP SHADER_API_DESKTOP UNITY_LIGHT_PROBE_PROXY_VOLUME UNITY_LIGHTMAP_FULL_HDR UNITY_PLATFORM_SUPPORTS_DEPTH_FETCH uKW= dKW=DISABLE_TEXTURE2D_X_ARRAY UNITY_NO_DXT5nm UNITY_FRAMEBUFFER_FETCH_AVAILABLE UNITY_METAL_SHADOWS_USE_POINT_FILTERING UNITY_NO_SCREENSPACE_SHADOWS UNITY_PBS_USE_BRDF2 UNITY_PBS_USE_BRDF3 UNITY_HARDWARE_TIER1 UNITY_HARDWARE_TIER2 UNITY_HARDWARE_TIER3 UNITY_COLORSPACE_GAMMA UNITY_LIGHTMAP_DLDR_ENCODING UNITY_LIGHTMAP_RGBM_ENCODING UNITY_VIRTUAL_TEXTURING UNITY_PRETRANSFORM_TO_DISPLAY_ORIENTATION UNITY_ASTC_NORMALMAP_ENCODING SHADER_API_GLES30 SHADER_API_GLES31 SHADER_API_GLES32 UNITY_UNIFIED_SHADER_PRECISION_MODEL flags=0 lang=3 type=Fragment platform=dx11 reqs=1 mask=6 start=108 toolchain=1
RunExternalCompiler: begin name=FXC
RunExternalCompiler: end
compileSnippet complete
 ok=1 outsize=338

Cmd: compileSnippet
  insize=1882 file=Packages/com.unity.shadergraph/Editor/Resources/Shaders/FallbackError.shader name=Hidden/Shader Graph/FallbackError pass=<Unnamed Pass 0> ppOnly=0 stripLineD=0 buildPlatform=20 rsLen=0 pKW=UNITY_ENABLE_REFLECTION_BUFFERS UNITY_USE_DITHER_MASK_FOR_ALPHABLENDED_SHADOWS UNITY_PBS_USE_BRDF1 UNITY_SPECCUBE_BOX_PROJECTION UNITY_SPECCUBE_BLENDING UNITY_ENABLE_DETAIL_NORMALMAP SHADER_API_DESKTOP UNITY_LIGHT_PROBE_PROXY_VOLUME UNITY_LIGHTMAP_FULL_HDR UNITY_PLATFORM_SUPPORTS_DEPTH_FETCH uKW= dKW=UNITY_SINGLE_PASS_STEREO STEREO_INSTANCING_ON STEREO_MULTIVIEW_ON UNITY_NO_DXT5nm UNITY_FRAMEBUFFER_FETCH_AVAILABLE UNITY_METAL_SHADOWS_USE_POINT_FILTERING UNITY_NO_SCREENSPACE_SHADOWS UNITY_PBS_USE_BRDF2 UNITY_PBS_USE_BRDF3 UNITY_HARDWARE_TIER1 UNITY_HARDWARE_TIER2 UNITY_HARDWARE_TIER3 UNITY_COLORSPACE_GAMMA UNITY_LIGHTMAP_DLDR_ENCODING UNITY_LIGHTMAP_RGBM_ENCODING UNITY_VIRTUAL_TEXTURING UNITY_PRETRANSFORM_TO_DISPLAY_ORIENTATION UNITY_ASTC_NORMALMAP_ENCODING SHADER_API_GLES30 SHADER_API_GLES31 SHADER_API_GLES32 UNITY_UNIFIED_SHADER_PRECISION_MODEL flags=0 lang=0 type=Fragment platform=dx11 reqs=1 mask=6 start=12 toolchain=1
RunExternalCompiler: begin name=FXC
RunExternalCompiler: end
compileSnippet complete
 ok=1 outsize=250

Cmd: compileSnippet
  insize=2337 file=Packages/com.unity.render-pipelines.universal/Shaders/Utils/MaterialError.shader name=Hidden/Universal Render Pipeline/MaterialError pass=<Unnamed Pass 0> ppOnly=0 stripLineD=0 buildPlatform=20 rsLen=0 pKW=UNITY_ENABLE_REFLECTION_BUFFERS UNITY_USE_DITHER_MASK_FOR_ALPHABLENDED_SHADOWS UNITY_PBS_USE_BRDF1 UNITY_SPECCUBE_BOX_PROJECTION UNITY_SPECCUBE_BLENDING UNITY_ENABLE_DETAIL_NORMALMAP SHADER_API_DESKTOP UNITY_LIGHT_PROBE_PROXY_VOLUME UNITY_LIGHTMAP_FULL_HDR UNITY_PLATFORM_SUPPORTS_DEPTH_FETCH uKW= dKW=STEREO_INSTANCING_ON STEREO_MULTIVIEW_ON DOTS_INSTANCING_ON UNITY_NO_DXT5nm UNITY_FRAMEBUFFER_FETCH_AVAILABLE UNITY_METAL_SHADOWS_USE_POINT_FILTERING UNITY_NO_SCREENSPACE_SHADOWS UNITY_PBS_USE_BRDF2 UNITY_PBS_USE_BRDF3 UNITY_HARDWARE_TIER1 UNITY_HARDWARE_TIER2 UNITY_HARDWARE_TIER3 UNITY_COLORSPACE_GAMMA UNITY_LIGHTMAP_DLDR_ENCODING UNITY_LIGHTMAP_RGBM_ENCODING UNITY_VIRTUAL_TEXTURING UNITY_PRETRANSFORM_TO_DISPLAY_ORIENTATION UNITY_ASTC_NORMALMAP_ENCODING SHADER_API_GLES30 SHADER_API_GLES31 SHADER_API_GLES32 UNITY_UNIFIED_SHADER_PRECISION_MODEL flags=0 lang=3 type=Fragment platform=dx11 reqs=1 mask=6 start=13 toolchain=1
RunExternalCompiler: begin name=FXC
RunExternalCompiler: end
compileSnippet complete
 ok=1 outsize=250

Cmd: compileSnippet
  insize=2134 file=Packages/com.unity.render-pipelines.high-definition/Runtime/Sky/BlitCubemap.shader name=Hidden/BlitCubemap pass=<Unnamed Pass 0> ppOnly=0 stripLineD=0 buildPlatform=20 rsLen=0 pKW=UNITY_ENABLE_REFLECTION_BUFFERS UNITY_USE_DITHER_MASK_FOR_ALPHABLENDED_SHADOWS UNITY_PBS_USE_BRDF1 UNITY_SPECCUBE_BOX_PROJECTION UNITY_SPECCUBE_BLENDING UNITY_ENABLE_DETAIL_NORMALMAP SHADER_API_DESKTOP UNITY_LIGHT_PROBE_PROXY_VOLUME UNITY_LIGHTMAP_FULL_HDR UNITY_PLATFORM_SUPPORTS_DEPTH_FETCH uKW= dKW=UNITY_NO_DXT5nm UNITY_FRAMEBUFFER_FETCH_AVAILABLE UNITY_METAL_SHADOWS_USE_POINT_FILTERING UNITY_NO_SCREENSPACE_SHADOWS UNITY_PBS_USE_BRDF2 UNITY_PBS_USE_BRDF3 UNITY_HARDWARE_TIER1 UNITY_HARDWARE_TIER2 UNITY_HARDWARE_TIER3 UNITY_COLORSPACE_GAMMA UNITY_LIGHTMAP_DLDR_ENCODING UNITY_LIGHTMAP_RGBM_ENCODING UNITY_VIRTUAL_TEXTURING UNITY_PRETRANSFORM_TO_DISPLAY_ORIENTATION UNITY_ASTC_NORMALMAP_ENCODING SHADER_API_GLES30 SHADER_API_GLES31 SHADER_API_GLES32 UNITY_UNIFIED_SHADER_PRECISION_MODEL flags=0 lang=3 type=Fragment platform=dx11 reqs=1101803 mask=6 start=10 toolchain=1
RunExternalCompiler: begin name=FXC
RunExternalCompiler: end
compileSnippet complete
 ok=1 outsize=342

Cmd: compileSnippet
  insize=3599 file=Packages/com.unity.render-pipelines.high-definition/Runtime/RenderPipeline/RenderPass/MotionVectors/CameraMotionVectors.shader name=Hidden/HDRP/CameraMotionVectors pass=<Unnamed Pass 0> ppOnly=0 stripLineD=0 buildPlatform=20 rsLen=0 pKW=UNITY_ENABLE_REFLECTION_BUFFERS UNITY_USE_DITHER_MASK_FOR_ALPHABLENDED_SHADOWS UNITY_PBS_USE_BRDF1 UNITY_SPECCUBE_BOX_PROJECTION UNITY_SPECCUBE_BLENDING UNITY_ENABLE_DETAIL_NORMALMAP SHADER_API_DESKTOP UNITY_LIGHT_PROBE_PROXY_VOLUME UNITY_LIGHTMAP_FULL_HDR UNITY_PLATFORM_SUPPORTS_DEPTH_FETCH uKW= dKW=UNITY_NO_DXT5nm UNITY_FRAMEBUFFER_FETCH_AVAILABLE UNITY_METAL_SHADOWS_USE_POINT_FILTERING UNITY_NO_SCREENSPACE_SHADOWS UNITY_PBS_USE_BRDF2 UNITY_PBS_USE_BRDF3 UNITY_HARDWARE_TIER1 UNITY_HARDWARE_TIER2 UNITY_HARDWARE_TIER3 UNITY_COLORSPACE_GAMMA UNITY_LIGHTMAP_DLDR_ENCODING UNITY_LIGHTMAP_RGBM_ENCODING UNITY_VIRTUAL_TEXTURING UNITY_PRETRANSFORM_TO_DISPLAY_ORIENTATION UNITY_ASTC_NORMALMAP_ENCODING SHADER_API_GLES30 SHADER_API_GLES31 SHADER_API_GLES32 UNITY_UNIFIED_SHADER_PRECISION_MODEL flags=0 lang=3 type=Fragment platform=dx11 reqs=1101803 mask=6 start=103 toolchain=1
RunExternalCompiler: begin name=FXC
RunExternalCompiler: end
compileSnippet complete
 ok=1 outsize=1394

Cmd: compileSnippet
  insize=8141 file=Packages/com.unity.render-pipelines.universal/Shaders/Particles/ParticlesLit.shader name=Universal Render Pipeline/Particles/Lit pass=ForwardLit ppOnly=0 stripLineD=0 buildPlatform=20 rsLen=0 pKW=UNITY_ENABLE_REFLECTION_BUFFERS UNITY_USE_DITHER_MASK_FOR_ALPHABLENDED_SHADOWS UNITY_PBS_USE_BRDF1 UNITY_SPECCUBE_BOX_PROJECTION UNITY_SPECCUBE_BLENDING UNITY_ENABLE_DETAIL_NORMALMAP SHADER_API_DESKTOP UNITY_LIGHT_PROBE_PROXY_VOLUME UNITY_LIGHTMAP_FULL_HDR UNITY_PLATFORM_SUPPORTS_DEPTH_FETCH uKW= dKW=_ADDITIONAL_LIGHT_SHADOWS _REFLECTION_PROBE_BLENDING _REFLECTION_PROBE_BOX_PROJECTION _REFLECTION_PROBE_ATLAS _SCREEN_SPACE_REFLECTION _SHADOWS_SOFT _SHADOWS_SOFT_LOW _SHADOWS_SOFT_MEDIUM _SHADOWS_SOFT_HIGH _SCREEN_SPACE_OCCLUSION _LIGHT_COOKIES _WRITE_RENDERING_LAYERS DEBUG_DISPLAY _MAIN_LIGHT_SHADOWS _MAIN_LIGHT_SHADOWS_CASCADE _MAIN_LIGHT_SHADOWS_SCREEN _ADDITIONAL_LIGHTS_VERTEX _ADDITIONAL_LIGHTS _LIGHT_LAYERS _CLUSTER_LIGHT_LOOP EVALUATE_SH_MIXED EVALUATE_SH_VERTEX PROBE_VOLUMES_L1 PROBE_VOLUMES_L2 LIGHTMAP_SHADOW_MIXING DOTS_INSTANCING_ON FOG_LINEAR FOG_EXP FOG_EXP2 INSTANCING_ON PROCEDURAL_INSTANCING_ON _SURFACE_TYPE_TRANSPARENT _EMISSION _METALLICSPECGLOSSMAP _ALPHAPREMULTIPLY_ON _ALPHAMODULATE_ON _ALPHATEST_ON _COLOROVERLAY_ON _COLORCOLOR_ON _COLORADDSUBDIFF_ON _NORMALMAP _RECEIVE_SHADOWS_OFF _FLIPBOOKBLENDING_ON _SOFTPARTICLES_ON _FADING_ON _DISTORTION_ON UNITY_NO_DXT5nm UNITY_FRAMEBUFFER_FETCH_AVAILABLE UNITY_METAL_SHADOWS_USE_POINT_FILTERING UNITY_NO_SCREENSPACE_SHADOWS UNITY_PBS_USE_BRDF2 UNITY_PBS_USE_BRDF3 UNITY_HARDWARE_TIER1 UNITY_HARDWARE_TIER2 UNITY_HARDWARE_TIER3 UNITY_COLORSPACE_GAMMA UNITY_LIGHTMAP_DLDR_ENCODING UNITY_LIGHTMAP_RGBM_ENCODING UNITY_VIRTUAL_TEXTURING UNITY_PRETRANSFORM_TO_DISPLAY_ORIENTATION UNITY_ASTC_NORMALMAP_ENCODING SHADER_API_GLES30 SHADER_API_GLES31 SHADER_API_GLES32 UNITY_UNIFIED_SHADER_PRECISION_MODEL flags=0 lang=3 type=Fragment platform=dx11 reqs=1 mask=6 start=103 toolchain=1
RunExternalCompiler: begin name=FXC
RunExternalCompiler: end
compileSnippet complete
 ok=1 outsize=2982

Cmd: compileSnippet
  insize=6251 file=Packages/com.unity.render-pipelines.universal/Shaders/Particles/ParticlesLit.shader name=Universal Render Pipeline/Particles/Lit pass=GBuffer ppOnly=0 stripLineD=0 buildPlatform=20 rsLen=0 pKW=UNITY_ENABLE_REFLECTION_BUFFERS UNITY_USE_DITHER_MASK_FOR_ALPHABLENDED_SHADOWS UNITY_PBS_USE_BRDF1 UNITY_SPECCUBE_BOX_PROJECTION UNITY_SPECCUBE_BLENDING UNITY_ENABLE_DETAIL_NORMALMAP SHADER_API_DESKTOP UNITY_LIGHT_PROBE_PROXY_VOLUME UNITY_LIGHTMAP_FULL_HDR UNITY_PLATFORM_SUPPORTS_DEPTH_FETCH uKW= dKW=_REFLECTION_PROBE_BLENDING _REFLECTION_PROBE_BOX_PROJECTION _SCREEN_SPACE_REFLECTION _SHADOWS_SOFT _SHADOWS_SOFT_LOW _SHADOWS_SOFT_MEDIUM _SHADOWS_SOFT_HIGH _GBUFFER_NORMALS_OCT _RENDER_PASS_ENABLED _WRITE_RENDERING_LAYERS _MAIN_LIGHT_SHADOWS _MAIN_LIGHT_SHADOWS_CASCADE _MAIN_LIGHT_SHADOWS_SCREEN _CLUSTER_LIGHT_LOOP EVALUATE_SH_MIXED EVALUATE_SH_VERTEX LIGHTMAP_SHADOW_MIXING DOTS_INSTANCING_ON INSTANCING_ON PROCEDURAL_INSTANCING_ON _EMISSION _METALLICSPECGLOSSMAP _ALPHATEST_ON _COLOROVERLAY_ON _COLORCOLOR_ON _COLORADDSUBDIFF_ON _NORMALMAP _RECEIVE_SHADOWS_OFF _FLIPBOOKBLENDING_ON UNITY_NO_DXT5nm UNITY_FRAMEBUFFER_FETCH_AVAILABLE UNITY_METAL_SHADOWS_USE_POINT_FILTERING UNITY_NO_SCREENSPACE_SHADOWS UNITY_PBS_USE_BRDF2 UNITY_PBS_USE_BRDF3 UNITY_HARDWARE_TIER1 UNITY_HARDWARE_TIER2 UNITY_HARDWARE_TIER3 UNITY_COLORSPACE_GAMMA UNITY_LIGHTMAP_DLDR_ENCODING UNITY_LIGHTMAP_RGBM_ENCODING UNITY_VIRTUAL_TEXTURING UNITY_PRETRANSFORM_TO_DISPLAY_ORIENTATION UNITY_ASTC_NORMALMAP_ENCODING SHADER_API_GLES30 SHADER_API_GLES31 SHADER_API_GLES32 UNITY_UNIFIED_SHADER_PRECISION_MODEL flags=0 lang=3 type=Fragment platform=dx11 reqs=1101803 mask=6 start=185 toolchain=1
RunExternalCompiler: begin name=FXC
RunExternalCompiler: end
compileSnippet complete
 ok=1 outsize=2658

Cmd: compileSnippet
  insize=2618 file=Packages/com.unity.render-pipelines.universal/Shaders/Particles/ParticlesLit.shader name=Universal Render Pipeline/Particles/Lit pass=DepthOnly ppOnly=0 stripLineD=0 buildPlatform=20 rsLen=0 pKW=UNITY_ENABLE_REFLECTION_BUFFERS UNITY_USE_DITHER_MASK_FOR_ALPHABLENDED_SHADOWS UNITY_PBS_USE_BRDF1 UNITY_SPECCUBE_BOX_PROJECTION UNITY_SPECCUBE_BLENDING UNITY_ENABLE_DETAIL_NORMALMAP SHADER_API_DESKTOP UNITY_LIGHT_PROBE_PROXY_VOLUME UNITY_LIGHTMAP_FULL_HDR UNITY_PLATFORM_SUPPORTS_DEPTH_FETCH uKW= dKW=DOTS_INSTANCING_ON INSTANCING_ON PROCEDURAL_INSTANCING_ON _COLOROVERLAY_ON _COLORCOLOR_ON _COLORADDSUBDIFF_ON _ALPHATEST_ON _FLIPBOOKBLENDING_ON UNITY_NO_DXT5nm UNITY_FRAMEBUFFER_FETCH_AVAILABLE UNITY_METAL_SHADOWS_USE_POINT_FILTERING UNITY_NO_SCREENSPACE_SHADOWS UNITY_PBS_USE_BRDF2 UNITY_PBS_USE_BRDF3 UNITY_HARDWARE_TIER1 UNITY_HARDWARE_TIER2 UNITY_HARDWARE_TIER3 UNITY_COLORSPACE_GAMMA UNITY_LIGHTMAP_DLDR_ENCODING UNITY_LIGHTMAP_RGBM_ENCODING UNITY_VIRTUAL_TEXTURING UNITY_PRETRANSFORM_TO_DISPLAY_ORIENTATION UNITY_ASTC_NORMALMAP_ENCODING SHADER_API_GLES30 SHADER_API_GLES31 SHADER_API_GLES32 UNITY_UNIFIED_SHADER_PRECISION_MODEL flags=0 lang=3 type=Fragment platform=dx11 reqs=1 mask=6 start=260 toolchain=1
RunExternalCompiler: begin name=FXC
RunExternalCompiler: end
compileSnippet complete
 ok=1 outsize=254

Cmd: compileSnippet
  insize=2881 file=Packages/com.unity.render-pipelines.universal/Shaders/Particles/ParticlesLit.shader name=Universal Render Pipeline/Particles/Lit pass=ShadowCaster ppOnly=0 stripLineD=0 buildPlatform=20 rsLen=0 pKW=UNITY_ENABLE_REFLECTION_BUFFERS UNITY_USE_DITHER_MASK_FOR_ALPHABLENDED_SHADOWS UNITY_PBS_USE_BRDF1 UNITY_SPECCUBE_BOX_PROJECTION UNITY_SPECCUBE_BLENDING UNITY_ENABLE_DETAIL_NORMALMAP SHADER_API_DESKTOP UNITY_LIGHT_PROBE_PROXY_VOLUME UNITY_LIGHTMAP_FULL_HDR UNITY_PLATFORM_SUPPORTS_DEPTH_FETCH UNITY_PASS_SHADOWCASTER uKW= dKW=DOTS_INSTANCING_ON INSTANCING_ON PROCEDURAL_INSTANCING_ON _COLOROVERLAY_ON _COLORCOLOR_ON _COLORADDSUBDIFF_ON _ALPHATEST_ON _FLIPBOOKBLENDING_ON UNITY_NO_DXT5nm UNITY_FRAMEBUFFER_FETCH_AVAILABLE UNITY_METAL_SHADOWS_USE_POINT_FILTERING UNITY_NO_SCREENSPACE_SHADOWS UNITY_PBS_USE_BRDF2 UNITY_PBS_USE_BRDF3 UNITY_HARDWARE_TIER1 UNITY_HARDWARE_TIER2 UNITY_HARDWARE_TIER3 UNITY_COLORSPACE_GAMMA UNITY_LIGHTMAP_DLDR_ENCODING UNITY_LIGHTMAP_RGBM_ENCODING UNITY_VIRTUAL_TEXTURING UNITY_PRETRANSFORM_TO_DISPLAY_ORIENTATION UNITY_ASTC_NORMALMAP_ENCODING SHADER_API_GLES30 SHADER_API_GLES31 SHADER_API_GLES32 UNITY_UNIFIED_SHADER_PRECISION_MODEL flags=0 lang=3 type=Fragment platform=dx11 reqs=1 mask=6 start=304 toolchain=1
RunExternalCompiler: begin name=FXC
RunExternalCompiler: end
compileSnippet complete
 ok=1 outsize=250

Cmd: compileSnippet
  insize=3275 file=Packages/com.unity.render-pipelines.universal/Shaders/Particles/ParticlesLit.shader name=Universal Render Pipeline/Particles/Lit pass=DepthNormals ppOnly=0 stripLineD=0 buildPlatform=20 rsLen=0 pKW=UNITY_ENABLE_REFLECTION_BUFFERS UNITY_USE_DITHER_MASK_FOR_ALPHABLENDED_SHADOWS UNITY_PBS_USE_BRDF1 UNITY_SPECCUBE_BOX_PROJECTION UNITY_SPECCUBE_BLENDING UNITY_ENABLE_DETAIL_NORMALMAP SHADER_API_DESKTOP UNITY_LIGHT_PROBE_PROXY_VOLUME UNITY_LIGHTMAP_FULL_HDR UNITY_PLATFORM_SUPPORTS_DEPTH_FETCH uKW= dKW=_GBUFFER_NORMALS_OCT DOTS_INSTANCING_ON _WRITE_SMOOTHNESS INSTANCING_ON PROCEDURAL_INSTANCING_ON _COLOROVERLAY_ON _COLORCOLOR_ON _COLORADDSUBDIFF_ON _METALLICSPECGLOSSMAP _NORMALMAP _FLIPBOOKBLENDING_ON _ALPHATEST_ON UNITY_NO_DXT5nm UNITY_FRAMEBUFFER_FETCH_AVAILABLE UNITY_METAL_SHADOWS_USE_POINT_FILTERING UNITY_NO_SCREENSPACE_SHADOWS UNITY_PBS_USE_BRDF2 UNITY_PBS_USE_BRDF3 UNITY_HARDWARE_TIER1 UNITY_HARDWARE_TIER2 UNITY_HARDWARE_TIER3 UNITY_COLORSPACE_GAMMA UNITY_LIGHTMAP_DLDR_ENCODING UNITY_LIGHTMAP_RGBM_ENCODING UNITY_VIRTUAL_TEXTURING UNITY_PRETRANSFORM_TO_DISPLAY_ORIENTATION UNITY_ASTC_NORMALMAP_ENCODING SHADER_API_GLES30 SHADER_API_GLES31 SHADER_API_GLES32 UNITY_UNIFIED_SHADER_PRECISION_MODEL flags=0 lang=3 type=Fragment platform=dx11 reqs=1 mask=6 start=348 toolchain=1
RunExternalCompiler: begin name=FXC
RunExternalCompiler: end
compileSnippet complete
 ok=1 outsize=394

Cmd: compileSnippet
  insize=2387 file=Packages/com.unity.render-pipelines.universal/Shaders/Particles/ParticlesLit.shader name=Universal Render Pipeline/Particles/Lit pass=SceneSelectionPass ppOnly=0 stripLineD=0 buildPlatform=20 rsLen=0 pKW=UNITY_ENABLE_REFLECTION_BUFFERS UNITY_USE_DITHER_MASK_FOR_ALPHABLENDED_SHADOWS UNITY_PBS_USE_BRDF1 UNITY_SPECCUBE_BOX_PROJECTION UNITY_SPECCUBE_BLENDING UNITY_ENABLE_DETAIL_NORMALMAP SHADER_API_DESKTOP UNITY_LIGHT_PROBE_PROXY_VOLUME UNITY_LIGHTMAP_FULL_HDR UNITY_PLATFORM_SUPPORTS_DEPTH_FETCH uKW= dKW=DOTS_INSTANCING_ON INSTANCING_ON PROCEDURAL_INSTANCING_ON _ALPHATEST_ON _FLIPBOOKBLENDING_ON UNITY_NO_DXT5nm UNITY_FRAMEBUFFER_FETCH_AVAILABLE UNITY_METAL_SHADOWS_USE_POINT_FILTERING UNITY_NO_SCREENSPACE_SHADOWS UNITY_PBS_USE_BRDF2 UNITY_PBS_USE_BRDF3 UNITY_HARDWARE_TIER1 UNITY_HARDWARE_TIER2 UNITY_HARDWARE_TIER3 UNITY_COLORSPACE_GAMMA UNITY_LIGHTMAP_DLDR_ENCODING UNITY_LIGHTMAP_RGBM_ENCODING UNITY_VIRTUAL_TEXTURING UNITY_PRETRANSFORM_TO_DISPLAY_ORIENTATION UNITY_ASTC_NORMALMAP_ENCODING SHADER_API_GLES30 SHADER_API_GLES31 SHADER_API_GLES32 UNITY_UNIFIED_SHADER_PRECISION_MODEL flags=0 lang=3 type=Fragment platform=dx11 reqs=1 mask=6 start=398 toolchain=1
RunExternalCompiler: begin name=FXC
RunExternalCompiler: end
compileSnippet complete
 ok=1 outsize=354

Cmd: compileSnippet
  insize=2385 file=Packages/com.unity.render-pipelines.universal/Shaders/Particles/ParticlesLit.shader name=Universal Render Pipeline/Particles/Lit pass=ScenePickingPass ppOnly=0 stripLineD=0 buildPlatform=20 rsLen=0 pKW=UNITY_ENABLE_REFLECTION_BUFFERS UNITY_USE_DITHER_MASK_FOR_ALPHABLENDED_SHADOWS UNITY_PBS_USE_BRDF1 UNITY_SPECCUBE_BOX_PROJECTION UNITY_SPECCUBE_BLENDING UNITY_ENABLE_DETAIL_NORMALMAP SHADER_API_DESKTOP UNITY_LIGHT_PROBE_PROXY_VOLUME UNITY_LIGHTMAP_FULL_HDR UNITY_PLATFORM_SUPPORTS_DEPTH_FETCH uKW= dKW=DOTS_INSTANCING_ON INSTANCING_ON PROCEDURAL_INSTANCING_ON _ALPHATEST_ON _FLIPBOOKBLENDING_ON UNITY_NO_DXT5nm UNITY_FRAMEBUFFER_FETCH_AVAILABLE UNITY_METAL_SHADOWS_USE_POINT_FILTERING UNITY_NO_SCREENSPACE_SHADOWS UNITY_PBS_USE_BRDF2 UNITY_PBS_USE_BRDF3 UNITY_HARDWARE_TIER1 UNITY_HARDWARE_TIER2 UNITY_HARDWARE_TIER3 UNITY_COLORSPACE_GAMMA UNITY_LIGHTMAP_DLDR_ENCODING UNITY_LIGHTMAP_RGBM_ENCODING UNITY_VIRTUAL_TEXTURING UNITY_PRETRANSFORM_TO_DISPLAY_ORIENTATION UNITY_ASTC_NORMALMAP_ENCODING SHADER_API_GLES30 SHADER_API_GLES31 SHADER_API_GLES32 UNITY_UNIFIED_SHADER_PRECISION_MODEL flags=0 lang=3 type=Fragment platform=dx11 reqs=1 mask=6 start=443 toolchain=1
RunExternalCompiler: begin name=FXC
RunExternalCompiler: end
compileSnippet complete
 ok=1 outsize=322

Cmd: compileSnippet
  insize=1499 file=Packages/com.unity.render-pipelines.universal/Shaders/Particles/ParticlesLit.shader name=Universal Render Pipeline/Particles/Lit pass=Universal2D ppOnly=0 stripLineD=0 buildPlatform=20 rsLen=0 pKW=UNITY_ENABLE_REFLECTION_BUFFERS UNITY_USE_DITHER_MASK_FOR_ALPHABLENDED_SHADOWS UNITY_PBS_USE_BRDF1 UNITY_SPECCUBE_BOX_PROJECTION UNITY_SPECCUBE_BLENDING UNITY_ENABLE_DETAIL_NORMALMAP SHADER_API_DESKTOP UNITY_LIGHT_PROBE_PROXY_VOLUME UNITY_LIGHTMAP_FULL_HDR UNITY_PLATFORM_SUPPORTS_DEPTH_FETCH uKW= dKW=_ALPHATEST_ON _ALPHAPREMULTIPLY_ON UNITY_NO_DXT5nm UNITY_FRAMEBUFFER_FETCH_AVAILABLE UNITY_METAL_SHADOWS_USE_POINT_FILTERING UNITY_NO_SCREENSPACE_SHADOWS UNITY_PBS_USE_BRDF2 UNITY_PBS_USE_BRDF3 UNITY_HARDWARE_TIER1 UNITY_HARDWARE_TIER2 UNITY_HARDWARE_TIER3 UNITY_COLORSPACE_GAMMA UNITY_LIGHTMAP_DLDR_ENCODING UNITY_LIGHTMAP_RGBM_ENCODING UNITY_VIRTUAL_TEXTURING UNITY_PRETRANSFORM_TO_DISPLAY_ORIENTATION UNITY_ASTC_NORMALMAP_ENCODING SHADER_API_GLES30 SHADER_API_GLES31 SHADER_API_GLES32 UNITY_UNIFIED_SHADER_PRECISION_MODEL flags=0 lang=3 type=Fragment platform=dx11 reqs=33 mask=6 start=485 toolchain=1
RunExternalCompiler: begin name=FXC
RunExternalCompiler: end
compileSnippet complete
 ok=1 outsize=414

Cmd: compileSnippet
  insize=1432 file=Packages/com.unity.render-pipelines.high-definition/Runtime/ShaderLibrary/Blit.shader name=Hidden/HDRP/Blit pass=Nearest ppOnly=0 stripLineD=0 buildPlatform=20 rsLen=0 pKW=UNITY_ENABLE_REFLECTION_BUFFERS UNITY_USE_DITHER_MASK_FOR_ALPHABLENDED_SHADOWS UNITY_PBS_USE_BRDF1 UNITY_SPECCUBE_BOX_PROJECTION UNITY_SPECCUBE_BLENDING UNITY_ENABLE_DETAIL_NORMALMAP SHADER_API_DESKTOP UNITY_LIGHT_PROBE_PROXY_VOLUME UNITY_LIGHTMAP_FULL_HDR UNITY_PLATFORM_SUPPORTS_DEPTH_FETCH uKW= dKW=DISABLE_TEXTURE2D_X_ARRAY BLIT_SINGLE_SLICE UNITY_NO_DXT5nm UNITY_FRAMEBUFFER_FETCH_AVAILABLE UNITY_METAL_SHADOWS_USE_POINT_FILTERING UNITY_NO_SCREENSPACE_SHADOWS UNITY_PBS_USE_BRDF2 UNITY_PBS_USE_BRDF3 UNITY_HARDWARE_TIER1 UNITY_HARDWARE_TIER2 UNITY_HARDWARE_TIER3 UNITY_COLORSPACE_GAMMA UNITY_LIGHTMAP_DLDR_ENCODING UNITY_LIGHTMAP_RGBM_ENCODING UNITY_VIRTUAL_TEXTURING UNITY_PRETRANSFORM_TO_DISPLAY_ORIENTATION UNITY_ASTC_NORMALMAP_ENCODING SHADER_API_GLES30 SHADER_API_GLES31 SHADER_API_GLES32 UNITY_UNIFIED_SHADER_PRECISION_MODEL flags=0 lang=3 type=Fragment platform=dx11 reqs=1101803 mask=6 start=26 toolchain=1
RunExternalCompiler: begin name=FXC
RunExternalCompiler: end
compileSnippet complete
 ok=1 outsize=418

Cmd: compileSnippet
  insize=1433 file=Packages/com.unity.render-pipelines.high-definition/Runtime/ShaderLibrary/Blit.shader name=Hidden/HDRP/Blit pass=Bilinear ppOnly=0 stripLineD=0 buildPlatform=20 rsLen=0 pKW=UNITY_ENABLE_REFLECTION_BUFFERS UNITY_USE_DITHER_MASK_FOR_ALPHABLENDED_SHADOWS UNITY_PBS_USE_BRDF1 UNITY_SPECCUBE_BOX_PROJECTION UNITY_SPECCUBE_BLENDING UNITY_ENABLE_DETAIL_NORMALMAP SHADER_API_DESKTOP UNITY_LIGHT_PROBE_PROXY_VOLUME UNITY_LIGHTMAP_FULL_HDR UNITY_PLATFORM_SUPPORTS_DEPTH_FETCH uKW= dKW=DISABLE_TEXTURE2D_X_ARRAY BLIT_SINGLE_SLICE UNITY_NO_DXT5nm UNITY_FRAMEBUFFER_FETCH_AVAILABLE UNITY_METAL_SHADOWS_USE_POINT_FILTERING UNITY_NO_SCREENSPACE_SHADOWS UNITY_PBS_USE_BRDF2 UNITY_PBS_USE_BRDF3 UNITY_HARDWARE_TIER1 UNITY_HARDWARE_TIER2 UNITY_HARDWARE_TIER3 UNITY_COLORSPACE_GAMMA UNITY_LIGHTMAP_DLDR_ENCODING UNITY_LIGHTMAP_RGBM_ENCODING UNITY_VIRTUAL_TEXTURING UNITY_PRETRANSFORM_TO_DISPLAY_ORIENTATION UNITY_ASTC_NORMALMAP_ENCODING SHADER_API_GLES30 SHADER_API_GLES31 SHADER_API_GLES32 UNITY_UNIFIED_SHADER_PRECISION_MODEL flags=0 lang=3 type=Fragment platform=dx11 reqs=1101803 mask=6 start=38 toolchain=1
RunExternalCompiler: begin name=FXC
RunExternalCompiler: end
compileSnippet complete
 ok=1 outsize=418

Cmd: compileSnippet
  insize=1436 file=Packages/com.unity.render-pipelines.high-definition/Runtime/ShaderLibrary/Blit.shader name=Hidden/HDRP/Blit pass=NearestQuad ppOnly=0 stripLineD=0 buildPlatform=20 rsLen=0 pKW=UNITY_ENABLE_REFLECTION_BUFFERS UNITY_USE_DITHER_MASK_FOR_ALPHABLENDED_SHADOWS UNITY_PBS_USE_BRDF1 UNITY_SPECCUBE_BOX_PROJECTION UNITY_SPECCUBE_BLENDING UNITY_ENABLE_DETAIL_NORMALMAP SHADER_API_DESKTOP UNITY_LIGHT_PROBE_PROXY_VOLUME UNITY_LIGHTMAP_FULL_HDR UNITY_PLATFORM_SUPPORTS_DEPTH_FETCH uKW= dKW=DISABLE_TEXTURE2D_X_ARRAY BLIT_SINGLE_SLICE UNITY_NO_DXT5nm UNITY_FRAMEBUFFER_FETCH_AVAILABLE UNITY_METAL_SHADOWS_USE_POINT_FILTERING UNITY_NO_SCREENSPACE_SHADOWS UNITY_PBS_USE_BRDF2 UNITY_PBS_USE_BRDF3 UNITY_HARDWARE_TIER1 UNITY_HARDWARE_TIER2 UNITY_HARDWARE_TIER3 UNITY_COLORSPACE_GAMMA UNITY_LIGHTMAP_DLDR_ENCODING UNITY_LIGHTMAP_RGBM_ENCODING UNITY_VIRTUAL_TEXTURING UNITY_PRETRANSFORM_TO_DISPLAY_ORIENTATION UNITY_ASTC_NORMALMAP_ENCODING SHADER_API_GLES30 SHADER_API_GLES31 SHADER_API_GLES32 UNITY_UNIFIED_SHADER_PRECISION_MODEL flags=0 lang=3 type=Fragment platform=dx11 reqs=1101803 mask=6 start=50 toolchain=1
RunExternalCompiler: begin name=FXC
RunExternalCompiler: end
compileSnippet complete
 ok=1 outsize=418

Cmd: compileSnippet
  insize=1437 file=Packages/com.unity.render-pipelines.high-definition/Runtime/ShaderLibrary/Blit.shader name=Hidden/HDRP/Blit pass=BilinearQuad ppOnly=0 stripLineD=0 buildPlatform=20 rsLen=0 pKW=UNITY_ENABLE_REFLECTION_BUFFERS UNITY_USE_DITHER_MASK_FOR_ALPHABLENDED_SHADOWS UNITY_PBS_USE_BRDF1 UNITY_SPECCUBE_BOX_PROJECTION UNITY_SPECCUBE_BLENDING UNITY_ENABLE_DETAIL_NORMALMAP SHADER_API_DESKTOP UNITY_LIGHT_PROBE_PROXY_VOLUME UNITY_LIGHTMAP_FULL_HDR UNITY_PLATFORM_SUPPORTS_DEPTH_FETCH uKW= dKW=DISABLE_TEXTURE2D_X_ARRAY BLIT_SINGLE_SLICE UNITY_NO_DXT5nm UNITY_FRAMEBUFFER_FETCH_AVAILABLE UNITY_METAL_SHADOWS_USE_POINT_FILTERING UNITY_NO_SCREENSPACE_SHADOWS UNITY_PBS_USE_BRDF2 UNITY_PBS_USE_BRDF3 UNITY_HARDWARE_TIER1 UNITY_HARDWARE_TIER2 UNITY_HARDWARE_TIER3 UNITY_COLORSPACE_GAMMA UNITY_LIGHTMAP_DLDR_ENCODING UNITY_LIGHTMAP_RGBM_ENCODING UNITY_VIRTUAL_TEXTURING UNITY_PRETRANSFORM_TO_DISPLAY_ORIENTATION UNITY_ASTC_NORMALMAP_ENCODING SHADER_API_GLES30 SHADER_API_GLES31 SHADER_API_GLES32 UNITY_UNIFIED_SHADER_PRECISION_MODEL flags=0 lang=3 type=Fragment platform=dx11 reqs=1101803 mask=6 start=62 toolchain=1
RunExternalCompiler: begin name=FXC
RunExternalCompiler: end
compileSnippet complete
 ok=1 outsize=418

Cmd: compileSnippet
  insize=1443 file=Packages/com.unity.render-pipelines.high-definition/Runtime/ShaderLibrary/Blit.shader name=Hidden/HDRP/Blit pass=NearestQuadPadding ppOnly=0 stripLineD=0 buildPlatform=20 rsLen=0 pKW=UNITY_ENABLE_REFLECTION_BUFFERS UNITY_USE_DITHER_MASK_FOR_ALPHABLENDED_SHADOWS UNITY_PBS_USE_BRDF1 UNITY_SPECCUBE_BOX_PROJECTION UNITY_SPECCUBE_BLENDING UNITY_ENABLE_DETAIL_NORMALMAP SHADER_API_DESKTOP UNITY_LIGHT_PROBE_PROXY_VOLUME UNITY_LIGHTMAP_FULL_HDR UNITY_PLATFORM_SUPPORTS_DEPTH_FETCH uKW= dKW=DISABLE_TEXTURE2D_X_ARRAY BLIT_SINGLE_SLICE UNITY_NO_DXT5nm UNITY_FRAMEBUFFER_FETCH_AVAILABLE UNITY_METAL_SHADOWS_USE_POINT_FILTERING UNITY_NO_SCREENSPACE_SHADOWS UNITY_PBS_USE_BRDF2 UNITY_PBS_USE_BRDF3 UNITY_HARDWARE_TIER1 UNITY_HARDWARE_TIER2 UNITY_HARDWARE_TIER3 UNITY_COLORSPACE_GAMMA UNITY_LIGHTMAP_DLDR_ENCODING UNITY_LIGHTMAP_RGBM_ENCODING UNITY_VIRTUAL_TEXTURING UNITY_PRETRANSFORM_TO_DISPLAY_ORIENTATION UNITY_ASTC_NORMALMAP_ENCODING SHADER_API_GLES30 SHADER_API_GLES31 SHADER_API_GLES32 UNITY_UNIFIED_SHADER_PRECISION_MODEL flags=0 lang=3 type=Fragment platform=dx11 reqs=1101803 mask=6 start=74 toolchain=1
RunExternalCompiler: begin name=FXC
RunExternalCompiler: end
compileSnippet complete
 ok=1 outsize=418

Cmd: compileSnippet
  insize=1444 file=Packages/com.unity.render-pipelines.high-definition/Runtime/ShaderLibrary/Blit.shader name=Hidden/HDRP/Blit pass=BilinearQuadPadding ppOnly=0 stripLineD=0 buildPlatform=20 rsLen=0 pKW=UNITY_ENABLE_REFLECTION_BUFFERS UNITY_USE_DITHER_MASK_FOR_ALPHABLENDED_SHADOWS UNITY_PBS_USE_BRDF1 UNITY_SPECCUBE_BOX_PROJECTION UNITY_SPECCUBE_BLENDING UNITY_ENABLE_DETAIL_NORMALMAP SHADER_API_DESKTOP UNITY_LIGHT_PROBE_PROXY_VOLUME UNITY_LIGHTMAP_FULL_HDR UNITY_PLATFORM_SUPPORTS_DEPTH_FETCH uKW= dKW=DISABLE_TEXTURE2D_X_ARRAY BLIT_SINGLE_SLICE UNITY_NO_DXT5nm UNITY_FRAMEBUFFER_FETCH_AVAILABLE UNITY_METAL_SHADOWS_USE_POINT_FILTERING UNITY_NO_SCREENSPACE_SHADOWS UNITY_PBS_USE_BRDF2 UNITY_PBS_USE_BRDF3 UNITY_HARDWARE_TIER1 UNITY_HARDWARE_TIER2 UNITY_HARDWARE_TIER3 UNITY_COLORSPACE_GAMMA UNITY_LIGHTMAP_DLDR_ENCODING UNITY_LIGHTMAP_RGBM_ENCODING UNITY_VIRTUAL_TEXTURING UNITY_PRETRANSFORM_TO_DISPLAY_ORIENTATION UNITY_ASTC_NORMALMAP_ENCODING SHADER_API_GLES30 SHADER_API_GLES31 SHADER_API_GLES32 UNITY_UNIFIED_SHADER_PRECISION_MODEL flags=0 lang=3 type=Fragment platform=dx11 reqs=1101803 mask=6 start=86 toolchain=1
RunExternalCompiler: begin name=FXC
RunExternalCompiler: end
compileSnippet complete
 ok=1 outsize=418

Cmd: compileSnippet
  insize=1449 file=Packages/com.unity.render-pipelines.high-definition/Runtime/ShaderLibrary/Blit.shader name=Hidden/HDRP/Blit pass=NearestQuadPaddingRepeat ppOnly=0 stripLineD=0 buildPlatform=20 rsLen=0 pKW=UNITY_ENABLE_REFLECTION_BUFFERS UNITY_USE_DITHER_MASK_FOR_ALPHABLENDED_SHADOWS UNITY_PBS_USE_BRDF1 UNITY_SPECCUBE_BOX_PROJECTION UNITY_SPECCUBE_BLENDING UNITY_ENABLE_DETAIL_NORMALMAP SHADER_API_DESKTOP UNITY_LIGHT_PROBE_PROXY_VOLUME UNITY_LIGHTMAP_FULL_HDR UNITY_PLATFORM_SUPPORTS_DEPTH_FETCH uKW= dKW=DISABLE_TEXTURE2D_X_ARRAY BLIT_SINGLE_SLICE UNITY_NO_DXT5nm UNITY_FRAMEBUFFER_FETCH_AVAILABLE UNITY_METAL_SHADOWS_USE_POINT_FILTERING UNITY_NO_SCREENSPACE_SHADOWS UNITY_PBS_USE_BRDF2 UNITY_PBS_USE_BRDF3 UNITY_HARDWARE_TIER1 UNITY_HARDWARE_TIER2 UNITY_HARDWARE_TIER3 UNITY_COLORSPACE_GAMMA UNITY_LIGHTMAP_DLDR_ENCODING UNITY_LIGHTMAP_RGBM_ENCODING UNITY_VIRTUAL_TEXTURING UNITY_PRETRANSFORM_TO_DISPLAY_ORIENTATION UNITY_ASTC_NORMALMAP_ENCODING SHADER_API_GLES30 SHADER_API_GLES31 SHADER_API_GLES32 UNITY_UNIFIED_SHADER_PRECISION_MODEL flags=0 lang=3 type=Fragment platform=dx11 reqs=1101803 mask=6 start=98 toolchain=1
RunExternalCompiler: begin name=FXC
RunExternalCompiler: end
compileSnippet complete
 ok=1 outsize=418

Cmd: compileSnippet
  insize=1452 file=Packages/com.unity.render-pipelines.high-definition/Runtime/ShaderLibrary/Blit.shader name=Hidden/HDRP/Blit pass=BilinearQuadPaddingRepeat ppOnly=0 stripLineD=0 buildPlatform=20 rsLen=0 pKW=UNITY_ENABLE_REFLECTION_BUFFERS UNITY_USE_DITHER_MASK_FOR_ALPHABLENDED_SHADOWS UNITY_PBS_USE_BRDF1 UNITY_SPECCUBE_BOX_PROJECTION UNITY_SPECCUBE_BLENDING UNITY_ENABLE_DETAIL_NORMALMAP SHADER_API_DESKTOP UNITY_LIGHT_PROBE_PROXY_VOLUME UNITY_LIGHTMAP_FULL_HDR UNITY_PLATFORM_SUPPORTS_DEPTH_FETCH uKW= dKW=DISABLE_TEXTURE2D_X_ARRAY BLIT_SINGLE_SLICE UNITY_NO_DXT5nm UNITY_FRAMEBUFFER_FETCH_AVAILABLE UNITY_METAL_SHADOWS_USE_POINT_FILTERING UNITY_NO_SCREENSPACE_SHADOWS UNITY_PBS_USE_BRDF2 UNITY_PBS_USE_BRDF3 UNITY_HARDWARE_TIER1 UNITY_HARDWARE_TIER2 UNITY_HARDWARE_TIER3 UNITY_COLORSPACE_GAMMA UNITY_LIGHTMAP_DLDR_ENCODING UNITY_LIGHTMAP_RGBM_ENCODING UNITY_VIRTUAL_TEXTURING UNITY_PRETRANSFORM_TO_DISPLAY_ORIENTATION UNITY_ASTC_NORMALMAP_ENCODING SHADER_API_GLES30 SHADER_API_GLES31 SHADER_API_GLES32 UNITY_UNIFIED_SHADER_PRECISION_MODEL flags=0 lang=3 type=Fragment platform=dx11 reqs=1101803 mask=6 start=110 toolchain=1
RunExternalCompiler: begin name=FXC
RunExternalCompiler: end
compileSnippet complete
 ok=1 outsize=418

Cmd: compileSnippet
  insize=1462 file=Packages/com.unity.render-pipelines.high-definition/Runtime/ShaderLibrary/Blit.shader name=Hidden/HDRP/Blit pass=BilinearQuadPaddingOctahedral ppOnly=0 stripLineD=0 buildPlatform=20 rsLen=0 pKW=UNITY_ENABLE_REFLECTION_BUFFERS UNITY_USE_DITHER_MASK_FOR_ALPHABLENDED_SHADOWS UNITY_PBS_USE_BRDF1 UNITY_SPECCUBE_BOX_PROJECTION UNITY_SPECCUBE_BLENDING UNITY_ENABLE_DETAIL_NORMALMAP SHADER_API_DESKTOP UNITY_LIGHT_PROBE_PROXY_VOLUME UNITY_LIGHTMAP_FULL_HDR UNITY_PLATFORM_SUPPORTS_DEPTH_FETCH uKW= dKW=DISABLE_TEXTURE2D_X_ARRAY BLIT_SINGLE_SLICE UNITY_NO_DXT5nm UNITY_FRAMEBUFFER_FETCH_AVAILABLE UNITY_METAL_SHADOWS_USE_POINT_FILTERING UNITY_NO_SCREENSPACE_SHADOWS UNITY_PBS_USE_BRDF2 UNITY_PBS_USE_BRDF3 UNITY_HARDWARE_TIER1 UNITY_HARDWARE_TIER2 UNITY_HARDWARE_TIER3 UNITY_COLORSPACE_GAMMA UNITY_LIGHTMAP_DLDR_ENCODING UNITY_LIGHTMAP_RGBM_ENCODING UNITY_VIRTUAL_TEXTURING UNITY_PRETRANSFORM_TO_DISPLAY_ORIENTATION UNITY_ASTC_NORMALMAP_ENCODING SHADER_API_GLES30 SHADER_API_GLES31 SHADER_API_GLES32 UNITY_UNIFIED_SHADER_PRECISION_MODEL flags=0 lang=3 type=Fragment platform=dx11 reqs=1101803 mask=6 start=122 toolchain=1
RunExternalCompiler: begin name=FXC
RunExternalCompiler: end
compileSnippet complete
 ok=1 outsize=990

Cmd: compileSnippet
  insize=1486 file=Packages/com.unity.render-pipelines.high-definition/Runtime/ShaderLibrary/Blit.shader name=Hidden/HDRP/Blit pass=NearestQuadPaddingAlphaBlend ppOnly=0 stripLineD=0 buildPlatform=20 rsLen=0 pKW=UNITY_ENABLE_REFLECTION_BUFFERS UNITY_USE_DITHER_MASK_FOR_ALPHABLENDED_SHADOWS UNITY_PBS_USE_BRDF1 UNITY_SPECCUBE_BOX_PROJECTION UNITY_SPECCUBE_BLENDING UNITY_ENABLE_DETAIL_NORMALMAP SHADER_API_DESKTOP UNITY_LIGHT_PROBE_PROXY_VOLUME UNITY_LIGHTMAP_FULL_HDR UNITY_PLATFORM_SUPPORTS_DEPTH_FETCH uKW= dKW=DISABLE_TEXTURE2D_X_ARRAY BLIT_SINGLE_SLICE UNITY_NO_DXT5nm UNITY_FRAMEBUFFER_FETCH_AVAILABLE UNITY_METAL_SHADOWS_USE_POINT_FILTERING UNITY_NO_SCREENSPACE_SHADOWS UNITY_PBS_USE_BRDF2 UNITY_PBS_USE_BRDF3 UNITY_HARDWARE_TIER1 UNITY_HARDWARE_TIER2 UNITY_HARDWARE_TIER3 UNITY_COLORSPACE_GAMMA UNITY_LIGHTMAP_DLDR_ENCODING UNITY_LIGHTMAP_RGBM_ENCODING UNITY_VIRTUAL_TEXTURING UNITY_PRETRANSFORM_TO_DISPLAY_ORIENTATION UNITY_ASTC_NORMALMAP_ENCODING SHADER_API_GLES30 SHADER_API_GLES31 SHADER_API_GLES32 UNITY_UNIFIED_SHADER_PRECISION_MODEL flags=0 lang=3 type=Fragment platform=dx11 reqs=1101803 mask=6 start=135 toolchain=1
RunExternalCompiler: begin name=FXC
RunExternalCompiler: end
compileSnippet complete
 ok=1 outsize=418

Cmd: compileSnippet
  insize=1487 file=Packages/com.unity.render-pipelines.high-definition/Runtime/ShaderLibrary/Blit.shader name=Hidden/HDRP/Blit pass=BilinearQuadPaddingAlphaBlend ppOnly=0 stripLineD=0 buildPlatform=20 rsLen=0 pKW=UNITY_ENABLE_REFLECTION_BUFFERS UNITY_USE_DITHER_MASK_FOR_ALPHABLENDED_SHADOWS UNITY_PBS_USE_BRDF1 UNITY_SPECCUBE_BOX_PROJECTION UNITY_SPECCUBE_BLENDING UNITY_ENABLE_DETAIL_NORMALMAP SHADER_API_DESKTOP UNITY_LIGHT_PROBE_PROXY_VOLUME UNITY_LIGHTMAP_FULL_HDR UNITY_PLATFORM_SUPPORTS_DEPTH_FETCH uKW= dKW=DISABLE_TEXTURE2D_X_ARRAY BLIT_SINGLE_SLICE UNITY_NO_DXT5nm UNITY_FRAMEBUFFER_FETCH_AVAILABLE UNITY_METAL_SHADOWS_USE_POINT_FILTERING UNITY_NO_SCREENSPACE_SHADOWS UNITY_PBS_USE_BRDF2 UNITY_PBS_USE_BRDF3 UNITY_HARDWARE_TIER1 UNITY_HARDWARE_TIER2 UNITY_HARDWARE_TIER3 UNITY_COLORSPACE_GAMMA UNITY_LIGHTMAP_DLDR_ENCODING UNITY_LIGHTMAP_RGBM_ENCODING UNITY_VIRTUAL_TEXTURING UNITY_PRETRANSFORM_TO_DISPLAY_ORIENTATION UNITY_ASTC_NORMALMAP_ENCODING SHADER_API_GLES30 SHADER_API_GLES31 SHADER_API_GLES32 UNITY_UNIFIED_SHADER_PRECISION_MODEL flags=0 lang=3 type=Fragment platform=dx11 reqs=1101803 mask=6 start=148 toolchain=1
RunExternalCompiler: begin name=FXC
RunExternalCompiler: end
compileSnippet complete
 ok=1 outsize=418

Cmd: compileSnippet
  insize=1492 file=Packages/com.unity.render-pipelines.high-definition/Runtime/ShaderLibrary/Blit.shader name=Hidden/HDRP/Blit pass=NearestQuadPaddingAlphaBlendRepeat ppOnly=0 stripLineD=0 buildPlatform=20 rsLen=0 pKW=UNITY_ENABLE_REFLECTION_BUFFERS UNITY_USE_DITHER_MASK_FOR_ALPHABLENDED_SHADOWS UNITY_PBS_USE_BRDF1 UNITY_SPECCUBE_BOX_PROJECTION UNITY_SPECCUBE_BLENDING UNITY_ENABLE_DETAIL_NORMALMAP SHADER_API_DESKTOP UNITY_LIGHT_PROBE_PROXY_VOLUME UNITY_LIGHTMAP_FULL_HDR UNITY_PLATFORM_SUPPORTS_DEPTH_FETCH uKW= dKW=DISABLE_TEXTURE2D_X_ARRAY BLIT_SINGLE_SLICE UNITY_NO_DXT5nm UNITY_FRAMEBUFFER_FETCH_AVAILABLE UNITY_METAL_SHADOWS_USE_POINT_FILTERING UNITY_NO_SCREENSPACE_SHADOWS UNITY_PBS_USE_BRDF2 UNITY_PBS_USE_BRDF3 UNITY_HARDWARE_TIER1 UNITY_HARDWARE_TIER2 UNITY_HARDWARE_TIER3 UNITY_COLORSPACE_GAMMA UNITY_LIGHTMAP_DLDR_ENCODING UNITY_LIGHTMAP_RGBM_ENCODING UNITY_VIRTUAL_TEXTURING UNITY_PRETRANSFORM_TO_DISPLAY_ORIENTATION UNITY_ASTC_NORMALMAP_ENCODING SHADER_API_GLES30 SHADER_API_GLES31 SHADER_API_GLES32 UNITY_UNIFIED_SHADER_PRECISION_MODEL flags=0 lang=3 type=Fragment platform=dx11 reqs=1101803 mask=6 start=161 toolchain=1
RunExternalCompiler: begin name=FXC
RunExternalCompiler: end
compileSnippet complete
 ok=1 outsize=418

Cmd: compileSnippet
  insize=1493 file=Packages/com.unity.render-pipelines.high-definition/Runtime/ShaderLibrary/Blit.shader name=Hidden/HDRP/Blit pass=BilinearQuadPaddingAlphaBlendRepeat ppOnly=0 stripLineD=0 buildPlatform=20 rsLen=0 pKW=UNITY_ENABLE_REFLECTION_BUFFERS UNITY_USE_DITHER_MASK_FOR_ALPHABLENDED_SHADOWS UNITY_PBS_USE_BRDF1 UNITY_SPECCUBE_BOX_PROJECTION UNITY_SPECCUBE_BLENDING UNITY_ENABLE_DETAIL_NORMALMAP SHADER_API_DESKTOP UNITY_LIGHT_PROBE_PROXY_VOLUME UNITY_LIGHTMAP_FULL_HDR UNITY_PLATFORM_SUPPORTS_DEPTH_FETCH uKW= dKW=DISABLE_TEXTURE2D_X_ARRAY BLIT_SINGLE_SLICE UNITY_NO_DXT5nm UNITY_FRAMEBUFFER_FETCH_AVAILABLE UNITY_METAL_SHADOWS_USE_POINT_FILTERING UNITY_NO_SCREENSPACE_SHADOWS UNITY_PBS_USE_BRDF2 UNITY_PBS_USE_BRDF3 UNITY_HARDWARE_TIER1 UNITY_HARDWARE_TIER2 UNITY_HARDWARE_TIER3 UNITY_COLORSPACE_GAMMA UNITY_LIGHTMAP_DLDR_ENCODING UNITY_LIGHTMAP_RGBM_ENCODING UNITY_VIRTUAL_TEXTURING UNITY_PRETRANSFORM_TO_DISPLAY_ORIENTATION UNITY_ASTC_NORMALMAP_ENCODING SHADER_API_GLES30 SHADER_API_GLES31 SHADER_API_GLES32 UNITY_UNIFIED_SHADER_PRECISION_MODEL flags=0 lang=3 type=Fragment platform=dx11 reqs=1101803 mask=6 start=174 toolchain=1
RunExternalCompiler: begin name=FXC
RunExternalCompiler: end
compileSnippet complete
 ok=1 outsize=418

Cmd: compileSnippet
  insize=1503 file=Packages/com.unity.render-pipelines.high-definition/Runtime/ShaderLibrary/Blit.shader name=Hidden/HDRP/Blit pass=BilinearQuadPaddingAlphaBlendOctahedral ppOnly=0 stripLineD=0 buildPlatform=20 rsLen=0 pKW=UNITY_ENABLE_REFLECTION_BUFFERS UNITY_USE_DITHER_MASK_FOR_ALPHABLENDED_SHADOWS UNITY_PBS_USE_BRDF1 UNITY_SPECCUBE_BOX_PROJECTION UNITY_SPECCUBE_BLENDING UNITY_ENABLE_DETAIL_NORMALMAP SHADER_API_DESKTOP UNITY_LIGHT_PROBE_PROXY_VOLUME UNITY_LIGHTMAP_FULL_HDR UNITY_PLATFORM_SUPPORTS_DEPTH_FETCH uKW= dKW=DISABLE_TEXTURE2D_X_ARRAY BLIT_SINGLE_SLICE UNITY_NO_DXT5nm UNITY_FRAMEBUFFER_FETCH_AVAILABLE UNITY_METAL_SHADOWS_USE_POINT_FILTERING UNITY_NO_SCREENSPACE_SHADOWS UNITY_PBS_USE_BRDF2 UNITY_PBS_USE_BRDF3 UNITY_HARDWARE_TIER1 UNITY_HARDWARE_TIER2 UNITY_HARDWARE_TIER3 UNITY_COLORSPACE_GAMMA UNITY_LIGHTMAP_DLDR_ENCODING UNITY_LIGHTMAP_RGBM_ENCODING UNITY_VIRTUAL_TEXTURING UNITY_PRETRANSFORM_TO_DISPLAY_ORIENTATION UNITY_ASTC_NORMALMAP_ENCODING SHADER_API_GLES30 SHADER_API_GLES31 SHADER_API_GLES32 UNITY_UNIFIED_SHADER_PRECISION_MODEL flags=0 lang=3 type=Fragment platform=dx11 reqs=1101803 mask=6 start=187 toolchain=1
RunExternalCompiler: begin name=FXC
RunExternalCompiler: end
compileSnippet complete
 ok=1 outsize=990

Cmd: compileSnippet
  insize=1448 file=Packages/com.unity.render-pipelines.high-definition/Runtime/ShaderLibrary/Blit.shader name=Hidden/HDRP/Blit pass=CubeToOctahedral ppOnly=0 stripLineD=0 buildPlatform=20 rsLen=0 pKW=UNITY_ENABLE_REFLECTION_BUFFERS UNITY_USE_DITHER_MASK_FOR_ALPHABLENDED_SHADOWS UNITY_PBS_USE_BRDF1 UNITY_SPECCUBE_BOX_PROJECTION UNITY_SPECCUBE_BLENDING UNITY_ENABLE_DETAIL_NORMALMAP SHADER_API_DESKTOP UNITY_LIGHT_PROBE_PROXY_VOLUME UNITY_LIGHTMAP_FULL_HDR UNITY_PLATFORM_SUPPORTS_DEPTH_FETCH uKW= dKW=DISABLE_TEXTURE2D_X_ARRAY BLIT_SINGLE_SLICE UNITY_NO_DXT5nm UNITY_FRAMEBUFFER_FETCH_AVAILABLE UNITY_METAL_SHADOWS_USE_POINT_FILTERING UNITY_NO_SCREENSPACE_SHADOWS UNITY_PBS_USE_BRDF2 UNITY_PBS_USE_BRDF3 UNITY_HARDWARE_TIER1 UNITY_HARDWARE_TIER2 UNITY_HARDWARE_TIER3 UNITY_COLORSPACE_GAMMA UNITY_LIGHTMAP_DLDR_ENCODING UNITY_LIGHTMAP_RGBM_ENCODING UNITY_VIRTUAL_TEXTURING UNITY_PRETRANSFORM_TO_DISPLAY_ORIENTATION UNITY_ASTC_NORMALMAP_ENCODING SHADER_API_GLES30 SHADER_API_GLES31 SHADER_API_GLES32 UNITY_UNIFIED_SHADER_PRECISION_MODEL flags=0 lang=3 type=Fragment platform=dx11 reqs=1101803 mask=6 start=200 toolchain=1
RunExternalCompiler: begin name=FXC
RunExternalCompiler: end
compileSnippet complete
 ok=1 outsize=858

Cmd: compileSnippet
  insize=1457 file=Packages/com.unity.render-pipelines.high-definition/Runtime/ShaderLibrary/Blit.shader name=Hidden/HDRP/Blit pass=CubeToOctahedralLuminance ppOnly=0 stripLineD=0 buildPlatform=20 rsLen=0 pKW=UNITY_ENABLE_REFLECTION_BUFFERS UNITY_USE_DITHER_MASK_FOR_ALPHABLENDED_SHADOWS UNITY_PBS_USE_BRDF1 UNITY_SPECCUBE_BOX_PROJECTION UNITY_SPECCUBE_BLENDING UNITY_ENABLE_DETAIL_NORMALMAP SHADER_API_DESKTOP UNITY_LIGHT_PROBE_PROXY_VOLUME UNITY_LIGHTMAP_FULL_HDR UNITY_PLATFORM_SUPPORTS_DEPTH_FETCH uKW= dKW=DISABLE_TEXTURE2D_X_ARRAY BLIT_SINGLE_SLICE UNITY_NO_DXT5nm UNITY_FRAMEBUFFER_FETCH_AVAILABLE UNITY_METAL_SHADOWS_USE_POINT_FILTERING UNITY_NO_SCREENSPACE_SHADOWS UNITY_PBS_USE_BRDF2 UNITY_PBS_USE_BRDF3 UNITY_HARDWARE_TIER1 UNITY_HARDWARE_TIER2 UNITY_HARDWARE_TIER3 UNITY_COLORSPACE_GAMMA UNITY_LIGHTMAP_DLDR_ENCODING UNITY_LIGHTMAP_RGBM_ENCODING UNITY_VIRTUAL_TEXTURING UNITY_PRETRANSFORM_TO_DISPLAY_ORIENTATION UNITY_ASTC_NORMALMAP_ENCODING SHADER_API_GLES30 SHADER_API_GLES31 SHADER_API_GLES32 UNITY_UNIFIED_SHADER_PRECISION_MODEL flags=0 lang=3 type=Fragment platform=dx11 reqs=1101803 mask=6 start=212 toolchain=1
RunExternalCompiler: begin name=FXC
RunExternalCompiler: end
compileSnippet complete
 ok=1 outsize=858

Cmd: compileSnippet
  insize=1459 file=Packages/com.unity.render-pipelines.high-definition/Runtime/ShaderLibrary/Blit.shader name=Hidden/HDRP/Blit pass=CubeToOctahedralAlpha ppOnly=0 stripLineD=0 buildPlatform=20 rsLen=0 pKW=UNITY_ENABLE_REFLECTION_BUFFERS UNITY_USE_DITHER_MASK_FOR_ALPHABLENDED_SHADOWS UNITY_PBS_USE_BRDF1 UNITY_SPECCUBE_BOX_PROJECTION UNITY_SPECCUBE_BLENDING UNITY_ENABLE_DETAIL_NORMALMAP SHADER_API_DESKTOP UNITY_LIGHT_PROBE_PROXY_VOLUME UNITY_LIGHTMAP_FULL_HDR UNITY_PLATFORM_SUPPORTS_DEPTH_FETCH uKW= dKW=DISABLE_TEXTURE2D_X_ARRAY BLIT_SINGLE_SLICE UNITY_NO_DXT5nm UNITY_FRAMEBUFFER_FETCH_AVAILABLE UNITY_METAL_SHADOWS_USE_POINT_FILTERING UNITY_NO_SCREENSPACE_SHADOWS UNITY_PBS_USE_BRDF2 UNITY_PBS_USE_BRDF3 UNITY_HARDWARE_TIER1 UNITY_HARDWARE_TIER2 UNITY_HARDWARE_TIER3 UNITY_COLORSPACE_GAMMA UNITY_LIGHTMAP_DLDR_ENCODING UNITY_LIGHTMAP_RGBM_ENCODING UNITY_VIRTUAL_TEXTURING UNITY_PRETRANSFORM_TO_DISPLAY_ORIENTATION UNITY_ASTC_NORMALMAP_ENCODING SHADER_API_GLES30 SHADER_API_GLES31 SHADER_API_GLES32 UNITY_UNIFIED_SHADER_PRECISION_MODEL flags=0 lang=3 type=Fragment platform=dx11 reqs=1101803 mask=6 start=224 toolchain=1
RunExternalCompiler: begin name=FXC
RunExternalCompiler: end
compileSnippet complete
 ok=1 outsize=838

Cmd: compileSnippet
  insize=1457 file=Packages/com.unity.render-pipelines.high-definition/Runtime/ShaderLibrary/Blit.shader name=Hidden/HDRP/Blit pass=CubeToOctahedralRed ppOnly=0 stripLineD=0 buildPlatform=20 rsLen=0 pKW=UNITY_ENABLE_REFLECTION_BUFFERS UNITY_USE_DITHER_MASK_FOR_ALPHABLENDED_SHADOWS UNITY_PBS_USE_BRDF1 UNITY_SPECCUBE_BOX_PROJECTION UNITY_SPECCUBE_BLENDING UNITY_ENABLE_DETAIL_NORMALMAP SHADER_API_DESKTOP UNITY_LIGHT_PROBE_PROXY_VOLUME UNITY_LIGHTMAP_FULL_HDR UNITY_PLATFORM_SUPPORTS_DEPTH_FETCH uKW= dKW=DISABLE_TEXTURE2D_X_ARRAY BLIT_SINGLE_SLICE UNITY_NO_DXT5nm UNITY_FRAMEBUFFER_FETCH_AVAILABLE UNITY_METAL_SHADOWS_USE_POINT_FILTERING UNITY_NO_SCREENSPACE_SHADOWS UNITY_PBS_USE_BRDF2 UNITY_PBS_USE_BRDF3 UNITY_HARDWARE_TIER1 UNITY_HARDWARE_TIER2 UNITY_HARDWARE_TIER3 UNITY_COLORSPACE_GAMMA UNITY_LIGHTMAP_DLDR_ENCODING UNITY_LIGHTMAP_RGBM_ENCODING UNITY_VIRTUAL_TEXTURING UNITY_PRETRANSFORM_TO_DISPLAY_ORIENTATION UNITY_ASTC_NORMALMAP_ENCODING SHADER_API_GLES30 SHADER_API_GLES31 SHADER_API_GLES32 UNITY_UNIFIED_SHADER_PRECISION_MODEL flags=0 lang=3 type=Fragment platform=dx11 reqs=1101803 mask=6 start=236 toolchain=1
RunExternalCompiler: begin name=FXC
RunExternalCompiler: end
compileSnippet complete
 ok=1 outsize=838

Cmd: compileSnippet
  insize=1450 file=Packages/com.unity.render-pipelines.high-definition/Runtime/ShaderLibrary/Blit.shader name=Hidden/HDRP/Blit pass=BilinearQuadAlpha ppOnly=0 stripLineD=0 buildPlatform=20 rsLen=0 pKW=UNITY_ENABLE_REFLECTION_BUFFERS UNITY_USE_DITHER_MASK_FOR_ALPHABLENDED_SHADOWS UNITY_PBS_USE_BRDF1 UNITY_SPECCUBE_BOX_PROJECTION UNITY_SPECCUBE_BLENDING UNITY_ENABLE_DETAIL_NORMALMAP SHADER_API_DESKTOP UNITY_LIGHT_PROBE_PROXY_VOLUME UNITY_LIGHTMAP_FULL_HDR UNITY_PLATFORM_SUPPORTS_DEPTH_FETCH uKW= dKW=DISABLE_TEXTURE2D_X_ARRAY BLIT_SINGLE_SLICE UNITY_NO_DXT5nm UNITY_FRAMEBUFFER_FETCH_AVAILABLE UNITY_METAL_SHADOWS_USE_POINT_FILTERING UNITY_NO_SCREENSPACE_SHADOWS UNITY_PBS_USE_BRDF2 UNITY_PBS_USE_BRDF3 UNITY_HARDWARE_TIER1 UNITY_HARDWARE_TIER2 UNITY_HARDWARE_TIER3 UNITY_COLORSPACE_GAMMA UNITY_LIGHTMAP_DLDR_ENCODING UNITY_LIGHTMAP_RGBM_ENCODING UNITY_VIRTUAL_TEXTURING UNITY_PRETRANSFORM_TO_DISPLAY_ORIENTATION UNITY_ASTC_NORMALMAP_ENCODING SHADER_API_GLES30 SHADER_API_GLES31 SHADER_API_GLES32 UNITY_UNIFIED_SHADER_PRECISION_MODEL flags=0 lang=3 type=Fragment platform=dx11 reqs=1101803 mask=6 start=260 toolchain=1
RunExternalCompiler: begin name=FXC
RunExternalCompiler: end
compileSnippet complete
 ok=1 outsize=438

Cmd: compileSnippet
  insize=1630 file=Packages/com.unity.render-pipelines.high-definition/Runtime/ShaderLibrary/Blit.shader name=Hidden/HDRP/Blit pass=NearestCubeToOctahedralPadding ppOnly=0 stripLineD=0 buildPlatform=20 rsLen=0 pKW=UNITY_ENABLE_REFLECTION_BUFFERS UNITY_USE_DITHER_MASK_FOR_ALPHABLENDED_SHADOWS UNITY_PBS_USE_BRDF1 UNITY_SPECCUBE_BOX_PROJECTION UNITY_SPECCUBE_BLENDING UNITY_ENABLE_DETAIL_NORMALMAP SHADER_API_DESKTOP UNITY_LIGHT_PROBE_PROXY_VOLUME UNITY_LIGHTMAP_FULL_HDR UNITY_PLATFORM_SUPPORTS_DEPTH_FETCH uKW= dKW=DISABLE_TEXTURE2D_X_ARRAY BLIT_SINGLE_SLICE BLIT_DECODE_HDR UNITY_NO_DXT5nm UNITY_FRAMEBUFFER_FETCH_AVAILABLE UNITY_METAL_SHADOWS_USE_POINT_FILTERING UNITY_NO_SCREENSPACE_SHADOWS UNITY_PBS_USE_BRDF2 UNITY_PBS_USE_BRDF3 UNITY_HARDWARE_TIER1 UNITY_HARDWARE_TIER2 UNITY_HARDWARE_TIER3 UNITY_COLORSPACE_GAMMA UNITY_LIGHTMAP_DLDR_ENCODING UNITY_LIGHTMAP_RGBM_ENCODING UNITY_VIRTUAL_TEXTURING UNITY_PRETRANSFORM_TO_DISPLAY_ORIENTATION UNITY_ASTC_NORMALMAP_ENCODING SHADER_API_GLES30 SHADER_API_GLES31 SHADER_API_GLES32 UNITY_UNIFIED_SHADER_PRECISION_MODEL flags=0 lang=3 type=Fragment platform=dx11 reqs=1101803 mask=6 start=284 toolchain=1
RunExternalCompiler: begin name=FXC
RunExternalCompiler: end
compileSnippet complete
 ok=1 outsize=1430

Cmd: compileSnippet
  insize=1461 file=Packages/com.unity.render-pipelines.high-definition/Runtime/ShaderLibrary/Blit.shader name=Hidden/HDRP/Blit pass=NearestQuadPaddingOctahedral ppOnly=0 stripLineD=0 buildPlatform=20 rsLen=0 pKW=UNITY_ENABLE_REFLECTION_BUFFERS UNITY_USE_DITHER_MASK_FOR_ALPHABLENDED_SHADOWS UNITY_PBS_USE_BRDF1 UNITY_SPECCUBE_BOX_PROJECTION UNITY_SPECCUBE_BLENDING UNITY_ENABLE_DETAIL_NORMALMAP SHADER_API_DESKTOP UNITY_LIGHT_PROBE_PROXY_VOLUME UNITY_LIGHTMAP_FULL_HDR UNITY_PLATFORM_SUPPORTS_DEPTH_FETCH uKW= dKW=DISABLE_TEXTURE2D_X_ARRAY BLIT_SINGLE_SLICE UNITY_NO_DXT5nm UNITY_FRAMEBUFFER_FETCH_AVAILABLE UNITY_METAL_SHADOWS_USE_POINT_FILTERING UNITY_NO_SCREENSPACE_SHADOWS UNITY_PBS_USE_BRDF2 UNITY_PBS_USE_BRDF3 UNITY_HARDWARE_TIER1 UNITY_HARDWARE_TIER2 UNITY_HARDWARE_TIER3 UNITY_COLORSPACE_GAMMA UNITY_LIGHTMAP_DLDR_ENCODING UNITY_LIGHTMAP_RGBM_ENCODING UNITY_VIRTUAL_TEXTURING UNITY_PRETRANSFORM_TO_DISPLAY_ORIENTATION UNITY_ASTC_NORMALMAP_ENCODING SHADER_API_GLES30 SHADER_API_GLES31 SHADER_API_GLES32 UNITY_UNIFIED_SHADER_PRECISION_MODEL flags=0 lang=3 type=Fragment platform=dx11 reqs=1101803 mask=6 start=310 toolchain=1
RunExternalCompiler: begin name=FXC
RunExternalCompiler: end
compileSnippet complete
 ok=1 outsize=990

Cmd: compileSnippet
  insize=1257 file=Packages/com.unity.render-pipelines.universal/Shaders/PostProcessing/LensFlareScreenSpace.shader name=Hidden/Universal Render Pipeline/LensFlareScreenSpace pass=LensFlareScreenSpac Prefilter ppOnly=0 stripLineD=0 buildPlatform=20 rsLen=0 pKW=UNITY_ENABLE_REFLECTION_BUFFERS UNITY_USE_DITHER_MASK_FOR_ALPHABLENDED_SHADOWS UNITY_PBS_USE_BRDF1 UNITY_SPECCUBE_BOX_PROJECTION UNITY_SPECCUBE_BLENDING UNITY_ENABLE_DETAIL_NORMALMAP SHADER_API_DESKTOP UNITY_LIGHT_PROBE_PROXY_VOLUME UNITY_LIGHTMAP_FULL_HDR UNITY_PLATFORM_SUPPORTS_DEPTH_FETCH uKW= dKW=UNITY_NO_DXT5nm UNITY_FRAMEBUFFER_FETCH_AVAILABLE UNITY_METAL_SHADOWS_USE_POINT_FILTERING UNITY_NO_SCREENSPACE_SHADOWS UNITY_PBS_USE_BRDF2 UNITY_PBS_USE_BRDF3 UNITY_HARDWARE_TIER1 UNITY_HARDWARE_TIER2 UNITY_HARDWARE_TIER3 UNITY_COLORSPACE_GAMMA UNITY_LIGHTMAP_DLDR_ENCODING UNITY_LIGHTMAP_RGBM_ENCODING UNITY_VIRTUAL_TEXTURING UNITY_PRETRANSFORM_TO_DISPLAY_ORIENTATION UNITY_ASTC_NORMALMAP_ENCODING SHADER_API_GLES30 SHADER_API_GLES31 SHADER_API_GLES32 UNITY_UNIFIED_SHADER_PRECISION_MODEL flags=0 lang=3 type=Fragment platform=dx11 reqs=227 mask=6 start=17 toolchain=1
RunExternalCompiler: begin name=FXC
RunExternalCompiler: end
compileSnippet complete
 ok=1 outsize=1410

Cmd: compileSnippet
  insize=1256 file=Packages/com.unity.render-pipelines.universal/Shaders/PostProcessing/LensFlareScreenSpace.shader name=Hidden/Universal Render Pipeline/LensFlareScreenSpace pass=LensFlareScreenSpace Upsample ppOnly=0 stripLineD=0 buildPlatform=20 rsLen=0 pKW=UNITY_ENABLE_REFLECTION_BUFFERS UNITY_USE_DITHER_MASK_FOR_ALPHABLENDED_SHADOWS UNITY_PBS_USE_BRDF1 UNITY_SPECCUBE_BOX_PROJECTION UNITY_SPECCUBE_BLENDING UNITY_ENABLE_DETAIL_NORMALMAP SHADER_API_DESKTOP UNITY_LIGHT_PROBE_PROXY_VOLUME UNITY_LIGHTMAP_FULL_HDR UNITY_PLATFORM_SUPPORTS_DEPTH_FETCH uKW= dKW=UNITY_NO_DXT5nm UNITY_FRAMEBUFFER_FETCH_AVAILABLE UNITY_METAL_SHADOWS_USE_POINT_FILTERING UNITY_NO_SCREENSPACE_SHADOWS UNITY_PBS_USE_BRDF2 UNITY_PBS_USE_BRDF3 UNITY_HARDWARE_TIER1 UNITY_HARDWARE_TIER2 UNITY_HARDWARE_TIER3 UNITY_COLORSPACE_GAMMA UNITY_LIGHTMAP_DLDR_ENCODING UNITY_LIGHTMAP_RGBM_ENCODING UNITY_VIRTUAL_TEXTURING UNITY_PRETRANSFORM_TO_DISPLAY_ORIENTATION UNITY_ASTC_NORMALMAP_ENCODING SHADER_API_GLES30 SHADER_API_GLES31 SHADER_API_GLES32 UNITY_UNIFIED_SHADER_PRECISION_MODEL flags=0 lang=3 type=Fragment platform=dx11 reqs=227 mask=6 start=77 toolchain=1
RunExternalCompiler: begin name=FXC
RunExternalCompiler: end
compileSnippet complete
 ok=1 outsize=1558

Cmd: compileSnippet
  insize=1255 file=Packages/com.unity.render-pipelines.universal/Shaders/PostProcessing/LensFlareScreenSpace.shader name=Hidden/Universal Render Pipeline/LensFlareScreenSpace pass=LensFlareScreenSpace Write to BloomTexture ppOnly=0 stripLineD=0 buildPlatform=20 rsLen=0 pKW=UNITY_ENABLE_REFLECTION_BUFFERS UNITY_USE_DITHER_MASK_FOR_ALPHABLENDED_SHADOWS UNITY_PBS_USE_BRDF1 UNITY_SPECCUBE_BOX_PROJECTION UNITY_SPECCUBE_BLENDING UNITY_ENABLE_DETAIL_NORMALMAP SHADER_API_DESKTOP UNITY_LIGHT_PROBE_PROXY_VOLUME UNITY_LIGHTMAP_FULL_HDR UNITY_PLATFORM_SUPPORTS_DEPTH_FETCH uKW= dKW=UNITY_NO_DXT5nm UNITY_FRAMEBUFFER_FETCH_AVAILABLE UNITY_METAL_SHADOWS_USE_POINT_FILTERING UNITY_NO_SCREENSPACE_SHADOWS UNITY_PBS_USE_BRDF2 UNITY_PBS_USE_BRDF3 UNITY_HARDWARE_TIER1 UNITY_HARDWARE_TIER2 UNITY_HARDWARE_TIER3 UNITY_COLORSPACE_GAMMA UNITY_LIGHTMAP_DLDR_ENCODING UNITY_LIGHTMAP_RGBM_ENCODING UNITY_VIRTUAL_TEXTURING UNITY_PRETRANSFORM_TO_DISPLAY_ORIENTATION UNITY_ASTC_NORMALMAP_ENCODING SHADER_API_GLES30 SHADER_API_GLES31 SHADER_API_GLES32 UNITY_UNIFIED_SHADER_PRECISION_MODEL flags=0 lang=3 type=Fragment platform=dx11 reqs=227 mask=6 start=138 toolchain=1
RunExternalCompiler: begin name=FXC
RunExternalCompiler: end
compileSnippet complete
 ok=1 outsize=494

Cmd: compileSnippet
  insize=3140 file=Packages/com.unity.render-pipelines.high-definition/Editor/Material/DiffusionProfile/DrawDiffusionProfile.shader name=Hidden/HDRP/DrawDiffusionProfile pass=<Unnamed Pass 0> ppOnly=0 stripLineD=0 buildPlatform=20 rsLen=0 pKW=UNITY_ENABLE_REFLECTION_BUFFERS UNITY_USE_DITHER_MASK_FOR_ALPHABLENDED_SHADOWS UNITY_PBS_USE_BRDF1 UNITY_SPECCUBE_BOX_PROJECTION UNITY_SPECCUBE_BLENDING UNITY_ENABLE_DETAIL_NORMALMAP SHADER_API_DESKTOP UNITY_LIGHT_PROBE_PROXY_VOLUME UNITY_LIGHTMAP_FULL_HDR UNITY_PLATFORM_SUPPORTS_DEPTH_FETCH uKW= dKW=UNITY_NO_DXT5nm UNITY_FRAMEBUFFER_FETCH_AVAILABLE UNITY_METAL_SHADOWS_USE_POINT_FILTERING UNITY_NO_SCREENSPACE_SHADOWS UNITY_PBS_USE_BRDF2 UNITY_PBS_USE_BRDF3 UNITY_HARDWARE_TIER1 UNITY_HARDWARE_TIER2 UNITY_HARDWARE_TIER3 UNITY_COLORSPACE_GAMMA UNITY_LIGHTMAP_DLDR_ENCODING UNITY_LIGHTMAP_RGBM_ENCODING UNITY_VIRTUAL_TEXTURING UNITY_PRETRANSFORM_TO_DISPLAY_ORIENTATION UNITY_ASTC_NORMALMAP_ENCODING SHADER_API_GLES30 SHADER_API_GLES31 SHADER_API_GLES32 UNITY_UNIFIED_SHADER_PRECISION_MODEL flags=0 lang=3 type=Fragment platform=dx11 reqs=1101803 mask=6 start=13 toolchain=1
RunExternalCompiler: begin name=FXC
RunExternalCompiler: end
compileSnippet complete
 ok=1 outsize=766

Cmd: compileSnippet
  insize=5938 file=Packages/com.unity.render-pipelines.universal/Shaders/Terrain/WavingGrass.shader name=Hidden/TerrainEngine/Details/UniversalPipeline/WavingDoublePass pass=ForwardLit ppOnly=0 stripLineD=0 buildPlatform=20 rsLen=0 pKW=UNITY_ENABLE_REFLECTION_BUFFERS UNITY_USE_DITHER_MASK_FOR_ALPHABLENDED_SHADOWS UNITY_PBS_USE_BRDF1 UNITY_SPECCUBE_BOX_PROJECTION UNITY_SPECCUBE_BLENDING UNITY_ENABLE_DETAIL_NORMALMAP SHADER_API_DESKTOP UNITY_LIGHT_PROBE_PROXY_VOLUME UNITY_LIGHTMAP_FULL_HDR UNITY_PLATFORM_SUPPORTS_DEPTH_FETCH uKW= dKW=_ADDITIONAL_LIGHT_SHADOWS _SHADOWS_SOFT _SHADOWS_SOFT_LOW _SHADOWS_SOFT_MEDIUM _SHADOWS_SOFT_HIGH _SCREEN_SPACE_OCCLUSION _SCREEN_SPACE_IRRADIANCE _LIGHT_COOKIES LIGHTMAP_BICUBIC_SAMPLING REFLECTION_PROBE_ROTATION DEBUG_DISPLAY _MAIN_LIGHT_SHADOWS _MAIN_LIGHT_SHADOWS_CASCADE _MAIN_LIGHT_SHADOWS_SCREEN _ADDITIONAL_LIGHTS_VERTEX _ADDITIONAL_LIGHTS LIGHTMAP_SHADOW_MIXING SHADOWS_SHADOWMASK _LIGHT_LAYERS _CLUSTER_LIGHT_LOOP EVALUATE_SH_MIXED EVALUATE_SH_VERTEX PROBE_VOLUMES_L1 PROBE_VOLUMES_L2 DIRLIGHTMAP_COMBINED LIGHTMAP_ON FOG_LINEAR FOG_EXP FOG_EXP2 INSTANCING_ON UNITY_NO_DXT5nm UNITY_FRAMEBUFFER_FETCH_AVAILABLE UNITY_METAL_SHADOWS_USE_POINT_FILTERING UNITY_NO_SCREENSPACE_SHADOWS UNITY_PBS_USE_BRDF2 UNITY_PBS_USE_BRDF3 UNITY_HARDWARE_TIER1 UNITY_HARDWARE_TIER2 UNITY_HARDWARE_TIER3 UNITY_COLORSPACE_GAMMA UNITY_LIGHTMAP_DLDR_ENCODING UNITY_LIGHTMAP_RGBM_ENCODING UNITY_VIRTUAL_TEXTURING UNITY_PRETRANSFORM_TO_DISPLAY_ORIENTATION UNITY_ASTC_NORMALMAP_ENCODING SHADER_API_GLES30 SHADER_API_GLES31 SHADER_API_GLES32 UNITY_UNIFIED_SHADER_PRECISION_MODEL flags=0 lang=3 type=Fragment platform=dx11 reqs=1 mask=6 start=26 toolchain=1
RunExternalCompiler: begin name=FXC
RunExternalCompiler: end
compileSnippet complete
 ok=1 outsize=1738

Cmd: compileSnippet
  insize=1380 file=Packages/com.unity.render-pipelines.universal/Shaders/Terrain/WavingGrass.shader name=Hidden/TerrainEngine/Details/UniversalPipeline/WavingDoublePass pass=DepthOnly ppOnly=0 stripLineD=0 buildPlatform=20 rsLen=0 pKW=UNITY_ENABLE_REFLECTION_BUFFERS UNITY_USE_DITHER_MASK_FOR_ALPHABLENDED_SHADOWS UNITY_PBS_USE_BRDF1 UNITY_SPECCUBE_BOX_PROJECTION UNITY_SPECCUBE_BLENDING UNITY_ENABLE_DETAIL_NORMALMAP SHADER_API_DESKTOP UNITY_LIGHT_PROBE_PROXY_VOLUME UNITY_LIGHTMAP_FULL_HDR UNITY_PLATFORM_SUPPORTS_DEPTH_FETCH uKW= dKW=INSTANCING_ON _GLOSSINESS_FROM_BASE_ALPHA UNITY_NO_DXT5nm UNITY_FRAMEBUFFER_FETCH_AVAILABLE UNITY_METAL_SHADOWS_USE_POINT_FILTERING UNITY_NO_SCREENSPACE_SHADOWS UNITY_PBS_USE_BRDF2 UNITY_PBS_USE_BRDF3 UNITY_HARDWARE_TIER1 UNITY_HARDWARE_TIER2 UNITY_HARDWARE_TIER3 UNITY_COLORSPACE_GAMMA UNITY_LIGHTMAP_DLDR_ENCODING UNITY_LIGHTMAP_RGBM_ENCODING UNITY_VIRTUAL_TEXTURING UNITY_PRETRANSFORM_TO_DISPLAY_ORIENTATION UNITY_ASTC_NORMALMAP_ENCODING SHADER_API_GLES30 SHADER_API_GLES31 SHADER_API_GLES32 UNITY_UNIFIED_SHADER_PRECISION_MODEL flags=0 lang=3 type=Fragment platform=dx11 reqs=1 mask=6 start=141 toolchain=1
RunExternalCompiler: begin name=FXC
RunExternalCompiler: end
compileSnippet complete
 ok=1 outsize=978

Cmd: compileSnippet
  insize=1063 file=Packages/com.unity.render-pipelines.high-definition/Runtime/PostProcessing/Shaders/SubpixelMorphologicalAntialiasing.shader name=Hidden/PostProcessing/SubpixelMorphologicalAntialiasing pass=Neighborhood Blending ppOnly=0 stripLineD=0 buildPlatform=20 rsLen=0 pKW=UNITY_ENABLE_REFLECTION_BUFFERS UNITY_USE_DITHER_MASK_FOR_ALPHABLENDED_SHADOWS UNITY_PBS_USE_BRDF1 UNITY_SPECCUBE_BOX_PROJECTION UNITY_SPECCUBE_BLENDING UNITY_ENABLE_DETAIL_NORMALMAP SHADER_API_DESKTOP UNITY_LIGHT_PROBE_PROXY_VOLUME UNITY_LIGHTMAP_FULL_HDR UNITY_PLATFORM_SUPPORTS_DEPTH_FETCH uKW=SMAA_PRESET_LOW dKW=SMAA_PRESET_MEDIUM SMAA_PRESET_HIGH UNITY_NO_DXT5nm UNITY_FRAMEBUFFER_FETCH_AVAILABLE UNITY_METAL_SHADOWS_USE_POINT_FILTERING UNITY_NO_SCREENSPACE_SHADOWS UNITY_PBS_USE_BRDF2 UNITY_PBS_USE_BRDF3 UNITY_HARDWARE_TIER1 UNITY_HARDWARE_TIER2 UNITY_HARDWARE_TIER3 UNITY_COLORSPACE_GAMMA UNITY_LIGHTMAP_DLDR_ENCODING UNITY_LIGHTMAP_RGBM_ENCODING UNITY_VIRTUAL_TEXTURING UNITY_PRETRANSFORM_TO_DISPLAY_ORIENTATION UNITY_ASTC_NORMALMAP_ENCODING SHADER_API_GLES30 SHADER_API_GLES31 SHADER_API_GLES32 UNITY_UNIFIED_SHADER_PRECISION_MODEL flags=0 lang=3 type=Fragment platform=dx11 reqs=33 mask=6 start=70 toolchain=1
RunExternalCompiler: begin name=FXC
RunExternalCompiler: end
compileSnippet complete
 ok=1 outsize=1614

Cmd: compileSnippet
  insize=2574 file=Packages/com.unity.render-pipelines.high-definition/Runtime/RenderPipeline/RenderPass/MSAA/AmbientOcclusionResolve.shader name=Hidden/HDRP/AOResolve pass=<Unnamed Pass 0> ppOnly=0 stripLineD=0 buildPlatform=20 rsLen=0 pKW=UNITY_ENABLE_REFLECTION_BUFFERS UNITY_USE_DITHER_MASK_FOR_ALPHABLENDED_SHADOWS UNITY_PBS_USE_BRDF1 UNITY_SPECCUBE_BOX_PROJECTION UNITY_SPECCUBE_BLENDING UNITY_ENABLE_DETAIL_NORMALMAP SHADER_API_DESKTOP UNITY_LIGHT_PROBE_PROXY_VOLUME UNITY_LIGHTMAP_FULL_HDR UNITY_PLATFORM_SUPPORTS_DEPTH_FETCH uKW= dKW=UNITY_NO_DXT5nm UNITY_FRAMEBUFFER_FETCH_AVAILABLE UNITY_METAL_SHADOWS_USE_POINT_FILTERING UNITY_NO_SCREENSPACE_SHADOWS UNITY_PBS_USE_BRDF2 UNITY_PBS_USE_BRDF3 UNITY_HARDWARE_TIER1 UNITY_HARDWARE_TIER2 UNITY_HARDWARE_TIER3 UNITY_COLORSPACE_GAMMA UNITY_LIGHTMAP_DLDR_ENCODING UNITY_LIGHTMAP_RGBM_ENCODING UNITY_VIRTUAL_TEXTURING UNITY_PRETRANSFORM_TO_DISPLAY_ORIENTATION UNITY_ASTC_NORMALMAP_ENCODING SHADER_API_GLES30 SHADER_API_GLES31 SHADER_API_GLES32 UNITY_UNIFIED_SHADER_PRECISION_MODEL flags=0 lang=3 type=Fragment platform=dx11 reqs=1101803 mask=6 start=66 toolchain=1
RunExternalCompiler: begin name=FXC
RunExternalCompiler: end
compileSnippet complete
 ok=1 outsize=562

Cmd: compileSnippet
  insize=1722 file=Packages/com.unity.render-pipelines.universal/Shaders/PostProcessing/LensFlareDataDriven.shader name=Hidden/Universal Render Pipeline/LensFlareDataDriven pass=LensFlareAdditive ppOnly=0 stripLineD=0 buildPlatform=20 rsLen=0 pKW=UNITY_ENABLE_REFLECTION_BUFFERS UNITY_USE_DITHER_MASK_FOR_ALPHABLENDED_SHADOWS UNITY_PBS_USE_BRDF1 UNITY_SPECCUBE_BOX_PROJECTION UNITY_SPECCUBE_BLENDING UNITY_ENABLE_DETAIL_NORMALMAP SHADER_API_DESKTOP UNITY_LIGHT_PROBE_PROXY_VOLUME UNITY_LIGHTMAP_FULL_HDR UNITY_PLATFORM_SUPPORTS_DEPTH_FETCH uKW= dKW=FLARE_INVERSE_SDF FLARE_HAS_OCCLUSION UNITY_NO_DXT5nm UNITY_FRAMEBUFFER_FETCH_AVAILABLE UNITY_METAL_SHADOWS_USE_POINT_FILTERING UNITY_NO_SCREENSPACE_SHADOWS UNITY_PBS_USE_BRDF2 UNITY_PBS_USE_BRDF3 UNITY_HARDWARE_TIER1 UNITY_HARDWARE_TIER2 UNITY_HARDWARE_TIER3 UNITY_COLORSPACE_GAMMA UNITY_LIGHTMAP_DLDR_ENCODING UNITY_LIGHTMAP_RGBM_ENCODING UNITY_VIRTUAL_TEXTURING UNITY_PRETRANSFORM_TO_DISPLAY_ORIENTATION UNITY_ASTC_NORMALMAP_ENCODING SHADER_API_GLES30 SHADER_API_GLES31 SHADER_API_GLES32 UNITY_UNIFIED_SHADER_PRECISION_MODEL flags=0 lang=3 type=Fragment platform=dx11 reqs=227 mask=6 start=19 toolchain=1
RunExternalCompiler: begin name=FXC
RunExternalCompiler: end
compileSnippet complete
 ok=1 outsize=8034

Cmd: compileSnippet
  insize=1720 file=Packages/com.unity.render-pipelines.universal/Shaders/PostProcessing/LensFlareDataDriven.shader name=Hidden/Universal Render Pipeline/LensFlareDataDriven pass=LensFlareLerp ppOnly=0 stripLineD=0 buildPlatform=20 rsLen=0 pKW=UNITY_ENABLE_REFLECTION_BUFFERS UNITY_USE_DITHER_MASK_FOR_ALPHABLENDED_SHADOWS UNITY_PBS_USE_BRDF1 UNITY_SPECCUBE_BOX_PROJECTION UNITY_SPECCUBE_BLENDING UNITY_ENABLE_DETAIL_NORMALMAP SHADER_API_DESKTOP UNITY_LIGHT_PROBE_PROXY_VOLUME UNITY_LIGHTMAP_FULL_HDR UNITY_PLATFORM_SUPPORTS_DEPTH_FETCH uKW= dKW=FLARE_INVERSE_SDF FLARE_HAS_OCCLUSION UNITY_NO_DXT5nm UNITY_FRAMEBUFFER_FETCH_AVAILABLE UNITY_METAL_SHADOWS_USE_POINT_FILTERING UNITY_NO_SCREENSPACE_SHADOWS UNITY_PBS_USE_BRDF2 UNITY_PBS_USE_BRDF3 UNITY_HARDWARE_TIER1 UNITY_HARDWARE_TIER2 UNITY_HARDWARE_TIER3 UNITY_COLORSPACE_GAMMA UNITY_LIGHTMAP_DLDR_ENCODING UNITY_LIGHTMAP_RGBM_ENCODING UNITY_VIRTUAL_TEXTURING UNITY_PRETRANSFORM_TO_DISPLAY_ORIENTATION UNITY_ASTC_NORMALMAP_ENCODING SHADER_API_GLES30 SHADER_API_GLES31 SHADER_API_GLES32 UNITY_UNIFIED_SHADER_PRECISION_MODEL flags=0 lang=3 type=Fragment platform=dx11 reqs=227 mask=6 start=130 toolchain=1
RunExternalCompiler: begin name=FXC
RunExternalCompiler: end
compileSnippet complete
 ok=1 outsize=8006

Cmd: compileSnippet
  insize=1102 file=Packages/com.unity.render-pipelines.high-definition/Runtime/PostProcessing/Shaders/LensFlareScreenSpace.shader name=Hidden/HDRP/LensFlareScreenSpace pass=LensFlareScreenSpac Prefilter ppOnly=0 stripLineD=0 buildPlatform=20 rsLen=0 pKW=UNITY_ENABLE_REFLECTION_BUFFERS UNITY_USE_DITHER_MASK_FOR_ALPHABLENDED_SHADOWS UNITY_PBS_USE_BRDF1 UNITY_SPECCUBE_BOX_PROJECTION UNITY_SPECCUBE_BLENDING UNITY_ENABLE_DETAIL_NORMALMAP SHADER_API_DESKTOP UNITY_LIGHT_PROBE_PROXY_VOLUME UNITY_LIGHTMAP_FULL_HDR UNITY_PLATFORM_SUPPORTS_DEPTH_FETCH uKW= dKW=UNITY_NO_DXT5nm UNITY_FRAMEBUFFER_FETCH_AVAILABLE UNITY_METAL_SHADOWS_USE_POINT_FILTERING UNITY_NO_SCREENSPACE_SHADOWS UNITY_PBS_USE_BRDF2 UNITY_PBS_USE_BRDF3 UNITY_HARDWARE_TIER1 UNITY_HARDWARE_TIER2 UNITY_HARDWARE_TIER3 UNITY_COLORSPACE_GAMMA UNITY_LIGHTMAP_DLDR_ENCODING UNITY_LIGHTMAP_RGBM_ENCODING UNITY_VIRTUAL_TEXTURING UNITY_PRETRANSFORM_TO_DISPLAY_ORIENTATION UNITY_ASTC_NORMALMAP_ENCODING SHADER_API_GLES30 SHADER_API_GLES31 SHADER_API_GLES32 UNITY_UNIFIED_SHADER_PRECISION_MODEL flags=0 lang=3 type=Fragment platform=dx11 reqs=1101803 mask=6 start=16 toolchain=1
RunExternalCompiler: begin name=FXC
RunExternalCompiler: end
compileSnippet complete
 ok=1 outsize=1582

Cmd: compileSnippet
  insize=1103 file=Packages/com.unity.render-pipelines.high-definition/Runtime/PostProcessing/Shaders/LensFlareScreenSpace.shader name=Hidden/HDRP/LensFlareScreenSpace pass=LensFlareScreenSpace Downsample ppOnly=0 stripLineD=0 buildPlatform=20 rsLen=0 pKW=UNITY_ENABLE_REFLECTION_BUFFERS UNITY_USE_DITHER_MASK_FOR_ALPHABLENDED_SHADOWS UNITY_PBS_USE_BRDF1 UNITY_SPECCUBE_BOX_PROJECTION UNITY_SPECCUBE_BLENDING UNITY_ENABLE_DETAIL_NORMALMAP SHADER_API_DESKTOP UNITY_LIGHT_PROBE_PROXY_VOLUME UNITY_LIGHTMAP_FULL_HDR UNITY_PLATFORM_SUPPORTS_DEPTH_FETCH uKW= dKW=UNITY_NO_DXT5nm UNITY_FRAMEBUFFER_FETCH_AVAILABLE UNITY_METAL_SHADOWS_USE_POINT_FILTERING UNITY_NO_SCREENSPACE_SHADOWS UNITY_PBS_USE_BRDF2 UNITY_PBS_USE_BRDF3 UNITY_HARDWARE_TIER1 UNITY_HARDWARE_TIER2 UNITY_HARDWARE_TIER3 UNITY_COLORSPACE_GAMMA UNITY_LIGHTMAP_DLDR_ENCODING UNITY_LIGHTMAP_RGBM_ENCODING UNITY_VIRTUAL_TEXTURING UNITY_PRETRANSFORM_TO_DISPLAY_ORIENTATION UNITY_ASTC_NORMALMAP_ENCODING SHADER_API_GLES30 SHADER_API_GLES31 SHADER_API_GLES32 UNITY_UNIFIED_SHADER_PRECISION_MODEL flags=0 lang=3 type=Fragment platform=dx11 reqs=1101803 mask=6 start=41 toolchain=1
RunExternalCompiler: begin name=FXC
RunExternalCompiler: end
compileSnippet complete
 ok=1 outsize=2466

Cmd: compileSnippet
  insize=1104 file=Packages/com.unity.render-pipelines.high-definition/Runtime/PostProcessing/Shaders/LensFlareScreenSpace.shader name=Hidden/HDRP/LensFlareScreenSpace pass=LensFlareScreenSpace Composition ppOnly=0 stripLineD=0 buildPlatform=20 rsLen=0 pKW=UNITY_ENABLE_REFLECTION_BUFFERS UNITY_USE_DITHER_MASK_FOR_ALPHABLENDED_SHADOWS UNITY_PBS_USE_BRDF1 UNITY_SPECCUBE_BOX_PROJECTION UNITY_SPECCUBE_BLENDING UNITY_ENABLE_DETAIL_NORMALMAP SHADER_API_DESKTOP UNITY_LIGHT_PROBE_PROXY_VOLUME UNITY_LIGHTMAP_FULL_HDR UNITY_PLATFORM_SUPPORTS_DEPTH_FETCH uKW= dKW=UNITY_NO_DXT5nm UNITY_FRAMEBUFFER_FETCH_AVAILABLE UNITY_METAL_SHADOWS_USE_POINT_FILTERING UNITY_NO_SCREENSPACE_SHADOWS UNITY_PBS_USE_BRDF2 UNITY_PBS_USE_BRDF3 UNITY_HARDWARE_TIER1 UNITY_HARDWARE_TIER2 UNITY_HARDWARE_TIER3 UNITY_COLORSPACE_GAMMA UNITY_LIGHTMAP_DLDR_ENCODING UNITY_LIGHTMAP_RGBM_ENCODING UNITY_VIRTUAL_TEXTURING UNITY_PRETRANSFORM_TO_DISPLAY_ORIENTATION UNITY_ASTC_NORMALMAP_ENCODING SHADER_API_GLES30 SHADER_API_GLES31 SHADER_API_GLES32 UNITY_UNIFIED_SHADER_PRECISION_MODEL flags=0 lang=3 type=Fragment platform=dx11 reqs=1101803 mask=6 start=91 toolchain=1
RunExternalCompiler: begin name=FXC
RunExternalCompiler: end
compileSnippet complete
 ok=1 outsize=7154

Cmd: compileSnippet
  insize=1031 file=Packages/com.unity.render-pipelines.universal/Shaders/ObjectMotionVectorFallback.shader name=Hidden/Universal Render Pipeline/ObjectMotionVectorFallback pass=MotionVectors ppOnly=0 stripLineD=0 buildPlatform=20 rsLen=0 pKW=UNITY_ENABLE_REFLECTION_BUFFERS UNITY_USE_DITHER_MASK_FOR_ALPHABLENDED_SHADOWS UNITY_PBS_USE_BRDF1 UNITY_SPECCUBE_BOX_PROJECTION UNITY_SPECCUBE_BLENDING UNITY_ENABLE_DETAIL_NORMALMAP SHADER_API_DESKTOP UNITY_LIGHT_PROBE_PROXY_VOLUME UNITY_LIGHTMAP_FULL_HDR UNITY_PLATFORM_SUPPORTS_DEPTH_FETCH UNITY_PASS_MOTIONVECTORS uKW= dKW=DOTS_INSTANCING_ON INSTANCING_ON UNITY_NO_DXT5nm UNITY_FRAMEBUFFER_FETCH_AVAILABLE UNITY_METAL_SHADOWS_USE_POINT_FILTERING UNITY_NO_SCREENSPACE_SHADOWS UNITY_PBS_USE_BRDF2 UNITY_PBS_USE_BRDF3 UNITY_HARDWARE_TIER1 UNITY_HARDWARE_TIER2 UNITY_HARDWARE_TIER3 UNITY_COLORSPACE_GAMMA UNITY_LIGHTMAP_DLDR_ENCODING UNITY_LIGHTMAP_RGBM_ENCODING UNITY_VIRTUAL_TEXTURING UNITY_PRETRANSFORM_TO_DISPLAY_ORIENTATION UNITY_ASTC_NORMALMAP_ENCODING SHADER_API_GLES30 SHADER_API_GLES31 SHADER_API_GLES32 UNITY_UNIFIED_SHADER_PRECISION_MODEL flags=0 lang=3 type=Fragment platform=dx11 reqs=4075 mask=6 start=12 toolchain=1
RunExternalCompiler: begin name=FXC
RunExternalCompiler: end
compileSnippet complete
 ok=1 outsize=646

Cmd: compileSnippet
  insize=1147 file=Packages/com.unity.render-pipelines.universal/Shaders/ObjectMotionVectorFallback.shader name=Hidden/Universal Render Pipeline/ObjectMotionVectorFallback pass=XRMotionVectors ppOnly=0 stripLineD=0 buildPlatform=20 rsLen=0 pKW=UNITY_ENABLE_REFLECTION_BUFFERS UNITY_USE_DITHER_MASK_FOR_ALPHABLENDED_SHADOWS UNITY_PBS_USE_BRDF1 UNITY_SPECCUBE_BOX_PROJECTION UNITY_SPECCUBE_BLENDING UNITY_ENABLE_DETAIL_NORMALMAP SHADER_API_DESKTOP UNITY_LIGHT_PROBE_PROXY_VOLUME UNITY_LIGHTMAP_FULL_HDR UNITY_PLATFORM_SUPPORTS_DEPTH_FETCH uKW= dKW=DOTS_INSTANCING_ON INSTANCING_ON UNITY_NO_DXT5nm UNITY_FRAMEBUFFER_FETCH_AVAILABLE UNITY_METAL_SHADOWS_USE_POINT_FILTERING UNITY_NO_SCREENSPACE_SHADOWS UNITY_PBS_USE_BRDF2 UNITY_PBS_USE_BRDF3 UNITY_HARDWARE_TIER1 UNITY_HARDWARE_TIER2 UNITY_HARDWARE_TIER3 UNITY_COLORSPACE_GAMMA UNITY_LIGHTMAP_DLDR_ENCODING UNITY_LIGHTMAP_RGBM_ENCODING UNITY_VIRTUAL_TEXTURING UNITY_PRETRANSFORM_TO_DISPLAY_ORIENTATION UNITY_ASTC_NORMALMAP_ENCODING SHADER_API_GLES30 SHADER_API_GLES31 SHADER_API_GLES32 UNITY_UNIFIED_SHADER_PRECISION_MODEL flags=0 lang=3 type=Fragment platform=dx11 reqs=4075 mask=6 start=32 toolchain=1
RunExternalCompiler: begin name=FXC
RunExternalCompiler: end
compileSnippet complete
 ok=1 outsize=586

Cmd: compileSnippet
  insize=1945 file=Packages/com.unity.render-pipelines.high-definition/Runtime/Water/Shaders/WaterExclusion.shader name=Hidden/HDRP/WaterExclusion pass=StencilTag ppOnly=0 stripLineD=0 buildPlatform=20 rsLen=0 pKW=UNITY_ENABLE_REFLECTION_BUFFERS UNITY_USE_DITHER_MASK_FOR_ALPHABLENDED_SHADOWS UNITY_PBS_USE_BRDF1 UNITY_SPECCUBE_BOX_PROJECTION UNITY_SPECCUBE_BLENDING UNITY_ENABLE_DETAIL_NORMALMAP SHADER_API_DESKTOP UNITY_LIGHT_PROBE_PROXY_VOLUME UNITY_LIGHTMAP_FULL_HDR UNITY_PLATFORM_SUPPORTS_DEPTH_FETCH uKW= dKW=DOTS_INSTANCING_ON UNITY_NO_DXT5nm UNITY_FRAMEBUFFER_FETCH_AVAILABLE UNITY_METAL_SHADOWS_USE_POINT_FILTERING UNITY_NO_SCREENSPACE_SHADOWS UNITY_PBS_USE_BRDF2 UNITY_PBS_USE_BRDF3 UNITY_HARDWARE_TIER1 UNITY_HARDWARE_TIER2 UNITY_HARDWARE_TIER3 UNITY_COLORSPACE_GAMMA UNITY_LIGHTMAP_DLDR_ENCODING UNITY_LIGHTMAP_RGBM_ENCODING UNITY_VIRTUAL_TEXTURING UNITY_PRETRANSFORM_TO_DISPLAY_ORIENTATION UNITY_ASTC_NORMALMAP_ENCODING SHADER_API_GLES30 SHADER_API_GLES31 SHADER_API_GLES32 UNITY_UNIFIED_SHADER_PRECISION_MODEL flags=0 lang=3 type=Fragment platform=dx11 reqs=1101803 mask=6 start=26 toolchain=1
RunExternalCompiler: begin name=FXC
RunExternalCompiler: end
compileSnippet complete
 ok=1 outsize=242

Cmd: compileSnippet
  insize=3263 file=Packages/com.unity.render-pipelines.universal/Shaders/Utils/StencilDeferred.shader name=Hidden/Universal Render Pipeline/StencilDeferred pass=Deferred Punctual Light (Lit) ppOnly=0 stripLineD=0 buildPlatform=20 rsLen=0 pKW=UNITY_ENABLE_REFLECTION_BUFFERS UNITY_USE_DITHER_MASK_FOR_ALPHABLENDED_SHADOWS UNITY_PBS_USE_BRDF1 UNITY_SPECCUBE_BOX_PROJECTION UNITY_SPECCUBE_BLENDING UNITY_ENABLE_DETAIL_NORMALMAP SHADER_API_DESKTOP UNITY_LIGHT_PROBE_PROXY_VOLUME UNITY_LIGHTMAP_FULL_HDR UNITY_PLATFORM_SUPPORTS_DEPTH_FETCH uKW=_POINT dKW=_ADDITIONAL_LIGHT_SHADOWS _SHADOWS_SOFT _SHADOWS_SOFT_LOW _SHADOWS_SOFT_MEDIUM _SHADOWS_SOFT_HIGH LIGHTMAP_SHADOW_MIXING SHADOWS_SHADOWMASK _GBUFFER_NORMALS_OCT _DEFERRED_MIXED_LIGHTING _SCREEN_SPACE_OCCLUSION _RENDER_PASS_ENABLED _LIGHT_COOKIES _SPOT _LIGHT_LAYERS UNITY_NO_DXT5nm UNITY_FRAMEBUFFER_FETCH_AVAILABLE UNITY_METAL_SHADOWS_USE_POINT_FILTERING UNITY_NO_SCREENSPACE_SHADOWS UNITY_PBS_USE_BRDF2 UNITY_PBS_USE_BRDF3 UNITY_HARDWARE_TIER1 UNITY_HARDWARE_TIER2 UNITY_HARDWARE_TIER3 UNITY_COLORSPACE_GAMMA UNITY_LIGHTMAP_DLDR_ENCODING UNITY_LIGHTMAP_RGBM_ENCODING UNITY_VIRTUAL_TEXTURING UNITY_PRETRANSFORM_TO_DISPLAY_ORIENTATION UNITY_ASTC_NORMALMAP_ENCODING SHADER_API_GLES30 SHADER_API_GLES31 SHADER_API_GLES32 UNITY_UNIFIED_SHADER_PRECISION_MODEL flags=0 lang=3 type=Fragment platform=dx11 reqs=1101803 mask=6 start=110 toolchain=1
RunExternalCompiler: begin name=FXC
RunExternalCompiler: end
compileSnippet complete
 ok=1 outsize=2738

Cmd: compileSnippet
  insize=3628 file=Packages/com.unity.render-pipelines.universal/Shaders/Utils/StencilDeferred.shader name=Hidden/Universal Render Pipeline/StencilDeferred pass=Deferred Directional Light (Lit) ppOnly=0 stripLineD=0 buildPlatform=20 rsLen=0 pKW=UNITY_ENABLE_REFLECTION_BUFFERS UNITY_USE_DITHER_MASK_FOR_ALPHABLENDED_SHADOWS UNITY_PBS_USE_BRDF1 UNITY_SPECCUBE_BOX_PROJECTION UNITY_SPECCUBE_BLENDING UNITY_ENABLE_DETAIL_NORMALMAP SHADER_API_DESKTOP UNITY_LIGHT_PROBE_PROXY_VOLUME UNITY_LIGHTMAP_FULL_HDR UNITY_PLATFORM_SUPPORTS_DEPTH_FETCH uKW= dKW=_MAIN_LIGHT_SHADOWS _MAIN_LIGHT_SHADOWS_CASCADE _MAIN_LIGHT_SHADOWS_SCREEN _DEFERRED_MAIN_LIGHT _DEFERRED_FIRST_LIGHT _ADDITIONAL_LIGHT_SHADOWS _SHADOWS_SOFT _SHADOWS_SOFT_LOW _SHADOWS_SOFT_MEDIUM _SHADOWS_SOFT_HIGH LIGHTMAP_SHADOW_MIXING SHADOWS_SHADOWMASK _GBUFFER_NORMALS_OCT _DEFERRED_MIXED_LIGHTING _SCREEN_SPACE_OCCLUSION _RENDER_PASS_ENABLED _LIGHT_COOKIES _LIGHT_LAYERS UNITY_NO_DXT5nm UNITY_FRAMEBUFFER_FETCH_AVAILABLE UNITY_METAL_SHADOWS_USE_POINT_FILTERING UNITY_NO_SCREENSPACE_SHADOWS UNITY_PBS_USE_BRDF2 UNITY_PBS_USE_BRDF3 UNITY_HARDWARE_TIER1 UNITY_HARDWARE_TIER2 UNITY_HARDWARE_TIER3 UNITY_COLORSPACE_GAMMA UNITY_LIGHTMAP_DLDR_ENCODING UNITY_LIGHTMAP_RGBM_ENCODING UNITY_VIRTUAL_TEXTURING UNITY_PRETRANSFORM_TO_DISPLAY_ORIENTATION UNITY_ASTC_NORMALMAP_ENCODING SHADER_API_GLES30 SHADER_API_GLES31 SHADER_API_GLES32 UNITY_UNIFIED_SHADER_PRECISION_MODEL flags=0 lang=3 type=Fragment platform=dx11 reqs=1101803 mask=6 start=237 toolchain=1
RunExternalCompiler: begin name=FXC
RunExternalCompiler: end
compileSnippet complete
 ok=1 outsize=2286

Cmd: compileSnippet
  insize=1000 file=Packages/com.unity.render-pipelines.high-definition/Runtime/Lighting/Shadow/ShadowClear.shader name=Hidden/ScriptableRenderPipeline/ShadowClear pass=ClearShadow ppOnly=0 stripLineD=0 buildPlatform=20 rsLen=0 pKW=UNITY_ENABLE_REFLECTION_BUFFERS UNITY_USE_DITHER_MASK_FOR_ALPHABLENDED_SHADOWS UNITY_PBS_USE_BRDF1 UNITY_SPECCUBE_BOX_PROJECTION UNITY_SPECCUBE_BLENDING UNITY_ENABLE_DETAIL_NORMALMAP SHADER_API_DESKTOP UNITY_LIGHT_PROBE_PROXY_VOLUME UNITY_LIGHTMAP_FULL_HDR UNITY_PLATFORM_SUPPORTS_DEPTH_FETCH uKW= dKW=UNITY_NO_DXT5nm UNITY_FRAMEBUFFER_FETCH_AVAILABLE UNITY_METAL_SHADOWS_USE_POINT_FILTERING UNITY_NO_SCREENSPACE_SHADOWS UNITY_PBS_USE_BRDF2 UNITY_PBS_USE_BRDF3 UNITY_HARDWARE_TIER1 UNITY_HARDWARE_TIER2 UNITY_HARDWARE_TIER3 UNITY_COLORSPACE_GAMMA UNITY_LIGHTMAP_DLDR_ENCODING UNITY_LIGHTMAP_RGBM_ENCODING UNITY_VIRTUAL_TEXTURING UNITY_PRETRANSFORM_TO_DISPLAY_ORIENTATION UNITY_ASTC_NORMALMAP_ENCODING SHADER_API_GLES30 SHADER_API_GLES31 SHADER_API_GLES32 UNITY_UNIFIED_SHADER_PRECISION_MODEL flags=0 lang=3 type=Fragment platform=dx11 reqs=1101803 mask=6 start=20 toolchain=1
RunExternalCompiler: begin name=FXC
RunExternalCompiler: end
compileSnippet complete
 ok=1 outsize=138

Cmd: compileSnippet
  insize=3679 file=Packages/com.unity.render-pipelines.high-definition/Editor/PostProcessing/Shaders/CustomTonemapperCurve.shader name=Hidden/HD PostProcessing/Editor/Custom Tonemapper Curve pass=<Unnamed Pass 0> ppOnly=0 stripLineD=0 buildPlatform=20 rsLen=0 pKW=UNITY_ENABLE_REFLECTION_BUFFERS UNITY_USE_DITHER_MASK_FOR_ALPHABLENDED_SHADOWS UNITY_PBS_USE_BRDF1 UNITY_SPECCUBE_BOX_PROJECTION UNITY_SPECCUBE_BLENDING UNITY_ENABLE_DETAIL_NORMALMAP SHADER_API_DESKTOP UNITY_LIGHT_PROBE_PROXY_VOLUME UNITY_LIGHTMAP_FULL_HDR UNITY_PLATFORM_SUPPORTS_DEPTH_FETCH uKW= dKW=UNITY_NO_DXT5nm UNITY_FRAMEBUFFER_FETCH_AVAILABLE UNITY_METAL_SHADOWS_USE_POINT_FILTERING UNITY_NO_SCREENSPACE_SHADOWS UNITY_PBS_USE_BRDF2 UNITY_PBS_USE_BRDF3 UNITY_HARDWARE_TIER1 UNITY_HARDWARE_TIER2 UNITY_HARDWARE_TIER3 UNITY_COLORSPACE_GAMMA UNITY_LIGHTMAP_DLDR_ENCODING UNITY_LIGHTMAP_RGBM_ENCODING UNITY_VIRTUAL_TEXTURING UNITY_PRETRANSFORM_TO_DISPLAY_ORIENTATION UNITY_ASTC_NORMALMAP_ENCODING SHADER_API_GLES30 SHADER_API_GLES31 SHADER_API_GLES32 UNITY_UNIFIED_SHADER_PRECISION_MODEL flags=0 lang=0 type=Fragment platform=dx11 reqs=4075 mask=6 start=102 toolchain=1
RunExternalCompiler: begin name=FXC
RunExternalCompiler: end
compileSnippet complete
 ok=1 outsize=1442

Cmd: compileSnippet
  insize=3680 file=Packages/com.unity.render-pipelines.high-definition/Editor/PostProcessing/Shaders/CustomTonemapperCurve.shader name=Hidden/HD PostProcessing/Editor/Custom Tonemapper Curve pass=<Unnamed Pass 1> ppOnly=0 stripLineD=0 buildPlatform=20 rsLen=0 pKW=UNITY_ENABLE_REFLECTION_BUFFERS UNITY_USE_DITHER_MASK_FOR_ALPHABLENDED_SHADOWS UNITY_PBS_USE_BRDF1 UNITY_SPECCUBE_BOX_PROJECTION UNITY_SPECCUBE_BLENDING UNITY_ENABLE_DETAIL_NORMALMAP SHADER_API_DESKTOP UNITY_LIGHT_PROBE_PROXY_VOLUME UNITY_LIGHTMAP_FULL_HDR UNITY_PLATFORM_SUPPORTS_DEPTH_FETCH uKW= dKW=UNITY_NO_DXT5nm UNITY_FRAMEBUFFER_FETCH_AVAILABLE UNITY_METAL_SHADOWS_USE_POINT_FILTERING UNITY_NO_SCREENSPACE_SHADOWS UNITY_PBS_USE_BRDF2 UNITY_PBS_USE_BRDF3 UNITY_HARDWARE_TIER1 UNITY_HARDWARE_TIER2 UNITY_HARDWARE_TIER3 UNITY_COLORSPACE_GAMMA UNITY_LIGHTMAP_DLDR_ENCODING UNITY_LIGHTMAP_RGBM_ENCODING UNITY_VIRTUAL_TEXTURING UNITY_PRETRANSFORM_TO_DISPLAY_ORIENTATION UNITY_ASTC_NORMALMAP_ENCODING SHADER_API_GLES30 SHADER_API_GLES31 SHADER_API_GLES32 UNITY_UNIFIED_SHADER_PRECISION_MODEL flags=0 lang=0 type=Fragment platform=dx11 reqs=4075 mask=6 start=113 toolchain=1
RunExternalCompiler: begin name=FXC
RunExternalCompiler: end
compileSnippet complete
 ok=1 outsize=1442

Cmd: compileSnippet
  insize=2989 file=Packages/com.unity.render-pipelines.high-definition/Runtime/Compositor/Shaders/CustomClear.shader name=Hidden/HDRP/CustomClear pass=ClearColorAndStencil ppOnly=0 stripLineD=0 buildPlatform=20 rsLen=0 pKW=UNITY_ENABLE_REFLECTION_BUFFERS UNITY_USE_DITHER_MASK_FOR_ALPHABLENDED_SHADOWS UNITY_PBS_USE_BRDF1 UNITY_SPECCUBE_BOX_PROJECTION UNITY_SPECCUBE_BLENDING UNITY_ENABLE_DETAIL_NORMALMAP SHADER_API_DESKTOP UNITY_LIGHT_PROBE_PROXY_VOLUME UNITY_LIGHTMAP_FULL_HDR UNITY_PLATFORM_SUPPORTS_DEPTH_FETCH uKW= dKW=UNITY_NO_DXT5nm UNITY_FRAMEBUFFER_FETCH_AVAILABLE UNITY_METAL_SHADOWS_USE_POINT_FILTERING UNITY_NO_SCREENSPACE_SHADOWS UNITY_PBS_USE_BRDF2 UNITY_PBS_USE_BRDF3 UNITY_HARDWARE_TIER1 UNITY_HARDWARE_TIER2 UNITY_HARDWARE_TIER3 UNITY_COLORSPACE_GAMMA UNITY_LIGHTMAP_DLDR_ENCODING UNITY_LIGHTMAP_RGBM_ENCODING UNITY_VIRTUAL_TEXTURING UNITY_PRETRANSFORM_TO_DISPLAY_ORIENTATION UNITY_ASTC_NORMALMAP_ENCODING SHADER_API_GLES30 SHADER_API_GLES31 SHADER_API_GLES32 UNITY_UNIFIED_SHADER_PRECISION_MODEL flags=0 lang=3 type=Fragment platform=dx11 reqs=1101803 mask=6 start=83 toolchain=1
RunExternalCompiler: begin name=FXC
RunExternalCompiler: end
compileSnippet complete
 ok=1 outsize=290

Cmd: compileSnippet
  insize=2988 file=Packages/com.unity.render-pipelines.high-definition/Runtime/Compositor/Shaders/CustomClear.shader name=Hidden/HDRP/CustomClear pass=DrawTextureAndClearStencil ppOnly=0 stripLineD=0 buildPlatform=20 rsLen=0 pKW=UNITY_ENABLE_REFLECTION_BUFFERS UNITY_USE_DITHER_MASK_FOR_ALPHABLENDED_SHADOWS UNITY_PBS_USE_BRDF1 UNITY_SPECCUBE_BOX_PROJECTION UNITY_SPECCUBE_BLENDING UNITY_ENABLE_DETAIL_NORMALMAP SHADER_API_DESKTOP UNITY_LIGHT_PROBE_PROXY_VOLUME UNITY_LIGHTMAP_FULL_HDR UNITY_PLATFORM_SUPPORTS_DEPTH_FETCH uKW= dKW=UNITY_NO_DXT5nm UNITY_FRAMEBUFFER_FETCH_AVAILABLE UNITY_METAL_SHADOWS_USE_POINT_FILTERING UNITY_NO_SCREENSPACE_SHADOWS UNITY_PBS_USE_BRDF2 UNITY_PBS_USE_BRDF3 UNITY_HARDWARE_TIER1 UNITY_HARDWARE_TIER2 UNITY_HARDWARE_TIER3 UNITY_COLORSPACE_GAMMA UNITY_LIGHTMAP_DLDR_ENCODING UNITY_LIGHTMAP_RGBM_ENCODING UNITY_VIRTUAL_TEXTURING UNITY_PRETRANSFORM_TO_DISPLAY_ORIENTATION UNITY_ASTC_NORMALMAP_ENCODING SHADER_API_GLES30 SHADER_API_GLES31 SHADER_API_GLES32 UNITY_UNIFIED_SHADER_PRECISION_MODEL flags=0 lang=3 type=Fragment platform=dx11 reqs=1101803 mask=6 start=102 toolchain=1
RunExternalCompiler: begin name=FXC
RunExternalCompiler: end
compileSnippet complete
 ok=1 outsize=438

Cmd: compileSnippet
  insize=16007 file=Packages/com.unity.render-pipelines.universal/Tests/Editor/PostProcessDataTests/1.shader name=Hidden/Custom/Test Shader pass=DEFERRED ppOnly=0 stripLineD=0 buildPlatform=20 rsLen=0 pKW=UNITY_ENABLE_REFLECTION_BUFFERS UNITY_USE_DITHER_MASK_FOR_ALPHABLENDED_SHADOWS UNITY_PBS_USE_BRDF1 UNITY_SPECCUBE_BOX_PROJECTION UNITY_SPECCUBE_BLENDING UNITY_ENABLE_DETAIL_NORMALMAP SHADER_API_DESKTOP UNITY_LIGHT_PROBE_PROXY_VOLUME UNITY_LIGHTMAP_FULL_HDR UNITY_PLATFORM_SUPPORTS_DEPTH_FETCH UNITY_PASS_DEFERRED uKW= dKW=INSTANCING_ON LIGHTPROBE_SH DYNAMICLIGHTMAP_ON SHADOWS_SHADOWMASK LIGHTMAP_ON DIRLIGHTMAP_COMBINED UNITY_HDR_ON UNITY_NO_DXT5nm UNITY_FRAMEBUFFER_FETCH_AVAILABLE UNITY_METAL_SHADOWS_USE_POINT_FILTERING UNITY_NO_SCREENSPACE_SHADOWS UNITY_PBS_USE_BRDF2 UNITY_PBS_USE_BRDF3 UNITY_HARDWARE_TIER1 UNITY_HARDWARE_TIER2 UNITY_HARDWARE_TIER3 UNITY_COLORSPACE_GAMMA UNITY_LIGHTMAP_DLDR_ENCODING UNITY_LIGHTMAP_RGBM_ENCODING UNITY_VIRTUAL_TEXTURING UNITY_PRETRANSFORM_TO_DISPLAY_ORIENTATION UNITY_ASTC_NORMALMAP_ENCODING SHADER_API_GLES30 SHADER_API_GLES31 SHADER_API_GLES32 UNITY_UNIFIED_SHADER_PRECISION_MODEL flags=0 lang=0 type=Fragment platform=dx11 reqs=227 mask=6 start=153 toolchain=1
RunExternalCompiler: begin name=FXC
RunExternalCompiler: end
compileSnippet complete
 ok=1 outsize=910

Cmd: compileSnippet
  insize=16007 file=Packages/com.unity.render-pipelines.universal/Tests/Editor/PostProcessDataTests/2.shader name=Hidden/Custom/Test Shader pass=DEFERRED ppOnly=0 stripLineD=0 buildPlatform=20 rsLen=0 pKW=UNITY_ENABLE_REFLECTION_BUFFERS UNITY_USE_DITHER_MASK_FOR_ALPHABLENDED_SHADOWS UNITY_PBS_USE_BRDF1 UNITY_SPECCUBE_BOX_PROJECTION UNITY_SPECCUBE_BLENDING UNITY_ENABLE_DETAIL_NORMALMAP SHADER_API_DESKTOP UNITY_LIGHT_PROBE_PROXY_VOLUME UNITY_LIGHTMAP_FULL_HDR UNITY_PLATFORM_SUPPORTS_DEPTH_FETCH UNITY_PASS_DEFERRED uKW= dKW=INSTANCING_ON LIGHTPROBE_SH DYNAMICLIGHTMAP_ON SHADOWS_SHADOWMASK LIGHTMAP_ON DIRLIGHTMAP_COMBINED UNITY_HDR_ON UNITY_NO_DXT5nm UNITY_FRAMEBUFFER_FETCH_AVAILABLE UNITY_METAL_SHADOWS_USE_POINT_FILTERING UNITY_NO_SCREENSPACE_SHADOWS UNITY_PBS_USE_BRDF2 UNITY_PBS_USE_BRDF3 UNITY_HARDWARE_TIER1 UNITY_HARDWARE_TIER2 UNITY_HARDWARE_TIER3 UNITY_COLORSPACE_GAMMA UNITY_LIGHTMAP_DLDR_ENCODING UNITY_LIGHTMAP_RGBM_ENCODING UNITY_VIRTUAL_TEXTURING UNITY_PRETRANSFORM_TO_DISPLAY_ORIENTATION UNITY_ASTC_NORMALMAP_ENCODING SHADER_API_GLES30 SHADER_API_GLES31 SHADER_API_GLES32 UNITY_UNIFIED_SHADER_PRECISION_MODEL flags=0 lang=0 type=Fragment platform=dx11 reqs=227 mask=6 start=153 toolchain=1
RunExternalCompiler: begin name=FXC
RunExternalCompiler: end
compileSnippet complete
 ok=1 outsize=910

Cmd: compileSnippet
  insize=11211 file=Packages/com.unity.render-pipelines.universal/Tests/Editor/PostProcessDataTests/1.shader name=Hidden/Custom/Test Shader pass=Meta ppOnly=0 stripLineD=0 buildPlatform=20 rsLen=0 pKW=UNITY_ENABLE_REFLECTION_BUFFERS UNITY_USE_DITHER_MASK_FOR_ALPHABLENDED_SHADOWS UNITY_PBS_USE_BRDF1 UNITY_SPECCUBE_BOX_PROJECTION UNITY_SPECCUBE_BLENDING UNITY_ENABLE_DETAIL_NORMALMAP SHADER_API_DESKTOP UNITY_LIGHT_PROBE_PROXY_VOLUME UNITY_LIGHTMAP_FULL_HDR UNITY_PLATFORM_SUPPORTS_DEPTH_FETCH UNITY_PASS_META uKW= dKW=EDITOR_VISUALIZATION INSTANCING_ON UNITY_NO_DXT5nm UNITY_FRAMEBUFFER_FETCH_AVAILABLE UNITY_METAL_SHADOWS_USE_POINT_FILTERING UNITY_NO_SCREENSPACE_SHADOWS UNITY_PBS_USE_BRDF2 UNITY_PBS_USE_BRDF3 UNITY_HARDWARE_TIER1 UNITY_HARDWARE_TIER2 UNITY_HARDWARE_TIER3 UNITY_COLORSPACE_GAMMA UNITY_LIGHTMAP_DLDR_ENCODING UNITY_LIGHTMAP_RGBM_ENCODING UNITY_VIRTUAL_TEXTURING UNITY_PRETRANSFORM_TO_DISPLAY_ORIENTATION UNITY_ASTC_NORMALMAP_ENCODING SHADER_API_GLES30 SHADER_API_GLES31 SHADER_API_GLES32 UNITY_UNIFIED_SHADER_PRECISION_MODEL flags=0 lang=0 type=Fragment platform=dx11 reqs=227 mask=6 start=229 toolchain=1
RunExternalCompiler: begin name=FXC
RunExternalCompiler: end
compileSnippet complete
 ok=1 outsize=674

Cmd: compileSnippet
  insize=11211 file=Packages/com.unity.render-pipelines.universal/Tests/Editor/PostProcessDataTests/2.shader name=Hidden/Custom/Test Shader pass=Meta ppOnly=0 stripLineD=0 buildPlatform=20 rsLen=0 pKW=UNITY_ENABLE_REFLECTION_BUFFERS UNITY_USE_DITHER_MASK_FOR_ALPHABLENDED_SHADOWS UNITY_PBS_USE_BRDF1 UNITY_SPECCUBE_BOX_PROJECTION UNITY_SPECCUBE_BLENDING UNITY_ENABLE_DETAIL_NORMALMAP SHADER_API_DESKTOP UNITY_LIGHT_PROBE_PROXY_VOLUME UNITY_LIGHTMAP_FULL_HDR UNITY_PLATFORM_SUPPORTS_DEPTH_FETCH UNITY_PASS_META uKW= dKW=EDITOR_VISUALIZATION INSTANCING_ON UNITY_NO_DXT5nm UNITY_FRAMEBUFFER_FETCH_AVAILABLE UNITY_METAL_SHADOWS_USE_POINT_FILTERING UNITY_NO_SCREENSPACE_SHADOWS UNITY_PBS_USE_BRDF2 UNITY_PBS_USE_BRDF3 UNITY_HARDWARE_TIER1 UNITY_HARDWARE_TIER2 UNITY_HARDWARE_TIER3 UNITY_COLORSPACE_GAMMA UNITY_LIGHTMAP_DLDR_ENCODING UNITY_LIGHTMAP_RGBM_ENCODING UNITY_VIRTUAL_TEXTURING UNITY_PRETRANSFORM_TO_DISPLAY_ORIENTATION UNITY_ASTC_NORMALMAP_ENCODING SHADER_API_GLES30 SHADER_API_GLES31 SHADER_API_GLES32 UNITY_UNIFIED_SHADER_PRECISION_MODEL flags=0 lang=0 type=Fragment platform=dx11 reqs=227 mask=6 start=229 toolchain=1
RunExternalCompiler: begin name=FXC
RunExternalCompiler: end
compileSnippet complete
 ok=1 outsize=674

Cmd: compileSnippet
  insize=1958 file=Packages/com.unity.render-pipelines.universal/Shaders/SpatialMappingOcclusion.shader name=Universal Render Pipeline/VR/SpatialMapping/Occlusion pass=Spatial Mapping Occlusion ppOnly=0 stripLineD=0 buildPlatform=20 rsLen=0 pKW=UNITY_ENABLE_REFLECTION_BUFFERS UNITY_USE_DITHER_MASK_FOR_ALPHABLENDED_SHADOWS UNITY_PBS_USE_BRDF1 UNITY_SPECCUBE_BOX_PROJECTION UNITY_SPECCUBE_BLENDING UNITY_ENABLE_DETAIL_NORMALMAP SHADER_API_DESKTOP UNITY_LIGHT_PROBE_PROXY_VOLUME UNITY_LIGHTMAP_FULL_HDR UNITY_PLATFORM_SUPPORTS_DEPTH_FETCH uKW= dKW=INSTANCING_ON UNITY_NO_DXT5nm UNITY_FRAMEBUFFER_FETCH_AVAILABLE UNITY_METAL_SHADOWS_USE_POINT_FILTERING UNITY_NO_SCREENSPACE_SHADOWS UNITY_PBS_USE_BRDF2 UNITY_PBS_USE_BRDF3 UNITY_HARDWARE_TIER1 UNITY_HARDWARE_TIER2 UNITY_HARDWARE_TIER3 UNITY_COLORSPACE_GAMMA UNITY_LIGHTMAP_DLDR_ENCODING UNITY_LIGHTMAP_RGBM_ENCODING UNITY_VIRTUAL_TEXTURING UNITY_PRETRANSFORM_TO_DISPLAY_ORIENTATION UNITY_ASTC_NORMALMAP_ENCODING SHADER_API_GLES30 SHADER_API_GLES31 SHADER_API_GLES32 UNITY_UNIFIED_SHADER_PRECISION_MODEL flags=0 lang=3 type=Fragment platform=dx11 reqs=33 mask=6 start=17 toolchain=1
RunExternalCompiler: begin name=FXC
RunExternalCompiler: end
compileSnippet complete
 ok=1 outsize=250

Cmd: compileSnippet
  insize=4010 file=Packages/com.unity.render-pipelines.high-definition/Runtime/Material/GGXConvolution/GGXConvolve.shader name=Hidden/HDRP/GGXConvolve pass=<Unnamed Pass 0> ppOnly=0 stripLineD=0 buildPlatform=20 rsLen=0 pKW=UNITY_ENABLE_REFLECTION_BUFFERS UNITY_USE_DITHER_MASK_FOR_ALPHABLENDED_SHADOWS UNITY_PBS_USE_BRDF1 UNITY_SPECCUBE_BOX_PROJECTION UNITY_SPECCUBE_BLENDING UNITY_ENABLE_DETAIL_NORMALMAP SHADER_API_DESKTOP UNITY_LIGHT_PROBE_PROXY_VOLUME UNITY_LIGHTMAP_FULL_HDR UNITY_PLATFORM_SUPPORTS_DEPTH_FETCH uKW= dKW=USE_MIS UNITY_NO_DXT5nm UNITY_FRAMEBUFFER_FETCH_AVAILABLE UNITY_METAL_SHADOWS_USE_POINT_FILTERING UNITY_NO_SCREENSPACE_SHADOWS UNITY_PBS_USE_BRDF2 UNITY_PBS_USE_BRDF3 UNITY_HARDWARE_TIER1 UNITY_HARDWARE_TIER2 UNITY_HARDWARE_TIER3 UNITY_COLORSPACE_GAMMA UNITY_LIGHTMAP_DLDR_ENCODING UNITY_LIGHTMAP_RGBM_ENCODING UNITY_VIRTUAL_TEXTURING UNITY_PRETRANSFORM_TO_DISPLAY_ORIENTATION UNITY_ASTC_NORMALMAP_ENCODING SHADER_API_GLES30 SHADER_API_GLES31 SHADER_API_GLES32 UNITY_UNIFIED_SHADER_PRECISION_MODEL flags=0 lang=3 type=Fragment platform=dx11 reqs=1101803 mask=6 start=13 toolchain=1
RunExternalCompiler: begin name=FXC
RunExternalCompiler: end
compileSnippet complete
 ok=1 outsize=2274

Cmd: compileSnippet
  insize=5178 file=Packages/com.unity.render-pipelines.high-definition/Runtime/Material/PreIntegratedFGD/preIntegratedFGD_CharlieFabricLambert.shader name=Hidden/HDRP/preIntegratedFGD_CharlieFabricLambert pass=<Unnamed Pass 0> ppOnly=0 stripLineD=0 buildPlatform=20 rsLen=0 pKW=UNITY_ENABLE_REFLECTION_BUFFERS UNITY_USE_DITHER_MASK_FOR_ALPHABLENDED_SHADOWS UNITY_PBS_USE_BRDF1 UNITY_SPECCUBE_BOX_PROJECTION UNITY_SPECCUBE_BLENDING UNITY_ENABLE_DETAIL_NORMALMAP SHADER_API_DESKTOP UNITY_LIGHT_PROBE_PROXY_VOLUME UNITY_LIGHTMAP_FULL_HDR UNITY_PLATFORM_SUPPORTS_DEPTH_FETCH uKW= dKW=UNITY_NO_DXT5nm UNITY_FRAMEBUFFER_FETCH_AVAILABLE UNITY_METAL_SHADOWS_USE_POINT_FILTERING UNITY_NO_SCREENSPACE_SHADOWS UNITY_PBS_USE_BRDF2 UNITY_PBS_USE_BRDF3 UNITY_HARDWARE_TIER1 UNITY_HARDWARE_TIER2 UNITY_HARDWARE_TIER3 UNITY_COLORSPACE_GAMMA UNITY_LIGHTMAP_DLDR_ENCODING UNITY_LIGHTMAP_RGBM_ENCODING UNITY_VIRTUAL_TEXTURING UNITY_PRETRANSFORM_TO_DISPLAY_ORIENTATION UNITY_ASTC_NORMALMAP_ENCODING SHADER_API_GLES30 SHADER_API_GLES31 SHADER_API_GLES32 UNITY_UNIFIED_SHADER_PRECISION_MODEL flags=0 lang=3 type=Fragment platform=dx11 reqs=1101803 mask=6 start=10 toolchain=1
RunExternalCompiler: begin name=FXC
RunExternalCompiler: end
compileSnippet complete
 ok=1 outsize=3326

Cmd: compileSnippet
  insize=2074 file=Packages/com.unity.render-pipelines.universal/Shaders/Utils/ClusterDeferred.shader name=Hidden/Universal Render Pipeline/ClusterDeferred pass=Fog ppOnly=0 stripLineD=0 buildPlatform=20 rsLen=0 pKW=UNITY_ENABLE_REFLECTION_BUFFERS UNITY_USE_DITHER_MASK_FOR_ALPHABLENDED_SHADOWS UNITY_PBS_USE_BRDF1 UNITY_SPECCUBE_BOX_PROJECTION UNITY_SPECCUBE_BLENDING UNITY_ENABLE_DETAIL_NORMALMAP SHADER_API_DESKTOP UNITY_LIGHT_PROBE_PROXY_VOLUME UNITY_LIGHTMAP_FULL_HDR UNITY_PLATFORM_SUPPORTS_DEPTH_FETCH uKW= dKW=_RENDER_PASS_ENABLED FOG_LINEAR FOG_EXP FOG_EXP2 UNITY_NO_DXT5nm UNITY_FRAMEBUFFER_FETCH_AVAILABLE UNITY_METAL_SHADOWS_USE_POINT_FILTERING UNITY_NO_SCREENSPACE_SHADOWS UNITY_PBS_USE_BRDF2 UNITY_PBS_USE_BRDF3 UNITY_HARDWARE_TIER1 UNITY_HARDWARE_TIER2 UNITY_HARDWARE_TIER3 UNITY_COLORSPACE_GAMMA UNITY_LIGHTMAP_DLDR_ENCODING UNITY_LIGHTMAP_RGBM_ENCODING UNITY_VIRTUAL_TEXTURING UNITY_PRETRANSFORM_TO_DISPLAY_ORIENTATION UNITY_ASTC_NORMALMAP_ENCODING SHADER_API_GLES30 SHADER_API_GLES31 SHADER_API_GLES32 UNITY_UNIFIED_SHADER_PRECISION_MODEL flags=0 lang=3 type=Fragment platform=dx11 reqs=1101803 mask=6 start=156 toolchain=1
RunExternalCompiler: begin name=FXC
RunExternalCompiler: end
compileSnippet complete
 ok=1 outsize=282

Cmd: compileSnippet
  insize=2370 file=Packages/com.unity.render-pipelines.high-definition/Runtime/Debug/DebugDisplayLatlong.shader name=Hidden/HDRP/DebugDisplayLatlong pass=<Unnamed Pass 0> ppOnly=0 stripLineD=0 buildPlatform=20 rsLen=0 pKW=UNITY_ENABLE_REFLECTION_BUFFERS UNITY_USE_DITHER_MASK_FOR_ALPHABLENDED_SHADOWS UNITY_PBS_USE_BRDF1 UNITY_SPECCUBE_BOX_PROJECTION UNITY_SPECCUBE_BLENDING UNITY_ENABLE_DETAIL_NORMALMAP SHADER_API_DESKTOP UNITY_LIGHT_PROBE_PROXY_VOLUME UNITY_LIGHTMAP_FULL_HDR UNITY_PLATFORM_SUPPORTS_DEPTH_FETCH uKW= dKW=UNITY_NO_DXT5nm UNITY_FRAMEBUFFER_FETCH_AVAILABLE UNITY_METAL_SHADOWS_USE_POINT_FILTERING UNITY_NO_SCREENSPACE_SHADOWS UNITY_PBS_USE_BRDF2 UNITY_PBS_USE_BRDF3 UNITY_HARDWARE_TIER1 UNITY_HARDWARE_TIER2 UNITY_HARDWARE_TIER3 UNITY_COLORSPACE_GAMMA UNITY_LIGHTMAP_DLDR_ENCODING UNITY_LIGHTMAP_RGBM_ENCODING UNITY_VIRTUAL_TEXTURING UNITY_PRETRANSFORM_TO_DISPLAY_ORIENTATION UNITY_ASTC_NORMALMAP_ENCODING SHADER_API_GLES30 SHADER_API_GLES31 SHADER_API_GLES32 UNITY_UNIFIED_SHADER_PRECISION_MODEL flags=0 lang=3 type=Fragment platform=dx11 reqs=1101803 mask=6 start=13 toolchain=1
RunExternalCompiler: begin name=FXC
RunExternalCompiler: end
compileSnippet complete
 ok=1 outsize=998

Cmd: compileSnippet
  insize=2411 file=Packages/com.unity.render-pipelines.high-definition/Runtime/Lighting/Shadow/DebugDisplayHDShadowMap.shader name=Hidden/ScriptableRenderPipeline/DebugDisplayHDShadowMap pass=RegularShadow ppOnly=0 stripLineD=0 buildPlatform=20 rsLen=0 pKW=UNITY_ENABLE_REFLECTION_BUFFERS UNITY_USE_DITHER_MASK_FOR_ALPHABLENDED_SHADOWS UNITY_PBS_USE_BRDF1 UNITY_SPECCUBE_BOX_PROJECTION UNITY_SPECCUBE_BLENDING UNITY_ENABLE_DETAIL_NORMALMAP SHADER_API_DESKTOP UNITY_LIGHT_PROBE_PROXY_VOLUME UNITY_LIGHTMAP_FULL_HDR UNITY_PLATFORM_SUPPORTS_DEPTH_FETCH uKW= dKW=UNITY_NO_DXT5nm UNITY_FRAMEBUFFER_FETCH_AVAILABLE UNITY_METAL_SHADOWS_USE_POINT_FILTERING UNITY_NO_SCREENSPACE_SHADOWS UNITY_PBS_USE_BRDF2 UNITY_PBS_USE_BRDF3 UNITY_HARDWARE_TIER1 UNITY_HARDWARE_TIER2 UNITY_HARDWARE_TIER3 UNITY_COLORSPACE_GAMMA UNITY_LIGHTMAP_DLDR_ENCODING UNITY_LIGHTMAP_RGBM_ENCODING UNITY_VIRTUAL_TEXTURING UNITY_PRETRANSFORM_TO_DISPLAY_ORIENTATION UNITY_ASTC_NORMALMAP_ENCODING SHADER_API_GLES30 SHADER_API_GLES31 SHADER_API_GLES32 UNITY_UNIFIED_SHADER_PRECISION_MODEL flags=0 lang=3 type=Fragment platform=dx11 reqs=1101803 mask=6 start=49 toolchain=1
RunExternalCompiler: begin name=FXC
RunExternalCompiler: end
compileSnippet complete
 ok=1 outsize=726

Cmd: compileSnippet
  insize=2010 file=Packages/com.unity.render-pipelines.high-definition/Runtime/Lighting/Shadow/DebugDisplayHDShadowMap.shader name=Hidden/ScriptableRenderPipeline/DebugDisplayHDShadowMap pass=VarianceShadow ppOnly=0 stripLineD=0 buildPlatform=20 rsLen=0 pKW=UNITY_ENABLE_REFLECTION_BUFFERS UNITY_USE_DITHER_MASK_FOR_ALPHABLENDED_SHADOWS UNITY_PBS_USE_BRDF1 UNITY_SPECCUBE_BOX_PROJECTION UNITY_SPECCUBE_BLENDING UNITY_ENABLE_DETAIL_NORMALMAP SHADER_API_DESKTOP UNITY_LIGHT_PROBE_PROXY_VOLUME UNITY_LIGHTMAP_FULL_HDR UNITY_PLATFORM_SUPPORTS_DEPTH_FETCH uKW= dKW=UNITY_NO_DXT5nm UNITY_FRAMEBUFFER_FETCH_AVAILABLE UNITY_METAL_SHADOWS_USE_POINT_FILTERING UNITY_NO_SCREENSPACE_SHADOWS UNITY_PBS_USE_BRDF2 UNITY_PBS_USE_BRDF3 UNITY_HARDWARE_TIER1 UNITY_HARDWARE_TIER2 UNITY_HARDWARE_TIER3 UNITY_COLORSPACE_GAMMA UNITY_LIGHTMAP_DLDR_ENCODING UNITY_LIGHTMAP_RGBM_ENCODING UNITY_VIRTUAL_TEXTURING UNITY_PRETRANSFORM_TO_DISPLAY_ORIENTATION UNITY_ASTC_NORMALMAP_ENCODING SHADER_API_GLES30 SHADER_API_GLES31 SHADER_API_GLES32 UNITY_UNIFIED_SHADER_PRECISION_MODEL flags=0 lang=3 type=Fragment platform=dx11 reqs=1101803 mask=6 start=78 toolchain=1
RunExternalCompiler: begin name=FXC
RunExternalCompiler: end
compileSnippet complete
 ok=1 outsize=454

Cmd: compileSnippet
  insize=5561 file=Packages/com.unity.render-pipelines.universal/Shaders/CameraMotionVectors.shader name=Hidden/Universal Render Pipeline/CameraMotionVectors pass=Camera Motion Vectors ppOnly=0 stripLineD=0 buildPlatform=20 rsLen=0 pKW=UNITY_ENABLE_REFLECTION_BUFFERS UNITY_USE_DITHER_MASK_FOR_ALPHABLENDED_SHADOWS UNITY_PBS_USE_BRDF1 UNITY_SPECCUBE_BOX_PROJECTION UNITY_SPECCUBE_BLENDING UNITY_ENABLE_DETAIL_NORMALMAP SHADER_API_DESKTOP UNITY_LIGHT_PROBE_PROXY_VOLUME UNITY_LIGHTMAP_FULL_HDR UNITY_PLATFORM_SUPPORTS_DEPTH_FETCH uKW= dKW=UNITY_NO_DXT5nm UNITY_FRAMEBUFFER_FETCH_AVAILABLE UNITY_METAL_SHADOWS_USE_POINT_FILTERING UNITY_NO_SCREENSPACE_SHADOWS UNITY_PBS_USE_BRDF2 UNITY_PBS_USE_BRDF3 UNITY_HARDWARE_TIER1 UNITY_HARDWARE_TIER2 UNITY_HARDWARE_TIER3 UNITY_COLORSPACE_GAMMA UNITY_LIGHTMAP_DLDR_ENCODING UNITY_LIGHTMAP_RGBM_ENCODING UNITY_VIRTUAL_TEXTURING UNITY_PRETRANSFORM_TO_DISPLAY_ORIENTATION UNITY_ASTC_NORMALMAP_ENCODING SHADER_API_GLES30 SHADER_API_GLES31 SHADER_API_GLES32 UNITY_UNIFIED_SHADER_PRECISION_MODEL flags=0 lang=3 type=Fragment platform=dx11 reqs=4075 mask=6 start=12 toolchain=1
RunExternalCompiler: begin name=FXC
RunExternalCompiler: end
compileSnippet complete
 ok=1 outsize=1218

Cmd: compileSnippet
  insize=1675 file=Packages/com.unity.render-pipelines.high-definition/Runtime/PostProcessing/Shaders/DLSSBiasColorMask.shader name=Hidden/HDRP/DLSSBiasColorMask pass=<Unnamed Pass 0> ppOnly=0 stripLineD=0 buildPlatform=20 rsLen=0 pKW=UNITY_ENABLE_REFLECTION_BUFFERS UNITY_USE_DITHER_MASK_FOR_ALPHABLENDED_SHADOWS UNITY_PBS_USE_BRDF1 UNITY_SPECCUBE_BOX_PROJECTION UNITY_SPECCUBE_BLENDING UNITY_ENABLE_DETAIL_NORMALMAP SHADER_API_DESKTOP UNITY_LIGHT_PROBE_PROXY_VOLUME UNITY_LIGHTMAP_FULL_HDR UNITY_PLATFORM_SUPPORTS_DEPTH_FETCH uKW= dKW=UNITY_NO_DXT5nm UNITY_FRAMEBUFFER_FETCH_AVAILABLE UNITY_METAL_SHADOWS_USE_POINT_FILTERING UNITY_NO_SCREENSPACE_SHADOWS UNITY_PBS_USE_BRDF2 UNITY_PBS_USE_BRDF3 UNITY_HARDWARE_TIER1 UNITY_HARDWARE_TIER2 UNITY_HARDWARE_TIER3 UNITY_COLORSPACE_GAMMA UNITY_LIGHTMAP_DLDR_ENCODING UNITY_LIGHTMAP_RGBM_ENCODING UNITY_VIRTUAL_TEXTURING UNITY_PRETRANSFORM_TO_DISPLAY_ORIENTATION UNITY_ASTC_NORMALMAP_ENCODING SHADER_API_GLES30 SHADER_API_GLES31 SHADER_API_GLES32 UNITY_UNIFIED_SHADER_PRECISION_MODEL flags=0 lang=3 type=Fragment platform=dx11 reqs=1101803 mask=6 start=62 toolchain=1
RunExternalCompiler: begin name=FXC
RunExternalCompiler: end
compileSnippet complete
 ok=1 outsize=290

Cmd: compileSnippet
  insize=2373 file=Packages/com.unity.render-pipelines.high-definition/Runtime/ShaderLibrary/CopyStencilBuffer.shader name=Hidden/HDRP/CopyStencilBuffer pass=Pass 0 - Copy stencilRef to output ppOnly=0 stripLineD=0 buildPlatform=20 rsLen=0 pKW=UNITY_ENABLE_REFLECTION_BUFFERS UNITY_USE_DITHER_MASK_FOR_ALPHABLENDED_SHADOWS UNITY_PBS_USE_BRDF1 UNITY_SPECCUBE_BOX_PROJECTION UNITY_SPECCUBE_BLENDING UNITY_ENABLE_DETAIL_NORMALMAP SHADER_API_DESKTOP UNITY_LIGHT_PROBE_PROXY_VOLUME UNITY_LIGHTMAP_FULL_HDR UNITY_PLATFORM_SUPPORTS_DEPTH_FETCH uKW= dKW=UNITY_NO_DXT5nm UNITY_FRAMEBUFFER_FETCH_AVAILABLE UNITY_METAL_SHADOWS_USE_POINT_FILTERING UNITY_NO_SCREENSPACE_SHADOWS UNITY_PBS_USE_BRDF2 UNITY_PBS_USE_BRDF3 UNITY_HARDWARE_TIER1 UNITY_HARDWARE_TIER2 UNITY_HARDWARE_TIER3 UNITY_COLORSPACE_GAMMA UNITY_LIGHTMAP_DLDR_ENCODING UNITY_LIGHTMAP_RGBM_ENCODING UNITY_VIRTUAL_TEXTURING UNITY_PRETRANSFORM_TO_DISPLAY_ORIENTATION UNITY_ASTC_NORMALMAP_ENCODING SHADER_API_GLES30 SHADER_API_GLES31 SHADER_API_GLES32 UNITY_UNIFIED_SHADER_PRECISION_MODEL flags=0 lang=3 type=Fragment platform=dx11 reqs=1101803 mask=6 start=77 toolchain=1
RunExternalCompiler: begin name=FXC
RunExternalCompiler: end
compileSnippet complete
 ok=1 outsize=338

Cmd: compileSnippet
  insize=2365 file=Packages/com.unity.render-pipelines.high-definition/Runtime/ShaderLibrary/CopyStencilBuffer.shader name=Hidden/HDRP/CopyStencilBuffer pass=Pass 1 - Write 1 if value different from stencilRef to output ppOnly=0 stripLineD=0 buildPlatform=20 rsLen=0 pKW=UNITY_ENABLE_REFLECTION_BUFFERS UNITY_USE_DITHER_MASK_FOR_ALPHABLENDED_SHADOWS UNITY_PBS_USE_BRDF1 UNITY_SPECCUBE_BOX_PROJECTION UNITY_SPECCUBE_BLENDING UNITY_ENABLE_DETAIL_NORMALMAP SHADER_API_DESKTOP UNITY_LIGHT_PROBE_PROXY_VOLUME UNITY_LIGHTMAP_FULL_HDR UNITY_PLATFORM_SUPPORTS_DEPTH_FETCH uKW= dKW=UNITY_NO_DXT5nm UNITY_FRAMEBUFFER_FETCH_AVAILABLE UNITY_METAL_SHADOWS_USE_POINT_FILTERING UNITY_NO_SCREENSPACE_SHADOWS UNITY_PBS_USE_BRDF2 UNITY_PBS_USE_BRDF3 UNITY_HARDWARE_TIER1 UNITY_HARDWARE_TIER2 UNITY_HARDWARE_TIER3 UNITY_COLORSPACE_GAMMA UNITY_LIGHTMAP_DLDR_ENCODING UNITY_LIGHTMAP_RGBM_ENCODING UNITY_VIRTUAL_TEXTURING UNITY_PRETRANSFORM_TO_DISPLAY_ORIENTATION UNITY_ASTC_NORMALMAP_ENCODING SHADER_API_GLES30 SHADER_API_GLES31 SHADER_API_GLES32 UNITY_UNIFIED_SHADER_PRECISION_MODEL flags=0 lang=3 type=Fragment platform=dx11 reqs=1101803 mask=6 start=107 toolchain=1
RunExternalCompiler: begin name=FXC
RunExternalCompiler: end
compileSnippet complete
 ok=1 outsize=254

Cmd: compileSnippet
  insize=2664 file=Packages/com.unity.render-pipelines.high-definition/Runtime/ShaderLibrary/CopyStencilBuffer.shader name=Hidden/HDRP/CopyStencilBuffer pass=Pass 2 - Export HTILE for stencilRef to output ppOnly=0 stripLineD=0 buildPlatform=20 rsLen=0 pKW=UNITY_ENABLE_REFLECTION_BUFFERS UNITY_USE_DITHER_MASK_FOR_ALPHABLENDED_SHADOWS UNITY_PBS_USE_BRDF1 UNITY_SPECCUBE_BOX_PROJECTION UNITY_SPECCUBE_BLENDING UNITY_ENABLE_DETAIL_NORMALMAP SHADER_API_DESKTOP UNITY_LIGHT_PROBE_PROXY_VOLUME UNITY_LIGHTMAP_FULL_HDR UNITY_PLATFORM_SUPPORTS_DEPTH_FETCH uKW= dKW=UNITY_NO_DXT5nm UNITY_FRAMEBUFFER_FETCH_AVAILABLE UNITY_METAL_SHADOWS_USE_POINT_FILTERING UNITY_NO_SCREENSPACE_SHADOWS UNITY_PBS_USE_BRDF2 UNITY_PBS_USE_BRDF3 UNITY_HARDWARE_TIER1 UNITY_HARDWARE_TIER2 UNITY_HARDWARE_TIER3 UNITY_COLORSPACE_GAMMA UNITY_LIGHTMAP_DLDR_ENCODING UNITY_LIGHTMAP_RGBM_ENCODING UNITY_VIRTUAL_TEXTURING UNITY_PRETRANSFORM_TO_DISPLAY_ORIENTATION UNITY_ASTC_NORMALMAP_ENCODING SHADER_API_GLES30 SHADER_API_GLES31 SHADER_API_GLES32 UNITY_UNIFIED_SHADER_PRECISION_MODEL flags=0 lang=3 type=Fragment platform=dx11 reqs=1101803 mask=6 start=138 toolchain=1
RunExternalCompiler: begin name=FXC
RunExternalCompiler: end
compileSnippet complete
 ok=1 outsize=374

Cmd: compileSnippet
  insize=2508 file=Packages/com.unity.render-pipelines.high-definition/Runtime/ShaderLibrary/CopyStencilBuffer.shader name=Hidden/HDRP/CopyStencilBuffer pass=Pass 3 - Initialize Stencil UAV copy with 1 if value different from stencilRef to output ppOnly=0 stripLineD=0 buildPlatform=20 rsLen=0 pKW=UNITY_ENABLE_REFLECTION_BUFFERS UNITY_USE_DITHER_MASK_FOR_ALPHABLENDED_SHADOWS UNITY_PBS_USE_BRDF1 UNITY_SPECCUBE_BOX_PROJECTION UNITY_SPECCUBE_BLENDING UNITY_ENABLE_DETAIL_NORMALMAP SHADER_API_DESKTOP UNITY_LIGHT_PROBE_PROXY_VOLUME UNITY_LIGHTMAP_FULL_HDR UNITY_PLATFORM_SUPPORTS_DEPTH_FETCH uKW= dKW=UNITY_NO_DXT5nm UNITY_FRAMEBUFFER_FETCH_AVAILABLE UNITY_METAL_SHADOWS_USE_POINT_FILTERING UNITY_NO_SCREENSPACE_SHADOWS UNITY_PBS_USE_BRDF2 UNITY_PBS_USE_BRDF3 UNITY_HARDWARE_TIER1 UNITY_HARDWARE_TIER2 UNITY_HARDWARE_TIER3 UNITY_COLORSPACE_GAMMA UNITY_LIGHTMAP_DLDR_ENCODING UNITY_LIGHTMAP_RGBM_ENCODING UNITY_VIRTUAL_TEXTURING UNITY_PRETRANSFORM_TO_DISPLAY_ORIENTATION UNITY_ASTC_NORMALMAP_ENCODING SHADER_API_GLES30 SHADER_API_GLES31 SHADER_API_GLES32 UNITY_UNIFIED_SHADER_PRECISION_MODEL flags=0 lang=3 type=Fragment platform=dx11 reqs=1101803 mask=6 start=174 toolchain=1
RunExternalCompiler: begin name=FXC
RunExternalCompiler: end
compileSnippet complete
 ok=1 outsize=306

Cmd: compileSnippet
  insize=2693 file=Packages/com.unity.render-pipelines.high-definition/Runtime/ShaderLibrary/CopyStencilBuffer.shader name=Hidden/HDRP/CopyStencilBuffer pass=Pass 4 - Update Stencil UAV copy with Stencil Ref ppOnly=0 stripLineD=0 buildPlatform=20 rsLen=0 pKW=UNITY_ENABLE_REFLECTION_BUFFERS UNITY_USE_DITHER_MASK_FOR_ALPHABLENDED_SHADOWS UNITY_PBS_USE_BRDF1 UNITY_SPECCUBE_BOX_PROJECTION UNITY_SPECCUBE_BLENDING UNITY_ENABLE_DETAIL_NORMALMAP SHADER_API_DESKTOP UNITY_LIGHT_PROBE_PROXY_VOLUME UNITY_LIGHTMAP_FULL_HDR UNITY_PLATFORM_SUPPORTS_DEPTH_FETCH uKW= dKW=UNITY_NO_DXT5nm UNITY_FRAMEBUFFER_FETCH_AVAILABLE UNITY_METAL_SHADOWS_USE_POINT_FILTERING UNITY_NO_SCREENSPACE_SHADOWS UNITY_PBS_USE_BRDF2 UNITY_PBS_USE_BRDF3 UNITY_HARDWARE_TIER1 UNITY_HARDWARE_TIER2 UNITY_HARDWARE_TIER3 UNITY_COLORSPACE_GAMMA UNITY_LIGHTMAP_DLDR_ENCODING UNITY_LIGHTMAP_RGBM_ENCODING UNITY_VIRTUAL_TEXTURING UNITY_PRETRANSFORM_TO_DISPLAY_ORIENTATION UNITY_ASTC_NORMALMAP_ENCODING SHADER_API_GLES30 SHADER_API_GLES31 SHADER_API_GLES32 UNITY_UNIFIED_SHADER_PRECISION_MODEL flags=0 lang=3 type=Fragment platform=dx11 reqs=1101803 mask=6 start=205 toolchain=1
RunExternalCompiler: begin name=FXC
RunExternalCompiler: end
compileSnippet complete
 ok=1 outsize=510

Cmd: compileSnippet
  insize=1236 file=Packages/com.unity.render-pipelines.universal/Shaders/PostProcessing/StopNaN.shader name=Hidden/Universal Render Pipeline/Stop NaN pass=Stop NaN ppOnly=0 stripLineD=0 buildPlatform=20 rsLen=0 pKW=UNITY_ENABLE_REFLECTION_BUFFERS UNITY_USE_DITHER_MASK_FOR_ALPHABLENDED_SHADOWS UNITY_PBS_USE_BRDF1 UNITY_SPECCUBE_BOX_PROJECTION UNITY_SPECCUBE_BLENDING UNITY_ENABLE_DETAIL_NORMALMAP SHADER_API_DESKTOP UNITY_LIGHT_PROBE_PROXY_VOLUME UNITY_LIGHTMAP_FULL_HDR UNITY_PLATFORM_SUPPORTS_DEPTH_FETCH uKW= dKW=UNITY_NO_DXT5nm UNITY_FRAMEBUFFER_FETCH_AVAILABLE UNITY_METAL_SHADOWS_USE_POINT_FILTERING UNITY_NO_SCREENSPACE_SHADOWS UNITY_PBS_USE_BRDF2 UNITY_PBS_USE_BRDF3 UNITY_HARDWARE_TIER1 UNITY_HARDWARE_TIER2 UNITY_HARDWARE_TIER3 UNITY_COLORSPACE_GAMMA UNITY_LIGHTMAP_DLDR_ENCODING UNITY_LIGHTMAP_RGBM_ENCODING UNITY_VIRTUAL_TEXTURING UNITY_PRETRANSFORM_TO_DISPLAY_ORIENTATION UNITY_ASTC_NORMALMAP_ENCODING SHADER_API_GLES30 SHADER_API_GLES31 SHADER_API_GLES32 UNITY_UNIFIED_SHADER_PRECISION_MODEL flags=0 lang=3 type=Fragment platform=dx11 reqs=4075 mask=6 start=35 toolchain=1
RunExternalCompiler: begin name=FXC
RunExternalCompiler: end
compileSnippet complete
 ok=1 outsize=730

Cmd: compileSnippet
  insize=8904 file=Packages/com.unity.render-pipelines.high-definition/Runtime/Debug/DebugHDR.shader name=Hidden/HDRP/DebugHDR pass=<Unnamed Pass 0> ppOnly=0 stripLineD=0 buildPlatform=20 rsLen=0 pKW=UNITY_ENABLE_REFLECTION_BUFFERS UNITY_USE_DITHER_MASK_FOR_ALPHABLENDED_SHADOWS UNITY_PBS_USE_BRDF1 UNITY_SPECCUBE_BOX_PROJECTION UNITY_SPECCUBE_BLENDING UNITY_ENABLE_DETAIL_NORMALMAP SHADER_API_DESKTOP UNITY_LIGHT_PROBE_PROXY_VOLUME UNITY_LIGHTMAP_FULL_HDR UNITY_PLATFORM_SUPPORTS_DEPTH_FETCH uKW= dKW=UNITY_NO_DXT5nm UNITY_FRAMEBUFFER_FETCH_AVAILABLE UNITY_METAL_SHADOWS_USE_POINT_FILTERING UNITY_NO_SCREENSPACE_SHADOWS UNITY_PBS_USE_BRDF2 UNITY_PBS_USE_BRDF3 UNITY_HARDWARE_TIER1 UNITY_HARDWARE_TIER2 UNITY_HARDWARE_TIER3 UNITY_COLORSPACE_GAMMA UNITY_LIGHTMAP_DLDR_ENCODING UNITY_LIGHTMAP_RGBM_ENCODING UNITY_VIRTUAL_TEXTURING UNITY_PRETRANSFORM_TO_DISPLAY_ORIENTATION UNITY_ASTC_NORMALMAP_ENCODING SHADER_API_GLES30 SHADER_API_GLES31 SHADER_API_GLES32 UNITY_UNIFIED_SHADER_PRECISION_MODEL flags=0 lang=3 type=Fragment platform=dx11 reqs=1101803 mask=6 start=262 toolchain=1
RunExternalCompiler: begin name=FXC
RunExternalCompiler: end
compileSnippet complete
 ok=1 outsize=8622

Cmd: compileSnippet
  insize=4903 file=Packages/com.unity.render-pipelines.universal/Shaders/Terrain/TerrainDetailLit.shader name=Hidden/TerrainEngine/Details/UniversalPipeline/Vertexlit pass=TerrainDetailVertex ppOnly=0 stripLineD=0 buildPlatform=20 rsLen=0 pKW=UNITY_ENABLE_REFLECTION_BUFFERS UNITY_USE_DITHER_MASK_FOR_ALPHABLENDED_SHADOWS UNITY_PBS_USE_BRDF1 UNITY_SPECCUBE_BOX_PROJECTION UNITY_SPECCUBE_BLENDING UNITY_ENABLE_DETAIL_NORMALMAP SHADER_API_DESKTOP UNITY_LIGHT_PROBE_PROXY_VOLUME UNITY_LIGHTMAP_FULL_HDR UNITY_PLATFORM_SUPPORTS_DEPTH_FETCH uKW= dKW=_SHADOWS_SOFT _SHADOWS_SOFT_LOW _SHADOWS_SOFT_MEDIUM _SHADOWS_SOFT_HIGH _SCREEN_SPACE_OCCLUSION _SCREEN_SPACE_IRRADIANCE _LIGHT_COOKIES LIGHTMAP_BICUBIC_SAMPLING REFLECTION_PROBE_ROTATION _MAIN_LIGHT_SHADOWS _MAIN_LIGHT_SHADOWS_CASCADE _MAIN_LIGHT_SHADOWS_SCREEN _ADDITIONAL_LIGHTS_VERTEX _ADDITIONAL_LIGHTS LIGHTMAP_SHADOW_MIXING SHADOWS_SHADOWMASK _CLUSTER_LIGHT_LOOP DIRLIGHTMAP_COMBINED LIGHTMAP_ON PROBE_VOLUMES_L1 PROBE_VOLUMES_L2 DEBUG_DISPLAY FOG_LINEAR FOG_EXP FOG_EXP2 UNITY_NO_DXT5nm UNITY_FRAMEBUFFER_FETCH_AVAILABLE UNITY_METAL_SHADOWS_USE_POINT_FILTERING UNITY_NO_SCREENSPACE_SHADOWS UNITY_PBS_USE_BRDF2 UNITY_PBS_USE_BRDF3 UNITY_HARDWARE_TIER1 UNITY_HARDWARE_TIER2 UNITY_HARDWARE_TIER3 UNITY_COLORSPACE_GAMMA UNITY_LIGHTMAP_DLDR_ENCODING UNITY_LIGHTMAP_RGBM_ENCODING UNITY_VIRTUAL_TEXTURING UNITY_PRETRANSFORM_TO_DISPLAY_ORIENTATION UNITY_ASTC_NORMALMAP_ENCODING SHADER_API_GLES30 SHADER_API_GLES31 SHADER_API_GLES32 UNITY_UNIFIED_SHADER_PRECISION_MODEL flags=0 lang=3 type=Fragment platform=dx11 reqs=1 mask=6 start=18 toolchain=1
RunExternalCompiler: begin name=FXC
RunExternalCompiler: end
compileSnippet complete
 ok=1 outsize=998

Cmd: compileSnippet
  insize=1093 file=Packages/com.unity.render-pipelines.universal/Shaders/Terrain/TerrainDetailLit.shader name=Hidden/TerrainEngine/Details/UniversalPipeline/Vertexlit pass=DepthOnly ppOnly=0 stripLineD=0 buildPlatform=20 rsLen=0 pKW=UNITY_ENABLE_REFLECTION_BUFFERS UNITY_USE_DITHER_MASK_FOR_ALPHABLENDED_SHADOWS UNITY_PBS_USE_BRDF1 UNITY_SPECCUBE_BOX_PROJECTION UNITY_SPECCUBE_BLENDING UNITY_ENABLE_DETAIL_NORMALMAP SHADER_API_DESKTOP UNITY_LIGHT_PROBE_PROXY_VOLUME UNITY_LIGHTMAP_FULL_HDR UNITY_PLATFORM_SUPPORTS_DEPTH_FETCH uKW= dKW=INSTANCING_ON UNITY_NO_DXT5nm UNITY_FRAMEBUFFER_FETCH_AVAILABLE UNITY_METAL_SHADOWS_USE_POINT_FILTERING UNITY_NO_SCREENSPACE_SHADOWS UNITY_PBS_USE_BRDF2 UNITY_PBS_USE_BRDF3 UNITY_HARDWARE_TIER1 UNITY_HARDWARE_TIER2 UNITY_HARDWARE_TIER3 UNITY_COLORSPACE_GAMMA UNITY_LIGHTMAP_DLDR_ENCODING UNITY_LIGHTMAP_RGBM_ENCODING UNITY_VIRTUAL_TEXTURING UNITY_PRETRANSFORM_TO_DISPLAY_ORIENTATION UNITY_ASTC_NORMALMAP_ENCODING SHADER_API_GLES30 SHADER_API_GLES31 SHADER_API_GLES32 UNITY_UNIFIED_SHADER_PRECISION_MODEL flags=0 lang=3 type=Fragment platform=dx11 reqs=1 mask=6 start=206 toolchain=1
RunExternalCompiler: begin name=FXC
RunExternalCompiler: end
compileSnippet complete
 ok=1 outsize=254

Cmd: compileSnippet
  insize=1260 file=Packages/com.unity.render-pipelines.universal/Shaders/Terrain/TerrainDetailLit.shader name=Hidden/TerrainEngine/Details/UniversalPipeline/Vertexlit pass=DepthNormals ppOnly=0 stripLineD=0 buildPlatform=20 rsLen=0 pKW=UNITY_ENABLE_REFLECTION_BUFFERS UNITY_USE_DITHER_MASK_FOR_ALPHABLENDED_SHADOWS UNITY_PBS_USE_BRDF1 UNITY_SPECCUBE_BOX_PROJECTION UNITY_SPECCUBE_BLENDING UNITY_ENABLE_DETAIL_NORMALMAP SHADER_API_DESKTOP UNITY_LIGHT_PROBE_PROXY_VOLUME UNITY_LIGHTMAP_FULL_HDR UNITY_PLATFORM_SUPPORTS_DEPTH_FETCH uKW= dKW=_GBUFFER_NORMALS_OCT INSTANCING_ON UNITY_NO_DXT5nm UNITY_FRAMEBUFFER_FETCH_AVAILABLE UNITY_METAL_SHADOWS_USE_POINT_FILTERING UNITY_NO_SCREENSPACE_SHADOWS UNITY_PBS_USE_BRDF2 UNITY_PBS_USE_BRDF3 UNITY_HARDWARE_TIER1 UNITY_HARDWARE_TIER2 UNITY_HARDWARE_TIER3 UNITY_COLORSPACE_GAMMA UNITY_LIGHTMAP_DLDR_ENCODING UNITY_LIGHTMAP_RGBM_ENCODING UNITY_VIRTUAL_TEXTURING UNITY_PRETRANSFORM_TO_DISPLAY_ORIENTATION UNITY_ASTC_NORMALMAP_ENCODING SHADER_API_GLES30 SHADER_API_GLES31 SHADER_API_GLES32 UNITY_UNIFIED_SHADER_PRECISION_MODEL flags=0 lang=3 type=Fragment platform=dx11 reqs=1 mask=6 start=228 toolchain=1
RunExternalCompiler: begin name=FXC
RunExternalCompiler: end
compileSnippet complete
 ok=1 outsize=442

Cmd: compileSnippet
  insize=4601 file=Packages/com.unity.render-pipelines.high-definition/Runtime/RenderPipeline/RenderPass/CustomPass/CustomPassUtils.shader name=Hidden/HDRP/CustomPassUtils pass=Downsample ppOnly=0 stripLineD=0 buildPlatform=20 rsLen=0 pKW=UNITY_ENABLE_REFLECTION_BUFFERS UNITY_USE_DITHER_MASK_FOR_ALPHABLENDED_SHADOWS UNITY_PBS_USE_BRDF1 UNITY_SPECCUBE_BOX_PROJECTION UNITY_SPECCUBE_BLENDING UNITY_ENABLE_DETAIL_NORMALMAP SHADER_API_DESKTOP UNITY_LIGHT_PROBE_PROXY_VOLUME UNITY_LIGHTMAP_FULL_HDR UNITY_PLATFORM_SUPPORTS_DEPTH_FETCH uKW= dKW=UNITY_NO_DXT5nm UNITY_FRAMEBUFFER_FETCH_AVAILABLE UNITY_METAL_SHADOWS_USE_POINT_FILTERING UNITY_NO_SCREENSPACE_SHADOWS UNITY_PBS_USE_BRDF2 UNITY_PBS_USE_BRDF3 UNITY_HARDWARE_TIER1 UNITY_HARDWARE_TIER2 UNITY_HARDWARE_TIER3 UNITY_COLORSPACE_GAMMA UNITY_LIGHTMAP_DLDR_ENCODING UNITY_LIGHTMAP_RGBM_ENCODING UNITY_VIRTUAL_TEXTURING UNITY_PRETRANSFORM_TO_DISPLAY_ORIENTATION UNITY_ASTC_NORMALMAP_ENCODING SHADER_API_GLES30 SHADER_API_GLES31 SHADER_API_GLES32 UNITY_UNIFIED_SHADER_PRECISION_MODEL flags=0 lang=3 type=Fragment platform=dx11 reqs=1101803 mask=6 start=160 toolchain=1
RunExternalCompiler: begin name=FXC
RunExternalCompiler: end
compileSnippet complete
 ok=1 outsize=606

Cmd: compileSnippet
  insize=1512 file=Packages/com.unity.render-pipelines.core/Runtime/Debug/ProbeVolumeSamplingDebug.shader name=Hidden/Core/ProbeVolumeSamplingDebug pass=ForwardOnly ppOnly=0 stripLineD=0 buildPlatform=20 rsLen=0 pKW=UNITY_ENABLE_REFLECTION_BUFFERS UNITY_USE_DITHER_MASK_FOR_ALPHABLENDED_SHADOWS UNITY_PBS_USE_BRDF1 UNITY_SPECCUBE_BOX_PROJECTION UNITY_SPECCUBE_BLENDING UNITY_ENABLE_DETAIL_NORMALMAP SHADER_API_DESKTOP UNITY_LIGHT_PROBE_PROXY_VOLUME UNITY_LIGHTMAP_FULL_HDR UNITY_PLATFORM_SUPPORTS_DEPTH_FETCH uKW= dKW=PROBE_VOLUMES_L1 PROBE_VOLUMES_L2 INSTANCING_ON UNITY_NO_DXT5nm UNITY_FRAMEBUFFER_FETCH_AVAILABLE UNITY_METAL_SHADOWS_USE_POINT_FILTERING UNITY_NO_SCREENSPACE_SHADOWS UNITY_PBS_USE_BRDF2 UNITY_PBS_USE_BRDF3 UNITY_HARDWARE_TIER1 UNITY_HARDWARE_TIER2 UNITY_HARDWARE_TIER3 UNITY_COLORSPACE_GAMMA UNITY_LIGHTMAP_DLDR_ENCODING UNITY_LIGHTMAP_RGBM_ENCODING UNITY_VIRTUAL_TEXTURING UNITY_PRETRANSFORM_TO_DISPLAY_ORIENTATION UNITY_ASTC_NORMALMAP_ENCODING SHADER_API_GLES30 SHADER_API_GLES31 SHADER_API_GLES32 UNITY_UNIFIED_SHADER_PRECISION_MODEL flags=0 lang=3 type=Fragment platform=dx11 reqs=1101803 mask=6 start=30 toolchain=1
RunExternalCompiler: begin name=FXC
RunExternalCompiler: end
compileSnippet complete
 ok=1 outsize=2366

Cmd: compileSnippet
  insize=3531 file=Packages/com.unity.render-pipelines.high-definition/Runtime/Material/TerrainLit/TerrainLit_BasemapGen.shader name=Hidden/HDRP/TerrainLit_BasemapGen pass=<Unnamed Pass 1> ppOnly=0 stripLineD=0 buildPlatform=20 rsLen=0 pKW=UNITY_ENABLE_REFLECTION_BUFFERS UNITY_USE_DITHER_MASK_FOR_ALPHABLENDED_SHADOWS UNITY_PBS_USE_BRDF1 UNITY_SPECCUBE_BOX_PROJECTION UNITY_SPECCUBE_BLENDING UNITY_ENABLE_DETAIL_NORMALMAP SHADER_API_DESKTOP UNITY_LIGHT_PROBE_PROXY_VOLUME UNITY_LIGHTMAP_FULL_HDR UNITY_PLATFORM_SUPPORTS_DEPTH_FETCH uKW= dKW=_TERRAIN_8_LAYERS _NORMALMAP _MASKMAP _TERRAIN_BLEND_HEIGHT UNITY_NO_DXT5nm UNITY_FRAMEBUFFER_FETCH_AVAILABLE UNITY_METAL_SHADOWS_USE_POINT_FILTERING UNITY_NO_SCREENSPACE_SHADOWS UNITY_PBS_USE_BRDF2 UNITY_PBS_USE_BRDF3 UNITY_HARDWARE_TIER1 UNITY_HARDWARE_TIER2 UNITY_HARDWARE_TIER3 UNITY_COLORSPACE_GAMMA UNITY_LIGHTMAP_DLDR_ENCODING UNITY_LIGHTMAP_RGBM_ENCODING UNITY_VIRTUAL_TEXTURING UNITY_PRETRANSFORM_TO_DISPLAY_ORIENTATION UNITY_ASTC_NORMALMAP_ENCODING SHADER_API_GLES30 SHADER_API_GLES31 SHADER_API_GLES32 UNITY_UNIFIED_SHADER_PRECISION_MODEL flags=0 lang=3 type=Fragment platform=dx11 reqs=1101803 mask=6 start=103 toolchain=1
RunExternalCompiler: begin name=FXC
RunExternalCompiler: end
compileSnippet complete
 ok=1 outsize=1114

Cmd: compileSnippet
  insize=2487 file=Packages/com.unity.render-pipelines.universal/Shaders/2D/RenderAs2D-Flattening.shader name=2D/RenderAs2D-Flattening pass=<Unnamed Pass 1> ppOnly=0 stripLineD=0 buildPlatform=20 rsLen=0 pKW=UNITY_ENABLE_REFLECTION_BUFFERS UNITY_USE_DITHER_MASK_FOR_ALPHABLENDED_SHADOWS UNITY_PBS_USE_BRDF1 UNITY_SPECCUBE_BOX_PROJECTION UNITY_SPECCUBE_BLENDING UNITY_ENABLE_DETAIL_NORMALMAP SHADER_API_DESKTOP UNITY_LIGHT_PROBE_PROXY_VOLUME UNITY_LIGHTMAP_FULL_HDR UNITY_PLATFORM_SUPPORTS_DEPTH_FETCH uKW= dKW=UNITY_NO_DXT5nm UNITY_FRAMEBUFFER_FETCH_AVAILABLE UNITY_METAL_SHADOWS_USE_POINT_FILTERING UNITY_NO_SCREENSPACE_SHADOWS UNITY_PBS_USE_BRDF2 UNITY_PBS_USE_BRDF3 UNITY_HARDWARE_TIER1 UNITY_HARDWARE_TIER2 UNITY_HARDWARE_TIER3 UNITY_COLORSPACE_GAMMA UNITY_LIGHTMAP_DLDR_ENCODING UNITY_LIGHTMAP_RGBM_ENCODING UNITY_VIRTUAL_TEXTURING UNITY_PRETRANSFORM_TO_DISPLAY_ORIENTATION UNITY_ASTC_NORMALMAP_ENCODING SHADER_API_GLES30 SHADER_API_GLES31 SHADER_API_GLES32 UNITY_UNIFIED_SHADER_PRECISION_MODEL flags=0 lang=3 type=Fragment platform=dx11 reqs=33 mask=6 start=81 toolchain=1
RunExternalCompiler: begin name=FXC
RunExternalCompiler: end
compileSnippet complete
 ok=1 outsize=386

Cmd: compileSnippet
  insize=20897 file=Packages/com.unity.render-pipelines.high-definition/Runtime/Material/LayeredLit/LayeredLit.shader name=HDRP/LayeredLit pass=GBuffer ppOnly=0 stripLineD=0 buildPlatform=20 rsLen=0 pKW=UNITY_ENABLE_REFLECTION_BUFFERS UNITY_USE_DITHER_MASK_FOR_ALPHABLENDED_SHADOWS UNITY_PBS_USE_BRDF1 UNITY_SPECCUBE_BOX_PROJECTION UNITY_SPECCUBE_BLENDING UNITY_ENABLE_DETAIL_NORMALMAP SHADER_API_DESKTOP UNITY_LIGHT_PROBE_PROXY_VOLUME UNITY_LIGHTMAP_FULL_HDR UNITY_PLATFORM_SUPPORTS_DEPTH_FETCH uKW=DECALS_OFF dKW=SHADOWS_SHADOWMASK PROBE_VOLUMES_L1 PROBE_VOLUMES_L2 DECALS_3RT DECALS_4RT DECAL_SURFACE_GRADIENT RENDERING_LAYERS DOTS_INSTANCING_ON LOD_FADE_CROSSFADE DEBUG_DISPLAY LIGHTMAP_ON LIGHTMAP_BICUBIC_SAMPLING DIRLIGHTMAP_COMBINED DYNAMICLIGHTMAP_ON USE_LEGACY_LIGHTMAPS INSTANCING_ON _PIXEL_DISPLACEMENT_LOCK_OBJECT_SCALE _EMISSIVE_MAPPING_PLANAR _EMISSIVE_MAPPING_TRIPLANAR _EMISSIVE_MAPPING_BASE _ENABLESPECULAROCCLUSION _SPECULAR_OCCLUSION_NONE _SPECULAR_OCCLUSION_FROM_BENT_NORMAL_MAP _NORMALMAP_TANGENT_SPACE0 _NORMALMAP_TANGENT_SPACE1 _NORMALMAP_TANGENT_SPACE2 _NORMALMAP_TANGENT_SPACE3 _MASKMAP0 _MASKMAP1 _MASKMAP2 _MASKMAP3 _BENTNORMALMAP0 _BENTNORMALMAP1 _BENTNORMALMAP2 _BENTNORMALMAP3 _EMISSIVE_COLOR_MAP _DETAIL_MAP0 _DETAIL_MAP1 _DETAIL_MAP2 _DETAIL_MAP3 _SUBSURFACE_MASK_MAP0 _SUBSURFACE_MASK_MAP1 _SUBSURFACE_MASK_MAP2 _SUBSURFACE_MASK_MAP3 _TRANSMISSION_MASK_MAP0 _TRANSMISSION_MASK_MAP1 _TRANSMISSION_MASK_MAP2 _TRANSMISSION_MASK_MAP3 _THICKNESSMAP0 _THICKNESSMAP1 _THICKNESSMAP2 _THICKNESSMAP3 _MATERIAL_FEATURE_SUBSURFACE_SCATTERING _MATERIAL_FEATURE_TRANSMISSION _DISABLE_SSR _ENABLE_GEOMETRIC_SPECULAR_AA _DEPTHOFFSET_ON _DOUBLESIDED_ON _VERTEX_DISPLACEMENT _PIXEL_DISPLACEMENT _DISPLACEMENT_LOCK_TILING_SCALE _LAYER_TILING_COUPLED_WITH_UNIFORM_OBJECT_SCALE _LAYER_MAPPING_PLANAR_BLENDMASK _LAYER_MAPPING_TRIPLANAR_BLENDMASK _LAYER_MAPPING_PLANAR0 _LAYER_MAPPING_TRIPLANAR0 _LAYER_MAPPING_PLANAR1 _LAYER_MAPPING_TRIPLANAR1 _LAYER_MAPPING_PLANAR2 _LAYER_MAPPING_TRIPLANAR2 _LAYER_MAPPING_PLANAR3 _LAYER_MAPPING_TRIPLANAR3 _REQUIRE_UV2 _REQUIRE_UV3 _HEIGHTMAP0 _HEIGHTMAP1 _HEIGHTMAP2 _HEIGHTMAP3 _LAYER_MASK_VERTEX_COLOR_MUL _LAYER_MASK_VERTEX_COLOR_ADD _MAIN_LAYER_INFLUENCE_MODE _INFLUENCEMASK_MAP _DENSITY_MODE _HEIGHT_BASED_BLEND _LAYEREDLIT_3_LAYERS _LAYEREDLIT_4_LAYERS _NORMALMAP0 _NORMALMAP1 _NORMALMAP2 _NORMALMAP3 _DISABLE_DECALS UNITY_NO_DXT5nm UNITY_FRAMEBUFFER_FETCH_AVAILABLE UNITY_METAL_SHADOWS_USE_POINT_FILTERING UNITY_NO_SCREENSPACE_SHADOWS UNITY_PBS_USE_BRDF2 UNITY_PBS_USE_BRDF3 UNITY_HARDWARE_TIER1 UNITY_HARDWARE_TIER2 UNITY_HARDWARE_TIER3 UNITY_COLORSPACE_GAMMA UNITY_LIGHTMAP_DLDR_ENCODING UNITY_LIGHTMAP_RGBM_ENCODING UNITY_VIRTUAL_TEXTURING UNITY_PRETRANSFORM_TO_DISPLAY_ORIENTATION UNITY_ASTC_NORMALMAP_ENCODING SHADER_API_GLES30 SHADER_API_GLES31 SHADER_API_GLES32 UNITY_UNIFIED_SHADER_PRECISION_MODEL flags=0 lang=3 type=Fragment platform=dx11 reqs=1101803 mask=6 start=672 toolchain=1
RunExternalCompiler: begin name=FXC
RunExternalCompiler: end
compileSnippet complete
 ok=1 outsize=6458

Cmd: compileSnippet
  insize=13909 file=Packages/com.unity.render-pipelines.high-definition/Runtime/Material/LayeredLit/LayeredLit.shader name=HDRP/LayeredLit pass=ShadowCaster ppOnly=0 stripLineD=0 buildPlatform=20 rsLen=0 pKW=UNITY_ENABLE_REFLECTION_BUFFERS UNITY_USE_DITHER_MASK_FOR_ALPHABLENDED_SHADOWS UNITY_PBS_USE_BRDF1 UNITY_SPECCUBE_BOX_PROJECTION UNITY_SPECCUBE_BLENDING UNITY_ENABLE_DETAIL_NORMALMAP SHADER_API_DESKTOP UNITY_LIGHT_PROBE_PROXY_VOLUME UNITY_LIGHTMAP_FULL_HDR UNITY_PLATFORM_SUPPORTS_DEPTH_FETCH UNITY_PASS_SHADOWCASTER uKW= dKW=DOTS_INSTANCING_ON LOD_FADE_CROSSFADE INSTANCING_ON _PIXEL_DISPLACEMENT_LOCK_OBJECT_SCALE _EMISSIVE_MAPPING_PLANAR _EMISSIVE_MAPPING_TRIPLANAR _EMISSIVE_MAPPING_BASE _ENABLESPECULAROCCLUSION _SPECULAR_OCCLUSION_NONE _SPECULAR_OCCLUSION_FROM_BENT_NORMAL_MAP _DEPTHOFFSET_ON _DOUBLESIDED_ON _VERTEX_DISPLACEMENT _PIXEL_DISPLACEMENT _DISPLACEMENT_LOCK_TILING_SCALE _LAYER_TILING_COUPLED_WITH_UNIFORM_OBJECT_SCALE _LAYER_MAPPING_PLANAR_BLENDMASK _LAYER_MAPPING_TRIPLANAR_BLENDMASK _LAYER_MAPPING_PLANAR0 _LAYER_MAPPING_TRIPLANAR0 _LAYER_MAPPING_PLANAR1 _LAYER_MAPPING_TRIPLANAR1 _LAYER_MAPPING_PLANAR2 _LAYER_MAPPING_TRIPLANAR2 _LAYER_MAPPING_PLANAR3 _LAYER_MAPPING_TRIPLANAR3 _REQUIRE_UV2 _REQUIRE_UV3 _HEIGHTMAP0 _HEIGHTMAP1 _HEIGHTMAP2 _HEIGHTMAP3 _LAYER_MASK_VERTEX_COLOR_MUL _LAYER_MASK_VERTEX_COLOR_ADD _MAIN_LAYER_INFLUENCE_MODE _INFLUENCEMASK_MAP _DENSITY_MODE _HEIGHT_BASED_BLEND _LAYEREDLIT_3_LAYERS _LAYEREDLIT_4_LAYERS _ALPHATEST_ON UNITY_NO_DXT5nm UNITY_FRAMEBUFFER_FETCH_AVAILABLE UNITY_METAL_SHADOWS_USE_POINT_FILTERING UNITY_NO_SCREENSPACE_SHADOWS UNITY_PBS_USE_BRDF2 UNITY_PBS_USE_BRDF3 UNITY_HARDWARE_TIER1 UNITY_HARDWARE_TIER2 UNITY_HARDWARE_TIER3 UNITY_COLORSPACE_GAMMA UNITY_LIGHTMAP_DLDR_ENCODING UNITY_LIGHTMAP_RGBM_ENCODING UNITY_VIRTUAL_TEXTURING UNITY_PRETRANSFORM_TO_DISPLAY_ORIENTATION UNITY_ASTC_NORMALMAP_ENCODING SHADER_API_GLES30 SHADER_API_GLES31 SHADER_API_GLES32 UNITY_UNIFIED_SHADER_PRECISION_MODEL flags=0 lang=3 type=Fragment platform=dx11 reqs=1101803 mask=6 start=935 toolchain=1
RunExternalCompiler: begin name=FXC
RunExternalCompiler: end
compileSnippet complete
 ok=1 outsize=174

Cmd: compileSnippet
  insize=13322 file=Packages/com.unity.render-pipelines.high-definition/Runtime/Material/LayeredLit/LayeredLit.shader name=HDRP/LayeredLit pass=RayTracingPrepass ppOnly=0 stripLineD=0 buildPlatform=20 rsLen=0 pKW=UNITY_ENABLE_REFLECTION_BUFFERS UNITY_USE_DITHER_MASK_FOR_ALPHABLENDED_SHADOWS UNITY_PBS_USE_BRDF1 UNITY_SPECCUBE_BOX_PROJECTION UNITY_SPECCUBE_BLENDING UNITY_ENABLE_DETAIL_NORMALMAP SHADER_API_DESKTOP UNITY_LIGHT_PROBE_PROXY_VOLUME UNITY_LIGHTMAP_FULL_HDR UNITY_PLATFORM_SUPPORTS_DEPTH_FETCH uKW= dKW=DOTS_INSTANCING_ON _PIXEL_DISPLACEMENT_LOCK_OBJECT_SCALE _EMISSIVE_MAPPING_PLANAR _EMISSIVE_MAPPING_TRIPLANAR _EMISSIVE_MAPPING_BASE _ENABLESPECULAROCCLUSION _SPECULAR_OCCLUSION_NONE _SPECULAR_OCCLUSION_FROM_BENT_NORMAL_MAP _DEPTHOFFSET_ON _DOUBLESIDED_ON _VERTEX_DISPLACEMENT _PIXEL_DISPLACEMENT _DISPLACEMENT_LOCK_TILING_SCALE _LAYER_TILING_COUPLED_WITH_UNIFORM_OBJECT_SCALE _LAYER_MAPPING_PLANAR_BLENDMASK _LAYER_MAPPING_TRIPLANAR_BLENDMASK _LAYER_MAPPING_PLANAR0 _LAYER_MAPPING_TRIPLANAR0 _LAYER_MAPPING_PLANAR1 _LAYER_MAPPING_TRIPLANAR1 _LAYER_MAPPING_PLANAR2 _LAYER_MAPPING_TRIPLANAR2 _LAYER_MAPPING_PLANAR3 _LAYER_MAPPING_TRIPLANAR3 _REQUIRE_UV2 _REQUIRE_UV3 _HEIGHTMAP0 _HEIGHTMAP1 _HEIGHTMAP2 _HEIGHTMAP3 _LAYER_MASK_VERTEX_COLOR_MUL _LAYER_MASK_VERTEX_COLOR_ADD _MAIN_LAYER_INFLUENCE_MODE _INFLUENCEMASK_MAP _DENSITY_MODE _HEIGHT_BASED_BLEND _LAYEREDLIT_3_LAYERS _LAYEREDLIT_4_LAYERS UNITY_NO_DXT5nm UNITY_FRAMEBUFFER_FETCH_AVAILABLE UNITY_METAL_SHADOWS_USE_POINT_FILTERING UNITY_NO_SCREENSPACE_SHADOWS UNITY_PBS_USE_BRDF2 UNITY_PBS_USE_BRDF3 UNITY_HARDWARE_TIER1 UNITY_HARDWARE_TIER2 UNITY_HARDWARE_TIER3 UNITY_COLORSPACE_GAMMA UNITY_LIGHTMAP_DLDR_ENCODING UNITY_LIGHTMAP_RGBM_ENCODING UNITY_VIRTUAL_TEXTURING UNITY_PRETRANSFORM_TO_DISPLAY_ORIENTATION UNITY_ASTC_NORMALMAP_ENCODING SHADER_API_GLES30 SHADER_API_GLES31 SHADER_API_GLES32 UNITY_UNIFIED_SHADER_PRECISION_MODEL flags=0 lang=3 type=Fragment platform=dx11 reqs=1101803 mask=6 start=1188 toolchain=1
RunExternalCompiler: begin name=FXC
RunExternalCompiler: end
compileSnippet complete
 ok=1 outsize=218

Cmd: compileSnippet
  insize=2675 file=Packages/com.unity.render-pipelines.high-definition/Editor/Material/BRGPicking.shader name=Hidden/HDRP/BRGPicking pass=ScenePickingPass ppOnly=0 stripLineD=0 buildPlatform=20 rsLen=0 pKW=UNITY_ENABLE_REFLECTION_BUFFERS UNITY_USE_DITHER_MASK_FOR_ALPHABLENDED_SHADOWS UNITY_PBS_USE_BRDF1 UNITY_SPECCUBE_BOX_PROJECTION UNITY_SPECCUBE_BLENDING UNITY_ENABLE_DETAIL_NORMALMAP SHADER_API_DESKTOP UNITY_LIGHT_PROBE_PROXY_VOLUME UNITY_LIGHTMAP_FULL_HDR UNITY_PLATFORM_SUPPORTS_DEPTH_FETCH uKW=DOTS_INSTANCING_ON dKW=UNITY_NO_DXT5nm UNITY_FRAMEBUFFER_FETCH_AVAILABLE UNITY_METAL_SHADOWS_USE_POINT_FILTERING UNITY_NO_SCREENSPACE_SHADOWS UNITY_PBS_USE_BRDF2 UNITY_PBS_USE_BRDF3 UNITY_HARDWARE_TIER1 UNITY_HARDWARE_TIER2 UNITY_HARDWARE_TIER3 UNITY_COLORSPACE_GAMMA UNITY_LIGHTMAP_DLDR_ENCODING UNITY_LIGHTMAP_RGBM_ENCODING UNITY_VIRTUAL_TEXTURING UNITY_PRETRANSFORM_TO_DISPLAY_ORIENTATION UNITY_ASTC_NORMALMAP_ENCODING SHADER_API_GLES30 SHADER_API_GLES31 SHADER_API_GLES32 UNITY_UNIFIED_SHADER_PRECISION_MODEL flags=0 lang=3 type=Fragment platform=dx11 reqs=1101803 mask=6 start=27 toolchain=1
RunExternalCompiler: begin name=FXC
RunExternalCompiler: end
compileSnippet complete
 ok=1 outsize=1154

Cmd: compileSnippet
  insize=2435 file=Packages/com.unity.render-pipelines.high-definition/Editor/Lighting/Reflection/ReflectionProbesPreview.shader name=Hidden/Debug/ReflectionProbePreview pass=ForwardUnlit ppOnly=0 stripLineD=0 buildPlatform=20 rsLen=0 pKW=UNITY_ENABLE_REFLECTION_BUFFERS UNITY_USE_DITHER_MASK_FOR_ALPHABLENDED_SHADOWS UNITY_PBS_USE_BRDF1 UNITY_SPECCUBE_BOX_PROJECTION UNITY_SPECCUBE_BLENDING UNITY_ENABLE_DETAIL_NORMALMAP SHADER_API_DESKTOP UNITY_LIGHT_PROBE_PROXY_VOLUME UNITY_LIGHTMAP_FULL_HDR UNITY_PLATFORM_SUPPORTS_DEPTH_FETCH uKW= dKW=UNITY_NO_DXT5nm UNITY_FRAMEBUFFER_FETCH_AVAILABLE UNITY_METAL_SHADOWS_USE_POINT_FILTERING UNITY_NO_SCREENSPACE_SHADOWS UNITY_PBS_USE_BRDF2 UNITY_PBS_USE_BRDF3 UNITY_HARDWARE_TIER1 UNITY_HARDWARE_TIER2 UNITY_HARDWARE_TIER3 UNITY_COLORSPACE_GAMMA UNITY_LIGHTMAP_DLDR_ENCODING UNITY_LIGHTMAP_RGBM_ENCODING UNITY_VIRTUAL_TEXTURING UNITY_PRETRANSFORM_TO_DISPLAY_ORIENTATION UNITY_ASTC_NORMALMAP_ENCODING SHADER_API_GLES30 SHADER_API_GLES31 SHADER_API_GLES32 UNITY_UNIFIED_SHADER_PRECISION_MODEL flags=0 lang=3 type=Fragment platform=dx11 reqs=33 mask=6 start=23 toolchain=1
RunExternalCompiler: begin name=FXC
RunExternalCompiler: end
compileSnippet complete
 ok=1 outsize=1066

Cmd: compileSnippet
  insize=2150 file=Packages/com.unity.render-pipelines.high-definition/Runtime/Debug/DebugVectorscope.shader name=Hidden/PostProcessing/Debug/Vectorscope pass=<Unnamed Pass 0> ppOnly=0 stripLineD=0 buildPlatform=20 rsLen=0 pKW=UNITY_ENABLE_REFLECTION_BUFFERS UNITY_USE_DITHER_MASK_FOR_ALPHABLENDED_SHADOWS UNITY_PBS_USE_BRDF1 UNITY_SPECCUBE_BOX_PROJECTION UNITY_SPECCUBE_BLENDING UNITY_ENABLE_DETAIL_NORMALMAP SHADER_API_DESKTOP UNITY_LIGHT_PROBE_PROXY_VOLUME UNITY_LIGHTMAP_FULL_HDR UNITY_PLATFORM_SUPPORTS_DEPTH_FETCH uKW= dKW=UNITY_NO_DXT5nm UNITY_FRAMEBUFFER_FETCH_AVAILABLE UNITY_METAL_SHADOWS_USE_POINT_FILTERING UNITY_NO_SCREENSPACE_SHADOWS UNITY_PBS_USE_BRDF2 UNITY_PBS_USE_BRDF3 UNITY_HARDWARE_TIER1 UNITY_HARDWARE_TIER2 UNITY_HARDWARE_TIER3 UNITY_COLORSPACE_GAMMA UNITY_LIGHTMAP_DLDR_ENCODING UNITY_LIGHTMAP_RGBM_ENCODING UNITY_VIRTUAL_TEXTURING UNITY_PRETRANSFORM_TO_DISPLAY_ORIENTATION UNITY_ASTC_NORMALMAP_ENCODING SHADER_API_GLES30 SHADER_API_GLES31 SHADER_API_GLES32 UNITY_UNIFIED_SHADER_PRECISION_MODEL flags=0 lang=3 type=Fragment platform=dx11 reqs=1101803 mask=6 start=69 toolchain=1
RunExternalCompiler: begin name=FXC
RunExternalCompiler: end
compileSnippet complete
 ok=1 outsize=1082

Cmd: compileSnippet
  insize=2979 file=Packages/com.unity.render-pipelines.universal/Shaders/2D/Sprite-Lit-Default.shader name=Universal Render Pipeline/2D/Sprite-Lit-Default pass=<Unnamed Pass 0> ppOnly=0 stripLineD=0 buildPlatform=20 rsLen=0 pKW=UNITY_ENABLE_REFLECTION_BUFFERS UNITY_USE_DITHER_MASK_FOR_ALPHABLENDED_SHADOWS UNITY_PBS_USE_BRDF1 UNITY_SPECCUBE_BOX_PROJECTION UNITY_SPECCUBE_BLENDING UNITY_ENABLE_DETAIL_NORMALMAP SHADER_API_DESKTOP UNITY_LIGHT_PROBE_PROXY_VOLUME UNITY_LIGHTMAP_FULL_HDR UNITY_PLATFORM_SUPPORTS_DEPTH_FETCH uKW= dKW=USE_SHAPE_LIGHT_TYPE_0 USE_SHAPE_LIGHT_TYPE_1 USE_SHAPE_LIGHT_TYPE_2 USE_SHAPE_LIGHT_TYPE_3 DEBUG_DISPLAY SKINNED_SPRITE INSTANCING_ON UNITY_NO_DXT5nm UNITY_FRAMEBUFFER_FETCH_AVAILABLE UNITY_METAL_SHADOWS_USE_POINT_FILTERING UNITY_NO_SCREENSPACE_SHADOWS UNITY_PBS_USE_BRDF2 UNITY_PBS_USE_BRDF3 UNITY_HARDWARE_TIER1 UNITY_HARDWARE_TIER2 UNITY_HARDWARE_TIER3 UNITY_COLORSPACE_GAMMA UNITY_LIGHTMAP_DLDR_ENCODING UNITY_LIGHTMAP_RGBM_ENCODING UNITY_VIRTUAL_TEXTURING UNITY_PRETRANSFORM_TO_DISPLAY_ORIENTATION UNITY_ASTC_NORMALMAP_ENCODING SHADER_API_GLES30 SHADER_API_GLES31 SHADER_API_GLES32 UNITY_UNIFIED_SHADER_PRECISION_MODEL flags=0 lang=3 type=Fragment platform=dx11 reqs=33 mask=6 start=29 toolchain=1
RunExternalCompiler: begin name=FXC
RunExternalCompiler: end
compileSnippet complete
 ok=1 outsize=538

Cmd: compileSnippet
  insize=2364 file=Packages/com.unity.render-pipelines.universal/Shaders/2D/Sprite-Lit-Default.shader name=Universal Render Pipeline/2D/Sprite-Lit-Default pass=<Unnamed Pass 2> ppOnly=0 stripLineD=0 buildPlatform=20 rsLen=0 pKW=UNITY_ENABLE_REFLECTION_BUFFERS UNITY_USE_DITHER_MASK_FOR_ALPHABLENDED_SHADOWS UNITY_PBS_USE_BRDF1 UNITY_SPECCUBE_BOX_PROJECTION UNITY_SPECCUBE_BLENDING UNITY_ENABLE_DETAIL_NORMALMAP SHADER_API_DESKTOP UNITY_LIGHT_PROBE_PROXY_VOLUME UNITY_LIGHTMAP_FULL_HDR UNITY_PLATFORM_SUPPORTS_DEPTH_FETCH uKW= dKW=DEBUG_DISPLAY SKINNED_SPRITE INSTANCING_ON UNITY_NO_DXT5nm UNITY_FRAMEBUFFER_FETCH_AVAILABLE UNITY_METAL_SHADOWS_USE_POINT_FILTERING UNITY_NO_SCREENSPACE_SHADOWS UNITY_PBS_USE_BRDF2 UNITY_PBS_USE_BRDF3 UNITY_HARDWARE_TIER1 UNITY_HARDWARE_TIER2 UNITY_HARDWARE_TIER3 UNITY_COLORSPACE_GAMMA UNITY_LIGHTMAP_DLDR_ENCODING UNITY_LIGHTMAP_RGBM_ENCODING UNITY_VIRTUAL_TEXTURING UNITY_PRETRANSFORM_TO_DISPLAY_ORIENTATION UNITY_ASTC_NORMALMAP_ENCODING SHADER_API_GLES30 SHADER_API_GLES31 SHADER_API_GLES32 UNITY_UNIFIED_SHADER_PRECISION_MODEL flags=0 lang=3 type=Fragment platform=dx11 reqs=33 mask=6 start=141 toolchain=1
RunExternalCompiler: begin name=FXC
RunExternalCompiler: end
compileSnippet complete
 ok=1 outsize=434

Cmd: compileSnippet
  insize=2658 file=Packages/com.unity.render-pipelines.high-definition/Runtime/Sky/GradientSky/GradientSky.shader name=Hidden/HDRP/Sky/GradientSky pass=<Unnamed Pass 1> ppOnly=0 stripLineD=0 buildPlatform=20 rsLen=0 pKW=UNITY_ENABLE_REFLECTION_BUFFERS UNITY_USE_DITHER_MASK_FOR_ALPHABLENDED_SHADOWS UNITY_PBS_USE_BRDF1 UNITY_SPECCUBE_BOX_PROJECTION UNITY_SPECCUBE_BLENDING UNITY_ENABLE_DETAIL_NORMALMAP SHADER_API_DESKTOP UNITY_LIGHT_PROBE_PROXY_VOLUME UNITY_LIGHTMAP_FULL_HDR UNITY_PLATFORM_SUPPORTS_DEPTH_FETCH uKW= dKW=UNITY_NO_DXT5nm UNITY_FRAMEBUFFER_FETCH_AVAILABLE UNITY_METAL_SHADOWS_USE_POINT_FILTERING UNITY_NO_SCREENSPACE_SHADOWS UNITY_PBS_USE_BRDF2 UNITY_PBS_USE_BRDF3 UNITY_HARDWARE_TIER1 UNITY_HARDWARE_TIER2 UNITY_HARDWARE_TIER3 UNITY_COLORSPACE_GAMMA UNITY_LIGHTMAP_DLDR_ENCODING UNITY_LIGHTMAP_RGBM_ENCODING UNITY_VIRTUAL_TEXTURING UNITY_PRETRANSFORM_TO_DISPLAY_ORIENTATION UNITY_ASTC_NORMALMAP_ENCODING SHADER_API_GLES30 SHADER_API_GLES31 SHADER_API_GLES32 UNITY_UNIFIED_SHADER_PRECISION_MODEL flags=0 lang=3 type=Fragment platform=dx11 reqs=1101803 mask=6 start=93 toolchain=1
RunExternalCompiler: begin name=FXC
RunExternalCompiler: end
compileSnippet complete
 ok=1 outsize=906

Cmd: compileSnippet
  insize=12873 file=Packages/com.unity.render-pipelines.high-definition/Runtime/Material/Lit/LitTessellation.shader name=HDRP/LitTessellation pass=SceneSelectionPass ppOnly=0 stripLineD=0 buildPlatform=20 rsLen=0 pKW=UNITY_ENABLE_REFLECTION_BUFFERS UNITY_USE_DITHER_MASK_FOR_ALPHABLENDED_SHADOWS UNITY_PBS_USE_BRDF1 UNITY_SPECCUBE_BOX_PROJECTION UNITY_SPECCUBE_BLENDING UNITY_ENABLE_DETAIL_NORMALMAP SHADER_API_DESKTOP UNITY_LIGHT_PROBE_PROXY_VOLUME UNITY_LIGHTMAP_FULL_HDR UNITY_PLATFORM_SUPPORTS_DEPTH_FETCH uKW= dKW=DOTS_INSTANCING_ON LOD_FADE_CROSSFADE INSTANCING_ON _TESSELLATION_PHONG _PIXEL_DISPLACEMENT_LOCK_OBJECT_SCALE _DEPTHOFFSET_ON _DOUBLESIDED_ON _TESSELLATION_DISPLACEMENT _PIXEL_DISPLACEMENT _VERTEX_DISPLACEMENT_LOCK_OBJECT_SCALE _DISPLACEMENT_LOCK_TILING_SCALE _MAPPING_PLANAR _MAPPING_TRIPLANAR _REQUIRE_UV2 _REQUIRE_UV3 _HEIGHTMAP _ALPHATEST_ON UNITY_NO_DXT5nm UNITY_FRAMEBUFFER_FETCH_AVAILABLE UNITY_METAL_SHADOWS_USE_POINT_FILTERING UNITY_NO_SCREENSPACE_SHADOWS UNITY_PBS_USE_BRDF2 UNITY_PBS_USE_BRDF3 UNITY_HARDWARE_TIER1 UNITY_HARDWARE_TIER2 UNITY_HARDWARE_TIER3 UNITY_COLORSPACE_GAMMA UNITY_LIGHTMAP_DLDR_ENCODING UNITY_LIGHTMAP_RGBM_ENCODING UNITY_VIRTUAL_TEXTURING UNITY_PRETRANSFORM_TO_DISPLAY_ORIENTATION UNITY_ASTC_NORMALMAP_ENCODING SHADER_API_GLES30 SHADER_API_GLES31 SHADER_API_GLES32 UNITY_UNIFIED_SHADER_PRECISION_MODEL flags=0 lang=3 type=Domain platform=dx11 reqs=1298411 mask=54 start=419 toolchain=1
RunExternalCompiler: begin name=FXC
RunExternalCompiler: end
compileSnippet complete
 ok=1 outsize=714

Cmd: compileSnippet
  insize=12395 file=Packages/com.unity.render-pipelines.high-definition/Runtime/Material/Lit/LitTessellation.shader name=HDRP/LitTessellation pass=ShadowCaster ppOnly=0 stripLineD=0 buildPlatform=20 rsLen=0 pKW=UNITY_ENABLE_REFLECTION_BUFFERS UNITY_USE_DITHER_MASK_FOR_ALPHABLENDED_SHADOWS UNITY_PBS_USE_BRDF1 UNITY_SPECCUBE_BOX_PROJECTION UNITY_SPECCUBE_BLENDING UNITY_ENABLE_DETAIL_NORMALMAP SHADER_API_DESKTOP UNITY_LIGHT_PROBE_PROXY_VOLUME UNITY_LIGHTMAP_FULL_HDR UNITY_PLATFORM_SUPPORTS_DEPTH_FETCH UNITY_PASS_SHADOWCASTER uKW= dKW=DOTS_INSTANCING_ON LOD_FADE_CROSSFADE INSTANCING_ON _PIXEL_DISPLACEMENT_LOCK_OBJECT_SCALE _EMISSIVE_MAPPING_PLANAR _EMISSIVE_MAPPING_TRIPLANAR _EMISSIVE_MAPPING_BASE _ENABLESPECULAROCCLUSION _SPECULAR_OCCLUSION_NONE _SPECULAR_OCCLUSION_FROM_BENT_NORMAL_MAP _DEPTHOFFSET_ON _DOUBLESIDED_ON _TESSELLATION_DISPLACEMENT _PIXEL_DISPLACEMENT _VERTEX_DISPLACEMENT_LOCK_OBJECT_SCALE _DISPLACEMENT_LOCK_TILING_SCALE _MAPPING_PLANAR _MAPPING_TRIPLANAR _REQUIRE_UV2 _REQUIRE_UV3 _HEIGHTMAP _ALPHATEST_ON UNITY_NO_DXT5nm UNITY_FRAMEBUFFER_FETCH_AVAILABLE UNITY_METAL_SHADOWS_USE_POINT_FILTERING UNITY_NO_SCREENSPACE_SHADOWS UNITY_PBS_USE_BRDF2 UNITY_PBS_USE_BRDF3 UNITY_HARDWARE_TIER1 UNITY_HARDWARE_TIER2 UNITY_HARDWARE_TIER3 UNITY_COLORSPACE_GAMMA UNITY_LIGHTMAP_DLDR_ENCODING UNITY_LIGHTMAP_RGBM_ENCODING UNITY_VIRTUAL_TEXTURING UNITY_PRETRANSFORM_TO_DISPLAY_ORIENTATION UNITY_ASTC_NORMALMAP_ENCODING SHADER_API_GLES30 SHADER_API_GLES31 SHADER_API_GLES32 UNITY_UNIFIED_SHADER_PRECISION_MODEL flags=0 lang=3 type=Fragment platform=dx11 reqs=1298411 mask=54 start=633 toolchain=1
RunExternalCompiler: begin name=FXC
RunExternalCompiler: end
compileSnippet complete
 ok=1 outsize=174

Cmd: compileSnippet
  insize=14682 file=Packages/com.unity.render-pipelines.high-definition/Runtime/Material/Lit/LitTessellation.shader name=HDRP/LitTessellation pass=DepthOnly ppOnly=0 stripLineD=0 buildPlatform=20 rsLen=0 pKW=UNITY_ENABLE_REFLECTION_BUFFERS UNITY_USE_DITHER_MASK_FOR_ALPHABLENDED_SHADOWS UNITY_PBS_USE_BRDF1 UNITY_SPECCUBE_BOX_PROJECTION UNITY_SPECCUBE_BLENDING UNITY_ENABLE_DETAIL_NORMALMAP SHADER_API_DESKTOP UNITY_LIGHT_PROBE_PROXY_VOLUME UNITY_LIGHTMAP_FULL_HDR UNITY_PLATFORM_SUPPORTS_DEPTH_FETCH uKW= dKW=WRITE_MSAA_DEPTH DOTS_INSTANCING_ON LOD_FADE_CROSSFADE WRITE_NORMAL_BUFFER WRITE_DECAL_BUFFER WRITE_RENDERING_LAYER INSTANCING_ON _PIXEL_DISPLACEMENT_LOCK_OBJECT_SCALE _EMISSIVE_MAPPING_PLANAR _EMISSIVE_MAPPING_TRIPLANAR _EMISSIVE_MAPPING_BASE _ENABLESPECULAROCCLUSION _SPECULAR_OCCLUSION_NONE _SPECULAR_OCCLUSION_FROM_BENT_NORMAL_MAP _MATERIAL_FEATURE_CLEAR_COAT _ENABLE_GEOMETRIC_SPECULAR_AA _MASKMAP _NORMALMAP_TANGENT_SPACE _DEPTHOFFSET_ON _DOUBLESIDED_ON _TESSELLATION_DISPLACEMENT _PIXEL_DISPLACEMENT _VERTEX_DISPLACEMENT_LOCK_OBJECT_SCALE _DISPLACEMENT_LOCK_TILING_SCALE _MAPPING_PLANAR _MAPPING_TRIPLANAR _REQUIRE_UV2 _REQUIRE_UV3 _HEIGHTMAP _DISABLE_DECALS _NORMALMAP _ALPHATEST_ON UNITY_NO_DXT5nm UNITY_FRAMEBUFFER_FETCH_AVAILABLE UNITY_METAL_SHADOWS_USE_POINT_FILTERING UNITY_NO_SCREENSPACE_SHADOWS UNITY_PBS_USE_BRDF2 UNITY_PBS_USE_BRDF3 UNITY_HARDWARE_TIER1 UNITY_HARDWARE_TIER2 UNITY_HARDWARE_TIER3 UNITY_COLORSPACE_GAMMA UNITY_LIGHTMAP_DLDR_ENCODING UNITY_LIGHTMAP_RGBM_ENCODING UNITY_VIRTUAL_TEXTURING UNITY_PRETRANSFORM_TO_DISPLAY_ORIENTATION UNITY_ASTC_NORMALMAP_ENCODING SHADER_API_GLES30 SHADER_API_GLES31 SHADER_API_GLES32 UNITY_UNIFIED_SHADER_PRECISION_MODEL flags=0 lang=3 type=Fragment platform=dx11 reqs=1298411 mask=54 start=679 toolchain=1
RunExternalCompiler: begin name=FXC
RunExternalCompiler: end
compileSnippet complete
 ok=1 outsize=174

Cmd: compileSnippet
  insize=21814 file=Packages/com.unity.render-pipelines.high-definition/Runtime/Material/Lit/LitTessellation.shader name=HDRP/LitTessellation pass=TransparentBackface ppOnly=0 stripLineD=0 buildPlatform=20 rsLen=0 pKW=UNITY_ENABLE_REFLECTION_BUFFERS UNITY_USE_DITHER_MASK_FOR_ALPHABLENDED_SHADOWS UNITY_PBS_USE_BRDF1 UNITY_SPECCUBE_BOX_PROJECTION UNITY_SPECCUBE_BLENDING UNITY_ENABLE_DETAIL_NORMALMAP SHADER_API_DESKTOP UNITY_LIGHT_PROBE_PROXY_VOLUME UNITY_LIGHTMAP_FULL_HDR UNITY_PLATFORM_SUPPORTS_DEPTH_FETCH uKW=DECALS_OFF SCREEN_SPACE_SHADOWS_OFF PUNCTUAL_SHADOW_LOW DIRECTIONAL_SHADOW_LOW AREA_SHADOW_MEDIUM dKW=SHADOWS_SHADOWMASK PROBE_VOLUMES_L1 PROBE_VOLUMES_L2 SCREEN_SPACE_SHADOWS_ON CONTACT_SHADOWS_OFF DECALS_3RT DECALS_4RT DECAL_SURFACE_GRADIENT PUNCTUAL_SHADOW_MEDIUM PUNCTUAL_SHADOW_HIGH DIRECTIONAL_SHADOW_MEDIUM DIRECTIONAL_SHADOW_HIGH AREA_SHADOW_HIGH DOTS_INSTANCING_ON LOD_FADE_CROSSFADE DEBUG_DISPLAY LIGHTMAP_ON LIGHTMAP_BICUBIC_SAMPLING DIRLIGHTMAP_COMBINED DYNAMICLIGHTMAP_ON USE_LEGACY_LIGHTMAPS _SURFACE_TYPE_TRANSPARENT INSTANCING_ON _PIXEL_DISPLACEMENT_LOCK_OBJECT_SCALE _EMISSIVE_MAPPING_PLANAR _EMISSIVE_MAPPING_TRIPLANAR _EMISSIVE_MAPPING_BASE _ENABLESPECULAROCCLUSION _SPECULAR_OCCLUSION_NONE _SPECULAR_OCCLUSION_FROM_BENT_NORMAL_MAP _MATERIAL_FEATURE_CLEAR_COAT _DISABLE_SSR _MATERIAL_FEATURE_SUBSURFACE_SCATTERING _MATERIAL_FEATURE_TRANSMISSION _MATERIAL_FEATURE_ANISOTROPY _MATERIAL_FEATURE_IRIDESCENCE _MATERIAL_FEATURE_SPECULAR_COLOR _ENABLE_GEOMETRIC_SPECULAR_AA _BENTNORMALMAP _EMISSIVE_COLOR_MAP _TANGENTMAP _ANISOTROPYMAP _DETAIL_MAP _SUBSURFACE_MASK_MAP _TRANSMISSION_MASK_MAP _THICKNESSMAP _IRIDESCENCE_THICKNESSMAP _SPECULARCOLORMAP _TRANSMITTANCECOLORMAP _MASKMAP _NORMALMAP_TANGENT_SPACE _REFRACTION_PLANE _REFRACTION_SPHERE _REFRACTION_THIN _ENABLE_FOG_ON_TRANSPARENT _DEPTHOFFSET_ON _DOUBLESIDED_ON _TESSELLATION_DISPLACEMENT _PIXEL_DISPLACEMENT _VERTEX_DISPLACEMENT_LOCK_OBJECT_SCALE _DISPLACEMENT_LOCK_TILING_SCALE _MAPPING_PLANAR _MAPPING_TRIPLANAR _REQUIRE_UV2 _REQUIRE_UV3 _HEIGHTMAP _DISABLE_DECALS _NORMALMAP _ALPHATEST_ON _TRANSPARENT_WRITES_MOTION_VEC _TRANSPARENT_REFRACTIVE_SORT _DISABLE_SSR_TRANSPARENT UNITY_NO_DXT5nm UNITY_FRAMEBUFFER_FETCH_AVAILABLE UNITY_METAL_SHADOWS_USE_POINT_FILTERING UNITY_NO_SCREENSPACE_SHADOWS UNITY_PBS_USE_BRDF2 UNITY_PBS_USE_BRDF3 UNITY_HARDWARE_TIER1 UNITY_HARDWARE_TIER2 UNITY_HARDWARE_TIER3 UNITY_COLORSPACE_GAMMA UNITY_LIGHTMAP_DLDR_ENCODING UNITY_LIGHTMAP_RGBM_ENCODING UNITY_VIRTUAL_TEXTURING UNITY_PRETRANSFORM_TO_DISPLAY_ORIENTATION UNITY_ASTC_NORMALMAP_ENCODING SHADER_API_GLES30 SHADER_API_GLES31 SHADER_API_GLES32 UNITY_UNIFIED_SHADER_PRECISION_MODEL flags=0 lang=3 type=Fragment platform=dx11 reqs=1298411 mask=54 start=880 toolchain=1
RunExternalCompiler: begin name=FXC
RunExternalCompiler: end
compileSnippet complete
 ok=1 outsize=71154

Cmd: compileSnippet
  insize=9549 file=Assets/DefaultResourcesExtra/Skybox-Panoramic.shader name=Skybox/Panoramic pass=<Unnamed Pass 0> ppOnly=0 stripLineD=0 buildPlatform=20 rsLen=0 pKW=UNITY_ENABLE_REFLECTION_BUFFERS UNITY_USE_DITHER_MASK_FOR_ALPHABLENDED_SHADOWS UNITY_PBS_USE_BRDF1 UNITY_SPECCUBE_BOX_PROJECTION UNITY_SPECCUBE_BLENDING UNITY_ENABLE_DETAIL_NORMALMAP SHADER_API_DESKTOP UNITY_LIGHT_PROBE_PROXY_VOLUME UNITY_LIGHTMAP_FULL_HDR UNITY_PLATFORM_SUPPORTS_DEPTH_FETCH uKW= dKW=_MAPPING_6_FRAMES_LAYOUT UNITY_NO_DXT5nm UNITY_FRAMEBUFFER_FETCH_AVAILABLE UNITY_METAL_SHADOWS_USE_POINT_FILTERING UNITY_NO_SCREENSPACE_SHADOWS UNITY_PBS_USE_BRDF2 UNITY_PBS_USE_BRDF3 UNITY_HARDWARE_TIER1 UNITY_HARDWARE_TIER2 UNITY_HARDWARE_TIER3 UNITY_COLORSPACE_GAMMA UNITY_LIGHTMAP_DLDR_ENCODING UNITY_LIGHTMAP_RGBM_ENCODING UNITY_VIRTUAL_TEXTURING UNITY_PRETRANSFORM_TO_DISPLAY_ORIENTATION UNITY_ASTC_NORMALMAP_ENCODING SHADER_API_GLES30 SHADER_API_GLES31 SHADER_API_GLES32 UNITY_UNIFIED_SHADER_PRECISION_MODEL flags=0 lang=0 type=Vertex platform=dx11 reqs=1 mask=6 start=19 toolchain=1
RunExternalCompiler: begin name=FXC
RunExternalCompiler: end
compileSnippet complete
 ok=1 outsize=1282

Cmd: compileSnippet
  insize=9829 file=Packages/com.unity.render-pipelines.universal/Shaders/Lit.shader name=Universal Render Pipeline/Lit pass=ForwardLit ppOnly=0 stripLineD=0 buildPlatform=20 rsLen=0 pKW=UNITY_ENABLE_REFLECTION_BUFFERS UNITY_USE_DITHER_MASK_FOR_ALPHABLENDED_SHADOWS UNITY_PBS_USE_BRDF1 UNITY_SPECCUBE_BOX_PROJECTION UNITY_SPECCUBE_BLENDING UNITY_ENABLE_DETAIL_NORMALMAP SHADER_API_DESKTOP UNITY_LIGHT_PROBE_PROXY_VOLUME UNITY_LIGHTMAP_FULL_HDR UNITY_PLATFORM_SUPPORTS_DEPTH_FETCH uKW=_MAIN_LIGHT_SHADOWS _ADDITIONAL_LIGHTS LOD_FADE_CROSSFADE dKW=_MAIN_LIGHT_SHADOWS_CASCADE _MAIN_LIGHT_SHADOWS_SCREEN _ADDITIONAL_LIGHTS_VERTEX EVALUATE_SH_MIXED EVALUATE_SH_VERTEX _LIGHT_LAYERS _CLUSTER_LIGHT_LOOP LIGHTMAP_SHADOW_MIXING SHADOWS_SHADOWMASK DIRLIGHTMAP_COMBINED LIGHTMAP_ON DYNAMICLIGHTMAP_ON USE_LEGACY_LIGHTMAPS PROBE_VOLUMES_L1 PROBE_VOLUMES_L2 DOTS_INSTANCING_ON FOG_LINEAR FOG_EXP FOG_EXP2 INSTANCING_ON _ADDITIONAL_LIGHT_SHADOWS _REFLECTION_PROBE_BLENDING _REFLECTION_PROBE_BOX_PROJECTION _REFLECTION_PROBE_ATLAS _SCREEN_SPACE_REFLECTION _SHADOWS_SOFT _SHADOWS_SOFT_LOW _SHADOWS_SOFT_MEDIUM _SHADOWS_SOFT_HIGH _SCREEN_SPACE_OCCLUSION _SCREEN_SPACE_IRRADIANCE _DBUFFER_MRT1 _DBUFFER_MRT2 _DBUFFER_MRT3 _LIGHT_COOKIES _WRITE_RENDERING_LAYERS LIGHTMAP_BICUBIC_SAMPLING REFLECTION_PROBE_ROTATION DEBUG_DISPLAY _NORMALMAP _PARALLAXMAP _RECEIVE_SHADOWS_OFF _DETAIL_MULX2 _DETAIL_SCALED _SURFACE_TYPE_TRANSPARENT _ALPHATEST_ON _ALPHAPREMULTIPLY_ON _ALPHAMODULATE_ON _EMISSION _METALLICSPECGLOSSMAP _SMOOTHNESS_TEXTURE_ALBEDO_CHANNEL_A _OCCLUSIONMAP _SPECULARHIGHLIGHTS_OFF _ENVIRONMENTREFLECTIONS_OFF _SCREENSPACEREFLECTIONS_OFF _SPECULAR_SETUP UNITY_NO_DXT5nm UNITY_FRAMEBUFFER_FETCH_AVAILABLE UNITY_METAL_SHADOWS_USE_POINT_FILTERING UNITY_NO_SCREENSPACE_SHADOWS UNITY_PBS_USE_BRDF2 UNITY_PBS_USE_BRDF3 UNITY_HARDWARE_TIER1 UNITY_HARDWARE_TIER2 UNITY_HARDWARE_TIER3 UNITY_COLORSPACE_GAMMA UNITY_LIGHTMAP_DLDR_ENCODING UNITY_LIGHTMAP_RGBM_ENCODING UNITY_VIRTUAL_TEXTURING UNITY_PRETRANSFORM_TO_DISPLAY_ORIENTATION UNITY_ASTC_NORMALMAP_ENCODING SHADER_API_GLES30 SHADER_API_GLES31 SHADER_API_GLES32 UNITY_UNIFIED_SHADER_PRECISION_MODEL flags=0 lang=3 type=Vertex platform=gles3 reqs=1 mask=6 start=113 toolchain=1
RunExternalCompiler: begin name=HLSLcc
RunExternalCompiler: begin name=FXC
RunExternalCompiler: end
RunExternalCompiler: begin name=FXC
RunExternalCompiler: end
RunExternalCompiler: end
compileSnippet complete
 ok=1 outsize=22144

Cmd: compileSnippet
  insize=9829 file=Packages/com.unity.render-pipelines.universal/Shaders/Lit.shader name=Universal Render Pipeline/Lit pass=ForwardLit ppOnly=0 stripLineD=0 buildPlatform=20 rsLen=0 pKW=UNITY_ENABLE_REFLECTION_BUFFERS UNITY_USE_DITHER_MASK_FOR_ALPHABLENDED_SHADOWS UNITY_PBS_USE_BRDF1 UNITY_SPECCUBE_BOX_PROJECTION UNITY_SPECCUBE_BLENDING UNITY_ENABLE_DETAIL_NORMALMAP SHADER_API_DESKTOP UNITY_LIGHT_PROBE_PROXY_VOLUME UNITY_LIGHTMAP_FULL_HDR UNITY_PLATFORM_SUPPORTS_DEPTH_FETCH uKW=_MAIN_LIGHT_SHADOWS _ADDITIONAL_LIGHTS LOD_FADE_CROSSFADE _SPECULAR_SETUP dKW=_MAIN_LIGHT_SHADOWS_CASCADE _MAIN_LIGHT_SHADOWS_SCREEN _ADDITIONAL_LIGHTS_VERTEX EVALUATE_SH_MIXED EVALUATE_SH_VERTEX _LIGHT_LAYERS _CLUSTER_LIGHT_LOOP LIGHTMAP_SHADOW_MIXING SHADOWS_SHADOWMASK DIRLIGHTMAP_COMBINED LIGHTMAP_ON DYNAMICLIGHTMAP_ON USE_LEGACY_LIGHTMAPS PROBE_VOLUMES_L1 PROBE_VOLUMES_L2 DOTS_INSTANCING_ON FOG_LINEAR FOG_EXP FOG_EXP2 INSTANCING_ON _ADDITIONAL_LIGHT_SHADOWS _REFLECTION_PROBE_BLENDING _REFLECTION_PROBE_BOX_PROJECTION _REFLECTION_PROBE_ATLAS _SCREEN_SPACE_REFLECTION _SHADOWS_SOFT _SHADOWS_SOFT_LOW _SHADOWS_SOFT_MEDIUM _SHADOWS_SOFT_HIGH _SCREEN_SPACE_OCCLUSION _SCREEN_SPACE_IRRADIANCE _DBUFFER_MRT1 _DBUFFER_MRT2 _DBUFFER_MRT3 _LIGHT_COOKIES _WRITE_RENDERING_LAYERS LIGHTMAP_BICUBIC_SAMPLING REFLECTION_PROBE_ROTATION DEBUG_DISPLAY _NORMALMAP _PARALLAXMAP _RECEIVE_SHADOWS_OFF _DETAIL_MULX2 _DETAIL_SCALED _SURFACE_TYPE_TRANSPARENT _ALPHATEST_ON _ALPHAPREMULTIPLY_ON _ALPHAMODULATE_ON _EMISSION _METALLICSPECGLOSSMAP _SMOOTHNESS_TEXTURE_ALBEDO_CHANNEL_A _OCCLUSIONMAP _SPECULARHIGHLIGHTS_OFF _ENVIRONMENTREFLECTIONS_OFF _SCREENSPACEREFLECTIONS_OFF UNITY_NO_DXT5nm UNITY_FRAMEBUFFER_FETCH_AVAILABLE UNITY_METAL_SHADOWS_USE_POINT_FILTERING UNITY_NO_SCREENSPACE_SHADOWS UNITY_PBS_USE_BRDF2 UNITY_PBS_USE_BRDF3 UNITY_HARDWARE_TIER1 UNITY_HARDWARE_TIER2 UNITY_HARDWARE_TIER3 UNITY_COLORSPACE_GAMMA UNITY_LIGHTMAP_DLDR_ENCODING UNITY_LIGHTMAP_RGBM_ENCODING UNITY_VIRTUAL_TEXTURING UNITY_PRETRANSFORM_TO_DISPLAY_ORIENTATION UNITY_ASTC_NORMALMAP_ENCODING SHADER_API_GLES30 SHADER_API_GLES31 SHADER_API_GLES32 UNITY_UNIFIED_SHADER_PRECISION_MODEL flags=0 lang=3 type=Vertex platform=gles3 reqs=1 mask=6 start=113 toolchain=1
RunExternalCompiler: begin name=HLSLcc
RunExternalCompiler: begin name=FXC
RunExternalCompiler: end
RunExternalCompiler: begin name=FXC
RunExternalCompiler: end
RunExternalCompiler: end
compileSnippet complete
 ok=1 outsize=21924

Cmd: compileSnippet
  insize=2471 file=Packages/com.unity.render-pipelines.core/Shaders/CoreCopy.shader name=Hidden/CoreSRP/CoreCopy pass=CopyMS ppOnly=0 stripLineD=0 buildPlatform=20 rsLen=0 pKW=UNITY_ENABLE_REFLECTION_BUFFERS UNITY_USE_DITHER_MASK_FOR_ALPHABLENDED_SHADOWS UNITY_PBS_USE_BRDF1 UNITY_SPECCUBE_BOX_PROJECTION UNITY_SPECCUBE_BLENDING UNITY_ENABLE_DETAIL_NORMALMAP SHADER_API_DESKTOP UNITY_LIGHT_PROBE_PROXY_VOLUME UNITY_LIGHTMAP_FULL_HDR UNITY_PLATFORM_SUPPORTS_DEPTH_FETCH uKW=DISABLE_TEXTURE2D_X_ARRAY dKW=UNITY_NO_DXT5nm UNITY_FRAMEBUFFER_FETCH_AVAILABLE UNITY_METAL_SHADOWS_USE_POINT_FILTERING UNITY_NO_SCREENSPACE_SHADOWS UNITY_PBS_USE_BRDF2 UNITY_PBS_USE_BRDF3 UNITY_HARDWARE_TIER1 UNITY_HARDWARE_TIER2 UNITY_HARDWARE_TIER3 UNITY_COLORSPACE_GAMMA UNITY_LIGHTMAP_DLDR_ENCODING UNITY_LIGHTMAP_RGBM_ENCODING UNITY_VIRTUAL_TEXTURING UNITY_PRETRANSFORM_TO_DISPLAY_ORIENTATION UNITY_ASTC_NORMALMAP_ENCODING SHADER_API_GLES30 SHADER_API_GLES31 SHADER_API_GLES32 UNITY_UNIFIED_SHADER_PRECISION_MODEL flags=0 lang=3 type=Vertex platform=gles3 reqs=1101803 mask=6 start=73 toolchain=1
RunExternalCompiler: begin name=HLSLcc
RunExternalCompiler: begin name=FXC
RunExternalCompiler: end
RunExternalCompiler: begin name=FXC
RunExternalCompiler: end
RunExternalCompiler: end
compileSnippet complete
 ok=1 outsize=1573

Cmd: compileSnippet
  insize=5864 file=Packages/com.unity.render-pipelines.universal/Shaders/PostProcessing/CameraMotionBlur.shader name=Hidden/Universal Render Pipeline/CameraMotionBlur pass=Camera Motion Blur - High Quality ppOnly=0 stripLineD=0 buildPlatform=20 rsLen=0 pKW=UNITY_ENABLE_REFLECTION_BUFFERS UNITY_USE_DITHER_MASK_FOR_ALPHABLENDED_SHADOWS UNITY_PBS_USE_BRDF1 UNITY_SPECCUBE_BOX_PROJECTION UNITY_SPECCUBE_BLENDING UNITY_ENABLE_DETAIL_NORMALMAP SHADER_API_DESKTOP UNITY_LIGHT_PROBE_PROXY_VOLUME UNITY_LIGHTMAP_FULL_HDR UNITY_PLATFORM_SUPPORTS_DEPTH_FETCH uKW= dKW=_ENABLE_ALPHA_OUTPUT UNITY_NO_DXT5nm UNITY_FRAMEBUFFER_FETCH_AVAILABLE UNITY_METAL_SHADOWS_USE_POINT_FILTERING UNITY_NO_SCREENSPACE_SHADOWS UNITY_PBS_USE_BRDF2 UNITY_PBS_USE_BRDF3 UNITY_HARDWARE_TIER1 UNITY_HARDWARE_TIER2 UNITY_HARDWARE_TIER3 UNITY_COLORSPACE_GAMMA UNITY_LIGHTMAP_DLDR_ENCODING UNITY_LIGHTMAP_RGBM_ENCODING UNITY_VIRTUAL_TEXTURING UNITY_PRETRANSFORM_TO_DISPLAY_ORIENTATION UNITY_ASTC_NORMALMAP_ENCODING SHADER_API_GLES30 SHADER_API_GLES31 SHADER_API_GLES32 UNITY_UNIFIED_SHADER_PRECISION_MODEL flags=0 lang=3 type=Vertex platform=gles3 reqs=33 mask=6 start=176 toolchain=1
RunExternalCompiler: begin name=HLSLcc
RunExternalCompiler: begin name=FXC
RunExternalCompiler: end
RunExternalCompiler: begin name=FXC
RunExternalCompiler: end
RunExternalCompiler: end
compileSnippet complete
 ok=1 outsize=6433

Cmd: compileSnippet
  insize=4862 file=Packages/com.unity.render-pipelines.universal/Shaders/Terrain/WavingGrassBillboard.shader name=Hidden/TerrainEngine/Details/UniversalPipeline/BillboardWavingDoublePass pass=ForwardLit ppOnly=0 stripLineD=0 buildPlatform=20 rsLen=0 pKW=UNITY_ENABLE_REFLECTION_BUFFERS UNITY_USE_DITHER_MASK_FOR_ALPHABLENDED_SHADOWS UNITY_PBS_USE_BRDF1 UNITY_SPECCUBE_BOX_PROJECTION UNITY_SPECCUBE_BLENDING UNITY_ENABLE_DETAIL_NORMALMAP SHADER_API_DESKTOP UNITY_LIGHT_PROBE_PROXY_VOLUME UNITY_LIGHTMAP_FULL_HDR UNITY_PLATFORM_SUPPORTS_DEPTH_FETCH uKW=_MAIN_LIGHT_SHADOWS_CASCADE _ADDITIONAL_LIGHTS dKW=_MAIN_LIGHT_SHADOWS _MAIN_LIGHT_SHADOWS_SCREEN _ADDITIONAL_LIGHTS_VERTEX LIGHTMAP_SHADOW_MIXING SHADOWS_SHADOWMASK _CLUSTER_LIGHT_LOOP DIRLIGHTMAP_COMBINED LIGHTMAP_ON FOG_LINEAR FOG_EXP FOG_EXP2 INSTANCING_ON _ADDITIONAL_LIGHT_SHADOWS _SHADOWS_SOFT _SHADOWS_SOFT_LOW _SHADOWS_SOFT_MEDIUM _SHADOWS_SOFT_HIGH _SCREEN_SPACE_IRRADIANCE LIGHTMAP_BICUBIC_SAMPLING REFLECTION_PROBE_ROTATION DEBUG_DISPLAY UNITY_NO_DXT5nm UNITY_FRAMEBUFFER_FETCH_AVAILABLE UNITY_METAL_SHADOWS_USE_POINT_FILTERING UNITY_NO_SCREENSPACE_SHADOWS UNITY_PBS_USE_BRDF2 UNITY_PBS_USE_BRDF3 UNITY_HARDWARE_TIER1 UNITY_HARDWARE_TIER2 UNITY_HARDWARE_TIER3 UNITY_COLORSPACE_GAMMA UNITY_LIGHTMAP_DLDR_ENCODING UNITY_LIGHTMAP_RGBM_ENCODING UNITY_VIRTUAL_TEXTURING UNITY_PRETRANSFORM_TO_DISPLAY_ORIENTATION UNITY_ASTC_NORMALMAP_ENCODING SHADER_API_GLES30 SHADER_API_GLES31 SHADER_API_GLES32 UNITY_UNIFIED_SHADER_PRECISION_MODEL flags=0 lang=3 type=Vertex platform=gles3 reqs=1 mask=6 start=26 toolchain=1
RunExternalCompiler: begin name=HLSLcc
RunExternalCompiler: begin name=FXC
RunExternalCompiler: end
RunExternalCompiler: begin name=FXC
RunExternalCompiler: end
RunExternalCompiler: end
compileSnippet complete
 ok=1 outsize=19707

Cmd: compileSnippet
  insize=10815 file=Packages/com.unity.render-pipelines.universal/Shaders/PostProcessing/BokehDepthOfField.shader name=Hidden/Universal Render Pipeline/BokehDepthOfField pass=Bokeh Depth Of Field Blur ppOnly=0 stripLineD=0 buildPlatform=20 rsLen=0 pKW=UNITY_ENABLE_REFLECTION_BUFFERS UNITY_USE_DITHER_MASK_FOR_ALPHABLENDED_SHADOWS UNITY_PBS_USE_BRDF1 UNITY_SPECCUBE_BOX_PROJECTION UNITY_SPECCUBE_BLENDING UNITY_ENABLE_DETAIL_NORMALMAP SHADER_API_DESKTOP UNITY_LIGHT_PROBE_PROXY_VOLUME UNITY_LIGHTMAP_FULL_HDR UNITY_PLATFORM_SUPPORTS_DEPTH_FETCH uKW= dKW=_USE_FAST_SRGB_LINEAR_CONVERSION UNITY_NO_DXT5nm UNITY_FRAMEBUFFER_FETCH_AVAILABLE UNITY_METAL_SHADOWS_USE_POINT_FILTERING UNITY_NO_SCREENSPACE_SHADOWS UNITY_PBS_USE_BRDF2 UNITY_PBS_USE_BRDF3 UNITY_HARDWARE_TIER1 UNITY_HARDWARE_TIER2 UNITY_HARDWARE_TIER3 UNITY_COLORSPACE_GAMMA UNITY_LIGHTMAP_DLDR_ENCODING UNITY_LIGHTMAP_RGBM_ENCODING UNITY_VIRTUAL_TEXTURING UNITY_PRETRANSFORM_TO_DISPLAY_ORIENTATION UNITY_ASTC_NORMALMAP_ENCODING SHADER_API_GLES30 SHADER_API_GLES31 SHADER_API_GLES32 UNITY_UNIFIED_SHADER_PRECISION_MODEL flags=0 lang=3 type=Vertex platform=gles3 reqs=1101803 mask=6 start=266 toolchain=1
RunExternalCompiler: begin name=HLSLcc
RunExternalCompiler: begin name=FXC
RunExternalCompiler: end
RunExternalCompiler: begin name=FXC
RunExternalCompiler: end
RunExternalCompiler: end
compileSnippet complete
 ok=1 outsize=4993

Cmd: compileSnippet
  insize=8577 file=Packages/com.unity.render-pipelines.universal/Shaders/PostProcessing/GaussianDepthOfField.shader name=Hidden/Universal Render Pipeline/GaussianDepthOfField pass=Gaussian Depth Of Field Blur Horizontal ppOnly=0 stripLineD=0 buildPlatform=20 rsLen=0 pKW=UNITY_ENABLE_REFLECTION_BUFFERS UNITY_USE_DITHER_MASK_FOR_ALPHABLENDED_SHADOWS UNITY_PBS_USE_BRDF1 UNITY_SPECCUBE_BOX_PROJECTION UNITY_SPECCUBE_BLENDING UNITY_ENABLE_DETAIL_NORMALMAP SHADER_API_DESKTOP UNITY_LIGHT_PROBE_PROXY_VOLUME UNITY_LIGHTMAP_FULL_HDR UNITY_PLATFORM_SUPPORTS_DEPTH_FETCH uKW= dKW=_ENABLE_ALPHA_OUTPUT UNITY_NO_DXT5nm UNITY_FRAMEBUFFER_FETCH_AVAILABLE UNITY_METAL_SHADOWS_USE_POINT_FILTERING UNITY_NO_SCREENSPACE_SHADOWS UNITY_PBS_USE_BRDF2 UNITY_PBS_USE_BRDF3 UNITY_HARDWARE_TIER1 UNITY_HARDWARE_TIER2 UNITY_HARDWARE_TIER3 UNITY_COLORSPACE_GAMMA UNITY_LIGHTMAP_DLDR_ENCODING UNITY_LIGHTMAP_RGBM_ENCODING UNITY_VIRTUAL_TEXTURING UNITY_PRETRANSFORM_TO_DISPLAY_ORIENTATION UNITY_ASTC_NORMALMAP_ENCODING SHADER_API_GLES30 SHADER_API_GLES31 SHADER_API_GLES32 UNITY_UNIFIED_SHADER_PRECISION_MODEL flags=0 lang=3 type=Vertex platform=gles3 reqs=4075 mask=6 start=259 toolchain=1
RunExternalCompiler: begin name=HLSLcc
RunExternalCompiler: begin name=FXC
RunExternalCompiler: end
RunExternalCompiler: begin name=FXC
RunExternalCompiler: end
RunExternalCompiler: end
compileSnippet complete
 ok=1 outsize=4092

Cmd: compileSnippet
  insize=11851 file=Packages/com.unity.render-pipelines.universal/Shaders/PostProcessing/Bloom.shader name=Hidden/Universal Render Pipeline/Bloom pass=Bloom Blur Vertical ppOnly=0 stripLineD=0 buildPlatform=20 rsLen=0 pKW=UNITY_ENABLE_REFLECTION_BUFFERS UNITY_USE_DITHER_MASK_FOR_ALPHABLENDED_SHADOWS UNITY_PBS_USE_BRDF1 UNITY_SPECCUBE_BOX_PROJECTION UNITY_SPECCUBE_BLENDING UNITY_ENABLE_DETAIL_NORMALMAP SHADER_API_DESKTOP UNITY_LIGHT_PROBE_PROXY_VOLUME UNITY_LIGHTMAP_FULL_HDR UNITY_PLATFORM_SUPPORTS_DEPTH_FETCH uKW= dKW=UNITY_NO_DXT5nm UNITY_FRAMEBUFFER_FETCH_AVAILABLE UNITY_METAL_SHADOWS_USE_POINT_FILTERING UNITY_NO_SCREENSPACE_SHADOWS UNITY_PBS_USE_BRDF2 UNITY_PBS_USE_BRDF3 UNITY_HARDWARE_TIER1 UNITY_HARDWARE_TIER2 UNITY_HARDWARE_TIER3 UNITY_COLORSPACE_GAMMA UNITY_LIGHTMAP_DLDR_ENCODING UNITY_LIGHTMAP_RGBM_ENCODING UNITY_VIRTUAL_TEXTURING UNITY_PRETRANSFORM_TO_DISPLAY_ORIENTATION UNITY_ASTC_NORMALMAP_ENCODING SHADER_API_GLES30 SHADER_API_GLES31 SHADER_API_GLES32 UNITY_UNIFIED_SHADER_PRECISION_MODEL flags=0 lang=3 type=Vertex platform=gles3 reqs=33 mask=6 start=280 toolchain=1
RunExternalCompiler: begin name=HLSLcc
RunExternalCompiler: begin name=FXC
RunExternalCompiler: end
RunExternalCompiler: begin name=FXC
RunExternalCompiler: end
RunExternalCompiler: end
compileSnippet complete
 ok=1 outsize=3526

Cmd: compileSnippet
  insize=1189 file=Packages/com.unity.render-pipelines.universal/Shaders/PostProcessing/SubpixelMorphologicalAntialiasing.shader name=Hidden/Universal Render Pipeline/SubpixelMorphologicalAntialiasing pass= ppOnly=0 stripLineD=0 buildPlatform=20 rsLen=0 pKW=UNITY_ENABLE_REFLECTION_BUFFERS UNITY_USE_DITHER_MASK_FOR_ALPHABLENDED_SHADOWS UNITY_PBS_USE_BRDF1 UNITY_SPECCUBE_BOX_PROJECTION UNITY_SPECCUBE_BLENDING UNITY_ENABLE_DETAIL_NORMALMAP SHADER_API_DESKTOP UNITY_LIGHT_PROBE_PROXY_VOLUME UNITY_LIGHTMAP_FULL_HDR UNITY_PLATFORM_SUPPORTS_DEPTH_FETCH uKW=_SMAA_PRESET_MEDIUM dKW=_SMAA_PRESET_LOW _SMAA_PRESET_HIGH UNITY_NO_DXT5nm UNITY_FRAMEBUFFER_FETCH_AVAILABLE UNITY_METAL_SHADOWS_USE_POINT_FILTERING UNITY_NO_SCREENSPACE_SHADOWS UNITY_PBS_USE_BRDF2 UNITY_PBS_USE_BRDF3 UNITY_HARDWARE_TIER1 UNITY_HARDWARE_TIER2 UNITY_HARDWARE_TIER3 UNITY_COLORSPACE_GAMMA UNITY_LIGHTMAP_DLDR_ENCODING UNITY_LIGHTMAP_RGBM_ENCODING UNITY_VIRTUAL_TEXTURING UNITY_PRETRANSFORM_TO_DISPLAY_ORIENTATION UNITY_ASTC_NORMALMAP_ENCODING SHADER_API_GLES30 SHADER_API_GLES31 SHADER_API_GLES32 UNITY_UNIFIED_SHADER_PRECISION_MODEL flags=0 lang=3 type=Vertex platform=gles3 reqs=33 mask=6 start=49 toolchain=1
RunExternalCompiler: begin name=HLSLcc
RunExternalCompiler: begin name=FXC
RunExternalCompiler: end
RunExternalCompiler: begin name=FXC
RunExternalCompiler: end
RunExternalCompiler: end
compileSnippet complete
 ok=1 outsize=8286

Cmd: compileSnippet
  insize=1722 file=Packages/com.unity.render-pipelines.universal/Shaders/PostProcessing/LensFlareDataDriven.shader name=Hidden/Universal Render Pipeline/LensFlareDataDriven pass=LensFlareAdditive ppOnly=0 stripLineD=0 buildPlatform=20 rsLen=0 pKW=UNITY_ENABLE_REFLECTION_BUFFERS UNITY_USE_DITHER_MASK_FOR_ALPHABLENDED_SHADOWS UNITY_PBS_USE_BRDF1 UNITY_SPECCUBE_BOX_PROJECTION UNITY_SPECCUBE_BLENDING UNITY_ENABLE_DETAIL_NORMALMAP SHADER_API_DESKTOP UNITY_LIGHT_PROBE_PROXY_VOLUME UNITY_LIGHTMAP_FULL_HDR UNITY_PLATFORM_SUPPORTS_DEPTH_FETCH uKW=FLARE_OPENGL3_OR_OPENGLCORE FLARE_INVERSE_SDF dKW=FLARE_HAS_OCCLUSION UNITY_NO_DXT5nm UNITY_FRAMEBUFFER_FETCH_AVAILABLE UNITY_METAL_SHADOWS_USE_POINT_FILTERING UNITY_NO_SCREENSPACE_SHADOWS UNITY_PBS_USE_BRDF2 UNITY_PBS_USE_BRDF3 UNITY_HARDWARE_TIER1 UNITY_HARDWARE_TIER2 UNITY_HARDWARE_TIER3 UNITY_COLORSPACE_GAMMA UNITY_LIGHTMAP_DLDR_ENCODING UNITY_LIGHTMAP_RGBM_ENCODING UNITY_VIRTUAL_TEXTURING UNITY_PRETRANSFORM_TO_DISPLAY_ORIENTATION UNITY_ASTC_NORMALMAP_ENCODING SHADER_API_GLES30 SHADER_API_GLES31 SHADER_API_GLES32 UNITY_UNIFIED_SHADER_PRECISION_MODEL flags=0 lang=3 type=Vertex platform=gles3 reqs=227 mask=6 start=19 toolchain=1
RunExternalCompiler: begin name=HLSLcc
RunExternalCompiler: begin name=FXC
RunExternalCompiler: end
RunExternalCompiler: begin name=FXC
RunExternalCompiler: end
RunExternalCompiler: end
compileSnippet complete
 ok=1 outsize=17895

Cmd: compileSnippet
  insize=1727 file=Packages/com.unity.render-pipelines.universal/Shaders/PostProcessing/LensFlareDataDriven.shader name=Hidden/Universal Render Pipeline/LensFlareDataDriven pass=LensFlarePremultiply ppOnly=0 stripLineD=0 buildPlatform=20 rsLen=0 pKW=UNITY_ENABLE_REFLECTION_BUFFERS UNITY_USE_DITHER_MASK_FOR_ALPHABLENDED_SHADOWS UNITY_PBS_USE_BRDF1 UNITY_SPECCUBE_BOX_PROJECTION UNITY_SPECCUBE_BLENDING UNITY_ENABLE_DETAIL_NORMALMAP SHADER_API_DESKTOP UNITY_LIGHT_PROBE_PROXY_VOLUME UNITY_LIGHTMAP_FULL_HDR UNITY_PLATFORM_SUPPORTS_DEPTH_FETCH uKW=FLARE_INVERSE_SDF dKW=FLARE_OPENGL3_OR_OPENGLCORE FLARE_HAS_OCCLUSION UNITY_NO_DXT5nm UNITY_FRAMEBUFFER_FETCH_AVAILABLE UNITY_METAL_SHADOWS_USE_POINT_FILTERING UNITY_NO_SCREENSPACE_SHADOWS UNITY_PBS_USE_BRDF2 UNITY_PBS_USE_BRDF3 UNITY_HARDWARE_TIER1 UNITY_HARDWARE_TIER2 UNITY_HARDWARE_TIER3 UNITY_COLORSPACE_GAMMA UNITY_LIGHTMAP_DLDR_ENCODING UNITY_LIGHTMAP_RGBM_ENCODING UNITY_VIRTUAL_TEXTURING UNITY_PRETRANSFORM_TO_DISPLAY_ORIENTATION UNITY_ASTC_NORMALMAP_ENCODING SHADER_API_GLES30 SHADER_API_GLES31 SHADER_API_GLES32 UNITY_UNIFIED_SHADER_PRECISION_MODEL flags=0 lang=3 type=Vertex platform=gles3 reqs=227 mask=6 start=93 toolchain=1
RunExternalCompiler: begin name=HLSLcc
RunExternalCompiler: begin name=FXC
RunExternalCompiler: end
RunExternalCompiler: begin name=FXC
RunExternalCompiler: end
RunExternalCompiler: end
compileSnippet complete
 ok=1 outsize=17895

Cmd: compileSnippet
  insize=1720 file=Packages/com.unity.render-pipelines.universal/Shaders/PostProcessing/LensFlareDataDriven.shader name=Hidden/Universal Render Pipeline/LensFlareDataDriven pass=LensFlareScreen ppOnly=0 stripLineD=0 buildPlatform=20 rsLen=0 pKW=UNITY_ENABLE_REFLECTION_BUFFERS UNITY_USE_DITHER_MASK_FOR_ALPHABLENDED_SHADOWS UNITY_PBS_USE_BRDF1 UNITY_SPECCUBE_BOX_PROJECTION UNITY_SPECCUBE_BLENDING UNITY_ENABLE_DETAIL_NORMALMAP SHADER_API_DESKTOP UNITY_LIGHT_PROBE_PROXY_VOLUME UNITY_LIGHTMAP_FULL_HDR UNITY_PLATFORM_SUPPORTS_DEPTH_FETCH uKW=FLARE_INVERSE_SDF dKW=FLARE_OPENGL3_OR_OPENGLCORE FLARE_HAS_OCCLUSION UNITY_NO_DXT5nm UNITY_FRAMEBUFFER_FETCH_AVAILABLE UNITY_METAL_SHADOWS_USE_POINT_FILTERING UNITY_NO_SCREENSPACE_SHADOWS UNITY_PBS_USE_BRDF2 UNITY_PBS_USE_BRDF3 UNITY_HARDWARE_TIER1 UNITY_HARDWARE_TIER2 UNITY_HARDWARE_TIER3 UNITY_COLORSPACE_GAMMA UNITY_LIGHTMAP_DLDR_ENCODING UNITY_LIGHTMAP_RGBM_ENCODING UNITY_VIRTUAL_TEXTURING UNITY_PRETRANSFORM_TO_DISPLAY_ORIENTATION UNITY_ASTC_NORMALMAP_ENCODING SHADER_API_GLES30 SHADER_API_GLES31 SHADER_API_GLES32 UNITY_UNIFIED_SHADER_PRECISION_MODEL flags=0 lang=3 type=Vertex platform=gles3 reqs=227 mask=6 start=56 toolchain=1
RunExternalCompiler: begin name=HLSLcc
RunExternalCompiler: begin name=FXC
RunExternalCompiler: end
RunExternalCompiler: begin name=FXC
RunExternalCompiler: end
RunExternalCompiler: end
compileSnippet complete
 ok=1 outsize=17895

Cmd: compileSnippet
  insize=1720 file=Packages/com.unity.render-pipelines.universal/Shaders/PostProcessing/LensFlareDataDriven.shader name=Hidden/Universal Render Pipeline/LensFlareDataDriven pass=LensFlareLerp ppOnly=0 stripLineD=0 buildPlatform=20 rsLen=0 pKW=UNITY_ENABLE_REFLECTION_BUFFERS UNITY_USE_DITHER_MASK_FOR_ALPHABLENDED_SHADOWS UNITY_PBS_USE_BRDF1 UNITY_SPECCUBE_BOX_PROJECTION UNITY_SPECCUBE_BLENDING UNITY_ENABLE_DETAIL_NORMALMAP SHADER_API_DESKTOP UNITY_LIGHT_PROBE_PROXY_VOLUME UNITY_LIGHTMAP_FULL_HDR UNITY_PLATFORM_SUPPORTS_DEPTH_FETCH uKW= dKW=FLARE_OPENGL3_OR_OPENGLCORE FLARE_HAS_OCCLUSION FLARE_INVERSE_SDF UNITY_NO_DXT5nm UNITY_FRAMEBUFFER_FETCH_AVAILABLE UNITY_METAL_SHADOWS_USE_POINT_FILTERING UNITY_NO_SCREENSPACE_SHADOWS UNITY_PBS_USE_BRDF2 UNITY_PBS_USE_BRDF3 UNITY_HARDWARE_TIER1 UNITY_HARDWARE_TIER2 UNITY_HARDWARE_TIER3 UNITY_COLORSPACE_GAMMA UNITY_LIGHTMAP_DLDR_ENCODING UNITY_LIGHTMAP_RGBM_ENCODING UNITY_VIRTUAL_TEXTURING UNITY_PRETRANSFORM_TO_DISPLAY_ORIENTATION UNITY_ASTC_NORMALMAP_ENCODING SHADER_API_GLES30 SHADER_API_GLES31 SHADER_API_GLES32 UNITY_UNIFIED_SHADER_PRECISION_MODEL flags=0 lang=3 type=Vertex platform=gles3 reqs=227 mask=6 start=130 toolchain=1
RunExternalCompiler: begin name=HLSLcc
RunExternalCompiler: begin name=FXC
RunExternalCompiler: end
RunExternalCompiler: begin name=FXC
RunExternalCompiler: end
RunExternalCompiler: end
compileSnippet complete
 ok=1 outsize=16941

Cmd: compileSnippet
  insize=1720 file=Packages/com.unity.render-pipelines.universal/Shaders/PostProcessing/LensFlareDataDriven.shader name=Hidden/Universal Render Pipeline/LensFlareDataDriven pass=LensFlareLerp ppOnly=0 stripLineD=0 buildPlatform=20 rsLen=0 pKW=UNITY_ENABLE_REFLECTION_BUFFERS UNITY_USE_DITHER_MASK_FOR_ALPHABLENDED_SHADOWS UNITY_PBS_USE_BRDF1 UNITY_SPECCUBE_BOX_PROJECTION UNITY_SPECCUBE_BLENDING UNITY_ENABLE_DETAIL_NORMALMAP SHADER_API_DESKTOP UNITY_LIGHT_PROBE_PROXY_VOLUME UNITY_LIGHTMAP_FULL_HDR UNITY_PLATFORM_SUPPORTS_DEPTH_FETCH uKW=FLARE_OPENGL3_OR_OPENGLCORE FLARE_HAS_OCCLUSION FLARE_INVERSE_SDF dKW=UNITY_NO_DXT5nm UNITY_FRAMEBUFFER_FETCH_AVAILABLE UNITY_METAL_SHADOWS_USE_POINT_FILTERING UNITY_NO_SCREENSPACE_SHADOWS UNITY_PBS_USE_BRDF2 UNITY_PBS_USE_BRDF3 UNITY_HARDWARE_TIER1 UNITY_HARDWARE_TIER2 UNITY_HARDWARE_TIER3 UNITY_COLORSPACE_GAMMA UNITY_LIGHTMAP_DLDR_ENCODING UNITY_LIGHTMAP_RGBM_ENCODING UNITY_VIRTUAL_TEXTURING UNITY_PRETRANSFORM_TO_DISPLAY_ORIENTATION UNITY_ASTC_NORMALMAP_ENCODING SHADER_API_GLES30 SHADER_API_GLES31 SHADER_API_GLES32 UNITY_UNIFIED_SHADER_PRECISION_MODEL flags=0 lang=3 type=Vertex platform=gles3 reqs=227 mask=6 start=130 toolchain=1
RunExternalCompiler: begin name=HLSLcc
RunExternalCompiler: begin name=FXC
RunExternalCompiler: end
RunExternalCompiler: begin name=FXC
RunExternalCompiler: end
RunExternalCompiler: end
compileSnippet complete
 ok=1 outsize=24604

Cmd: compileSnippet
  insize=1256 file=Packages/com.unity.render-pipelines.universal/Shaders/PostProcessing/LensFlareScreenSpace.shader name=Hidden/Universal Render Pipeline/LensFlareScreenSpace pass=LensFlareScreenSpace Upsample ppOnly=0 stripLineD=0 buildPlatform=20 rsLen=0 pKW=UNITY_ENABLE_REFLECTION_BUFFERS UNITY_USE_DITHER_MASK_FOR_ALPHABLENDED_SHADOWS UNITY_PBS_USE_BRDF1 UNITY_SPECCUBE_BOX_PROJECTION UNITY_SPECCUBE_BLENDING UNITY_ENABLE_DETAIL_NORMALMAP SHADER_API_DESKTOP UNITY_LIGHT_PROBE_PROXY_VOLUME UNITY_LIGHTMAP_FULL_HDR UNITY_PLATFORM_SUPPORTS_DEPTH_FETCH uKW= dKW=UNITY_NO_DXT5nm UNITY_FRAMEBUFFER_FETCH_AVAILABLE UNITY_METAL_SHADOWS_USE_POINT_FILTERING UNITY_NO_SCREENSPACE_SHADOWS UNITY_PBS_USE_BRDF2 UNITY_PBS_USE_BRDF3 UNITY_HARDWARE_TIER1 UNITY_HARDWARE_TIER2 UNITY_HARDWARE_TIER3 UNITY_COLORSPACE_GAMMA UNITY_LIGHTMAP_DLDR_ENCODING UNITY_LIGHTMAP_RGBM_ENCODING UNITY_VIRTUAL_TEXTURING UNITY_PRETRANSFORM_TO_DISPLAY_ORIENTATION UNITY_ASTC_NORMALMAP_ENCODING SHADER_API_GLES30 SHADER_API_GLES31 SHADER_API_GLES32 UNITY_UNIFIED_SHADER_PRECISION_MODEL flags=0 lang=3 type=Vertex platform=gles3 reqs=227 mask=6 start=77 toolchain=1
RunExternalCompiler: begin name=HLSLcc
RunExternalCompiler: begin name=FXC
RunExternalCompiler: end
RunExternalCompiler: begin name=FXC
RunExternalCompiler: end
RunExternalCompiler: end
compileSnippet complete
 ok=1 outsize=4138

Cmd: compileSnippet
  insize=1817 file=Packages/com.unity.render-pipelines.universal/Shaders/Utils/ComputeScreenSpaceReflection.shader name=Hidden/Universal Render Pipeline/ComputeScreenSpaceReflection pass=SSR_Main ppOnly=0 stripLineD=0 buildPlatform=20 rsLen=0 pKW=UNITY_ENABLE_REFLECTION_BUFFERS UNITY_USE_DITHER_MASK_FOR_ALPHABLENDED_SHADOWS UNITY_PBS_USE_BRDF1 UNITY_SPECCUBE_BOX_PROJECTION UNITY_SPECCUBE_BLENDING UNITY_ENABLE_DETAIL_NORMALMAP SHADER_API_DESKTOP UNITY_LIGHT_PROBE_PROXY_VOLUME UNITY_LIGHTMAP_FULL_HDR UNITY_PLATFORM_SUPPORTS_DEPTH_FETCH uKW=_HIZ_TRACE _USE_MOTION_VECTORS dKW=_GBUFFER_NORMALS_OCT _REFINE_DEPTH UNITY_NO_DXT5nm UNITY_FRAMEBUFFER_FETCH_AVAILABLE UNITY_METAL_SHADOWS_USE_POINT_FILTERING UNITY_NO_SCREENSPACE_SHADOWS UNITY_PBS_USE_BRDF2 UNITY_PBS_USE_BRDF3 UNITY_HARDWARE_TIER1 UNITY_HARDWARE_TIER2 UNITY_HARDWARE_TIER3 UNITY_COLORSPACE_GAMMA UNITY_LIGHTMAP_DLDR_ENCODING UNITY_LIGHTMAP_RGBM_ENCODING UNITY_VIRTUAL_TEXTURING UNITY_PRETRANSFORM_TO_DISPLAY_ORIENTATION UNITY_ASTC_NORMALMAP_ENCODING SHADER_API_GLES30 SHADER_API_GLES31 SHADER_API_GLES32 UNITY_UNIFIED_SHADER_PRECISION_MODEL flags=0 lang=3 type=Vertex platform=gles3 reqs=33 mask=6 start=29 toolchain=1
RunExternalCompiler: begin name=HLSLcc
RunExternalCompiler: begin name=FXC
RunExternalCompiler: end
RunExternalCompiler: begin name=FXC
RunExternalCompiler: end
RunExternalCompiler: end
compileSnippet complete
 ok=1 outsize=19044

Cmd: compileSnippet
  insize=1844 file=Packages/com.unity.render-pipelines.universal/Shaders/Utils/CoreBlit.shader name=Hidden/Universal/CoreBlit pass=NearestQuad ppOnly=0 stripLineD=0 buildPlatform=20 rsLen=0 pKW=UNITY_ENABLE_REFLECTION_BUFFERS UNITY_USE_DITHER_MASK_FOR_ALPHABLENDED_SHADOWS UNITY_PBS_USE_BRDF1 UNITY_SPECCUBE_BOX_PROJECTION UNITY_SPECCUBE_BLENDING UNITY_ENABLE_DETAIL_NORMALMAP SHADER_API_DESKTOP UNITY_LIGHT_PROBE_PROXY_VOLUME UNITY_LIGHTMAP_FULL_HDR UNITY_PLATFORM_SUPPORTS_DEPTH_FETCH uKW= dKW=UNITY_NO_DXT5nm UNITY_FRAMEBUFFER_FETCH_AVAILABLE UNITY_METAL_SHADOWS_USE_POINT_FILTERING UNITY_NO_SCREENSPACE_SHADOWS UNITY_PBS_USE_BRDF2 UNITY_PBS_USE_BRDF3 UNITY_HARDWARE_TIER1 UNITY_HARDWARE_TIER2 UNITY_HARDWARE_TIER3 UNITY_COLORSPACE_GAMMA UNITY_LIGHTMAP_DLDR_ENCODING UNITY_LIGHTMAP_RGBM_ENCODING UNITY_VIRTUAL_TEXTURING UNITY_PRETRANSFORM_TO_DISPLAY_ORIENTATION UNITY_ASTC_NORMALMAP_ENCODING SHADER_API_GLES30 SHADER_API_GLES31 SHADER_API_GLES32 UNITY_UNIFIED_SHADER_PRECISION_MODEL flags=0 lang=3 type=Vertex platform=gles3 reqs=1 mask=6 start=73 toolchain=1
RunExternalCompiler: begin name=HLSLcc
RunExternalCompiler: begin name=FXC
RunExternalCompiler: end
RunExternalCompiler: begin name=FXC
RunExternalCompiler: end
RunExternalCompiler: end
compileSnippet complete
 ok=1 outsize=2341

Cmd: compileSnippet
  insize=1870 file=Packages/com.unity.render-pipelines.universal/Shaders/Utils/CoreBlit.shader name=Hidden/Universal/CoreBlit pass=BilinearQuadPaddingOctahedral ppOnly=0 stripLineD=0 buildPlatform=20 rsLen=0 pKW=UNITY_ENABLE_REFLECTION_BUFFERS UNITY_USE_DITHER_MASK_FOR_ALPHABLENDED_SHADOWS UNITY_PBS_USE_BRDF1 UNITY_SPECCUBE_BOX_PROJECTION UNITY_SPECCUBE_BLENDING UNITY_ENABLE_DETAIL_NORMALMAP SHADER_API_DESKTOP UNITY_LIGHT_PROBE_PROXY_VOLUME UNITY_LIGHTMAP_FULL_HDR UNITY_PLATFORM_SUPPORTS_DEPTH_FETCH uKW= dKW=UNITY_NO_DXT5nm UNITY_FRAMEBUFFER_FETCH_AVAILABLE UNITY_METAL_SHADOWS_USE_POINT_FILTERING UNITY_NO_SCREENSPACE_SHADOWS UNITY_PBS_USE_BRDF2 UNITY_PBS_USE_BRDF3 UNITY_HARDWARE_TIER1 UNITY_HARDWARE_TIER2 UNITY_HARDWARE_TIER3 UNITY_COLORSPACE_GAMMA UNITY_LIGHTMAP_DLDR_ENCODING UNITY_LIGHTMAP_RGBM_ENCODING UNITY_VIRTUAL_TEXTURING UNITY_PRETRANSFORM_TO_DISPLAY_ORIENTATION UNITY_ASTC_NORMALMAP_ENCODING SHADER_API_GLES30 SHADER_API_GLES31 SHADER_API_GLES32 UNITY_UNIFIED_SHADER_PRECISION_MODEL flags=0 lang=3 type=Vertex platform=gles3 reqs=1 mask=6 start=145 toolchain=1
RunExternalCompiler: begin name=HLSLcc
RunExternalCompiler: begin name=FXC
RunExternalCompiler: end
RunExternalCompiler: begin name=FXC
RunExternalCompiler: end
RunExternalCompiler: end
compileSnippet complete
 ok=1 outsize=3893

Cmd: compileSnippet
  insize=1856 file=Packages/com.unity.render-pipelines.universal/Shaders/Utils/CoreBlit.shader name=Hidden/Universal/CoreBlit pass=BilinearQuadLuminance ppOnly=0 stripLineD=0 buildPlatform=20 rsLen=0 pKW=UNITY_ENABLE_REFLECTION_BUFFERS UNITY_USE_DITHER_MASK_FOR_ALPHABLENDED_SHADOWS UNITY_PBS_USE_BRDF1 UNITY_SPECCUBE_BOX_PROJECTION UNITY_SPECCUBE_BLENDING UNITY_ENABLE_DETAIL_NORMALMAP SHADER_API_DESKTOP UNITY_LIGHT_PROBE_PROXY_VOLUME UNITY_LIGHTMAP_FULL_HDR UNITY_PLATFORM_SUPPORTS_DEPTH_FETCH uKW= dKW=UNITY_NO_DXT5nm UNITY_FRAMEBUFFER_FETCH_AVAILABLE UNITY_METAL_SHADOWS_USE_POINT_FILTERING UNITY_NO_SCREENSPACE_SHADOWS UNITY_PBS_USE_BRDF2 UNITY_PBS_USE_BRDF3 UNITY_HARDWARE_TIER1 UNITY_HARDWARE_TIER2 UNITY_HARDWARE_TIER3 UNITY_COLORSPACE_GAMMA UNITY_LIGHTMAP_DLDR_ENCODING UNITY_LIGHTMAP_RGBM_ENCODING UNITY_VIRTUAL_TEXTURING UNITY_PRETRANSFORM_TO_DISPLAY_ORIENTATION UNITY_ASTC_NORMALMAP_ENCODING SHADER_API_GLES30 SHADER_API_GLES31 SHADER_API_GLES32 UNITY_UNIFIED_SHADER_PRECISION_MODEL flags=0 lang=3 type=Vertex platform=gles3 reqs=1 mask=6 start=271 toolchain=1
RunExternalCompiler: begin name=HLSLcc
RunExternalCompiler: begin name=FXC
RunExternalCompiler: end
RunExternalCompiler: begin name=FXC
RunExternalCompiler: end
RunExternalCompiler: end
compileSnippet complete
 ok=1 outsize=2447

Cmd: compileSnippet
  insize=2302 file=Packages/com.unity.render-pipelines.universal/Shaders/Utils/CoreBlit.shader name=Hidden/Universal/CoreBlit pass=NearestDebugDraw ppOnly=0 stripLineD=0 buildPlatform=20 rsLen=0 pKW=UNITY_ENABLE_REFLECTION_BUFFERS UNITY_USE_DITHER_MASK_FOR_ALPHABLENDED_SHADOWS UNITY_PBS_USE_BRDF1 UNITY_SPECCUBE_BOX_PROJECTION UNITY_SPECCUBE_BLENDING UNITY_ENABLE_DETAIL_NORMALMAP SHADER_API_DESKTOP UNITY_LIGHT_PROBE_PROXY_VOLUME UNITY_LIGHTMAP_FULL_HDR UNITY_PLATFORM_SUPPORTS_DEPTH_FETCH uKW= dKW=_LINEAR_TO_SRGB_CONVERSION DEBUG_DISPLAY UNITY_NO_DXT5nm UNITY_FRAMEBUFFER_FETCH_AVAILABLE UNITY_METAL_SHADOWS_USE_POINT_FILTERING UNITY_NO_SCREENSPACE_SHADOWS UNITY_PBS_USE_BRDF2 UNITY_PBS_USE_BRDF3 UNITY_HARDWARE_TIER1 UNITY_HARDWARE_TIER2 UNITY_HARDWARE_TIER3 UNITY_COLORSPACE_GAMMA UNITY_LIGHTMAP_DLDR_ENCODING UNITY_LIGHTMAP_RGBM_ENCODING UNITY_VIRTUAL_TEXTURING UNITY_PRETRANSFORM_TO_DISPLAY_ORIENTATION UNITY_ASTC_NORMALMAP_ENCODING SHADER_API_GLES30 SHADER_API_GLES31 SHADER_API_GLES32 UNITY_UNIFIED_SHADER_PRECISION_MODEL flags=0 lang=3 type=Vertex platform=gles3 reqs=1 mask=6 start=352 toolchain=1
RunExternalCompiler: begin name=HLSLcc
RunExternalCompiler: begin name=FXC
RunExternalCompiler: end
RunExternalCompiler: begin name=FXC
RunExternalCompiler: end
RunExternalCompiler: end
compileSnippet complete
 ok=1 outsize=2150

Cmd: compileSnippet
  insize=1014 file=Packages/com.unity.render-pipelines.universal/Shaders/PostProcessing/TemporalAA.shader name=Hidden/Universal Render Pipeline/TemporalAA pass=TemporalAA - Accumulate - Quality Medium ppOnly=0 stripLineD=0 buildPlatform=20 rsLen=0 pKW=UNITY_ENABLE_REFLECTION_BUFFERS UNITY_USE_DITHER_MASK_FOR_ALPHABLENDED_SHADOWS UNITY_PBS_USE_BRDF1 UNITY_SPECCUBE_BOX_PROJECTION UNITY_SPECCUBE_BLENDING UNITY_ENABLE_DETAIL_NORMALMAP SHADER_API_DESKTOP UNITY_LIGHT_PROBE_PROXY_VOLUME UNITY_LIGHTMAP_FULL_HDR UNITY_PLATFORM_SUPPORTS_DEPTH_FETCH uKW= dKW=_ENABLE_ALPHA_OUTPUT UNITY_NO_DXT5nm UNITY_FRAMEBUFFER_FETCH_AVAILABLE UNITY_METAL_SHADOWS_USE_POINT_FILTERING UNITY_NO_SCREENSPACE_SHADOWS UNITY_PBS_USE_BRDF2 UNITY_PBS_USE_BRDF3 UNITY_HARDWARE_TIER1 UNITY_HARDWARE_TIER2 UNITY_HARDWARE_TIER3 UNITY_COLORSPACE_GAMMA UNITY_LIGHTMAP_DLDR_ENCODING UNITY_LIGHTMAP_RGBM_ENCODING UNITY_VIRTUAL_TEXTURING UNITY_PRETRANSFORM_TO_DISPLAY_ORIENTATION UNITY_ASTC_NORMALMAP_ENCODING SHADER_API_GLES30 SHADER_API_GLES31 SHADER_API_GLES32 UNITY_UNIFIED_SHADER_PRECISION_MODEL flags=0 lang=3 type=Vertex platform=gles3 reqs=33 mask=6 start=56 toolchain=1
RunExternalCompiler: begin name=HLSLcc
RunExternalCompiler: begin name=FXC
RunExternalCompiler: end
RunExternalCompiler: begin name=FXC
RunExternalCompiler: end
RunExternalCompiler: end
compileSnippet complete
 ok=1 outsize=12387

Cmd: compileSnippet
  insize=8500 file=Packages/com.unity.render-pipelines.universal/Shaders/PostProcessing/FinalPost.shader name=Hidden/Universal Render Pipeline/FinalPost pass=FinalPost ppOnly=0 stripLineD=0 buildPlatform=20 rsLen=0 pKW=UNITY_ENABLE_REFLECTION_BUFFERS UNITY_USE_DITHER_MASK_FOR_ALPHABLENDED_SHADOWS UNITY_PBS_USE_BRDF1 UNITY_SPECCUBE_BOX_PROJECTION UNITY_SPECCUBE_BLENDING UNITY_ENABLE_DETAIL_NORMALMAP SHADER_API_DESKTOP UNITY_LIGHT_PROBE_PROXY_VOLUME UNITY_LIGHTMAP_FULL_HDR UNITY_PLATFORM_SUPPORTS_DEPTH_FETCH uKW=_FXAA dKW=DEBUG_DISPLAY SCREEN_COORD_OVERRIDE _POINT_SAMPLING _RCAS _EASU_RCAS_AND_HDR_INPUT _FILM_GRAIN _DITHERING _LINEAR_TO_SRGB_CONVERSION _ENABLE_ALPHA_OUTPUT HDR_INPUT HDR_COLORSPACE_CONVERSION HDR_ENCODING HDR_COLORSPACE_CONVERSION_AND_ENCODING UNITY_NO_DXT5nm UNITY_FRAMEBUFFER_FETCH_AVAILABLE UNITY_METAL_SHADOWS_USE_POINT_FILTERING UNITY_NO_SCREENSPACE_SHADOWS UNITY_PBS_USE_BRDF2 UNITY_PBS_USE_BRDF3 UNITY_HARDWARE_TIER1 UNITY_HARDWARE_TIER2 UNITY_HARDWARE_TIER3 UNITY_COLORSPACE_GAMMA UNITY_LIGHTMAP_DLDR_ENCODING UNITY_LIGHTMAP_RGBM_ENCODING UNITY_VIRTUAL_TEXTURING UNITY_PRETRANSFORM_TO_DISPLAY_ORIENTATION UNITY_ASTC_NORMALMAP_ENCODING SHADER_API_GLES30 SHADER_API_GLES31 SHADER_API_GLES32 UNITY_UNIFIED_SHADER_PRECISION_MODEL flags=0 lang=3 type=Vertex platform=gles3 reqs=1101803 mask=6 start=171 toolchain=1
RunExternalCompiler: begin name=HLSLcc
RunExternalCompiler: begin name=FXC
RunExternalCompiler: end
RunExternalCompiler: begin name=FXC
RunExternalCompiler: end
RunExternalCompiler: end
compileSnippet complete
 ok=1 outsize=13776

Cmd: compileSnippet
  insize=8500 file=Packages/com.unity.render-pipelines.universal/Shaders/PostProcessing/FinalPost.shader name=Hidden/Universal Render Pipeline/FinalPost pass=FinalPost ppOnly=0 stripLineD=0 buildPlatform=20 rsLen=0 pKW=UNITY_ENABLE_REFLECTION_BUFFERS UNITY_USE_DITHER_MASK_FOR_ALPHABLENDED_SHADOWS UNITY_PBS_USE_BRDF1 UNITY_SPECCUBE_BOX_PROJECTION UNITY_SPECCUBE_BLENDING UNITY_ENABLE_DETAIL_NORMALMAP SHADER_API_DESKTOP UNITY_LIGHT_PROBE_PROXY_VOLUME UNITY_LIGHTMAP_FULL_HDR UNITY_PLATFORM_SUPPORTS_DEPTH_FETCH uKW=_FXAA _LINEAR_TO_SRGB_CONVERSION dKW=DEBUG_DISPLAY SCREEN_COORD_OVERRIDE _POINT_SAMPLING _RCAS _EASU_RCAS_AND_HDR_INPUT _FILM_GRAIN _DITHERING _ENABLE_ALPHA_OUTPUT HDR_INPUT HDR_COLORSPACE_CONVERSION HDR_ENCODING HDR_COLORSPACE_CONVERSION_AND_ENCODING UNITY_NO_DXT5nm UNITY_FRAMEBUFFER_FETCH_AVAILABLE UNITY_METAL_SHADOWS_USE_POINT_FILTERING UNITY_NO_SCREENSPACE_SHADOWS UNITY_PBS_USE_BRDF2 UNITY_PBS_USE_BRDF3 UNITY_HARDWARE_TIER1 UNITY_HARDWARE_TIER2 UNITY_HARDWARE_TIER3 UNITY_COLORSPACE_GAMMA UNITY_LIGHTMAP_DLDR_ENCODING UNITY_LIGHTMAP_RGBM_ENCODING UNITY_VIRTUAL_TEXTURING UNITY_PRETRANSFORM_TO_DISPLAY_ORIENTATION UNITY_ASTC_NORMALMAP_ENCODING SHADER_API_GLES30 SHADER_API_GLES31 SHADER_API_GLES32 UNITY_UNIFIED_SHADER_PRECISION_MODEL flags=0 lang=3 type=Vertex platform=gles3 reqs=1101803 mask=6 start=171 toolchain=1
RunExternalCompiler: begin name=HLSLcc
RunExternalCompiler: begin name=FXC
RunExternalCompiler: end
RunExternalCompiler: begin name=FXC
RunExternalCompiler: end
RunExternalCompiler: end
compileSnippet complete
 ok=1 outsize=14688

Cmd: compileSnippet
  insize=8500 file=Packages/com.unity.render-pipelines.universal/Shaders/PostProcessing/FinalPost.shader name=Hidden/Universal Render Pipeline/FinalPost pass=FinalPost ppOnly=0 stripLineD=0 buildPlatform=20 rsLen=0 pKW=UNITY_ENABLE_REFLECTION_BUFFERS UNITY_USE_DITHER_MASK_FOR_ALPHABLENDED_SHADOWS UNITY_PBS_USE_BRDF1 UNITY_SPECCUBE_BOX_PROJECTION UNITY_SPECCUBE_BLENDING UNITY_ENABLE_DETAIL_NORMALMAP SHADER_API_DESKTOP UNITY_LIGHT_PROBE_PROXY_VOLUME UNITY_LIGHTMAP_FULL_HDR UNITY_PLATFORM_SUPPORTS_DEPTH_FETCH uKW=_FXAA _DITHERING dKW=DEBUG_DISPLAY SCREEN_COORD_OVERRIDE _POINT_SAMPLING _RCAS _EASU_RCAS_AND_HDR_INPUT _FILM_GRAIN _LINEAR_TO_SRGB_CONVERSION _ENABLE_ALPHA_OUTPUT HDR_INPUT HDR_COLORSPACE_CONVERSION HDR_ENCODING HDR_COLORSPACE_CONVERSION_AND_ENCODING UNITY_NO_DXT5nm UNITY_FRAMEBUFFER_FETCH_AVAILABLE UNITY_METAL_SHADOWS_USE_POINT_FILTERING UNITY_NO_SCREENSPACE_SHADOWS UNITY_PBS_USE_BRDF2 UNITY_PBS_USE_BRDF3 UNITY_HARDWARE_TIER1 UNITY_HARDWARE_TIER2 UNITY_HARDWARE_TIER3 UNITY_COLORSPACE_GAMMA UNITY_LIGHTMAP_DLDR_ENCODING UNITY_LIGHTMAP_RGBM_ENCODING UNITY_VIRTUAL_TEXTURING UNITY_PRETRANSFORM_TO_DISPLAY_ORIENTATION UNITY_ASTC_NORMALMAP_ENCODING SHADER_API_GLES30 SHADER_API_GLES31 SHADER_API_GLES32 UNITY_UNIFIED_SHADER_PRECISION_MODEL flags=0 lang=3 type=Vertex platform=gles3 reqs=1101803 mask=6 start=171 toolchain=1
RunExternalCompiler: begin name=HLSLcc
RunExternalCompiler: begin name=FXC
RunExternalCompiler: end
RunExternalCompiler: begin name=FXC
RunExternalCompiler: end
RunExternalCompiler: end
compileSnippet complete
 ok=1 outsize=15927

Cmd: compileSnippet
  insize=8500 file=Packages/com.unity.render-pipelines.universal/Shaders/PostProcessing/FinalPost.shader name=Hidden/Universal Render Pipeline/FinalPost pass=FinalPost ppOnly=0 stripLineD=0 buildPlatform=20 rsLen=0 pKW=UNITY_ENABLE_REFLECTION_BUFFERS UNITY_USE_DITHER_MASK_FOR_ALPHABLENDED_SHADOWS UNITY_PBS_USE_BRDF1 UNITY_SPECCUBE_BOX_PROJECTION UNITY_SPECCUBE_BLENDING UNITY_ENABLE_DETAIL_NORMALMAP SHADER_API_DESKTOP UNITY_LIGHT_PROBE_PROXY_VOLUME UNITY_LIGHTMAP_FULL_HDR UNITY_PLATFORM_SUPPORTS_DEPTH_FETCH uKW=_RCAS _FXAA _FILM_GRAIN _DITHERING _LINEAR_TO_SRGB_CONVERSION dKW=DEBUG_DISPLAY SCREEN_COORD_OVERRIDE _POINT_SAMPLING _EASU_RCAS_AND_HDR_INPUT _ENABLE_ALPHA_OUTPUT HDR_INPUT HDR_COLORSPACE_CONVERSION HDR_ENCODING HDR_COLORSPACE_CONVERSION_AND_ENCODING UNITY_NO_DXT5nm UNITY_FRAMEBUFFER_FETCH_AVAILABLE UNITY_METAL_SHADOWS_USE_POINT_FILTERING UNITY_NO_SCREENSPACE_SHADOWS UNITY_PBS_USE_BRDF2 UNITY_PBS_USE_BRDF3 UNITY_HARDWARE_TIER1 UNITY_HARDWARE_TIER2 UNITY_HARDWARE_TIER3 UNITY_COLORSPACE_GAMMA UNITY_LIGHTMAP_DLDR_ENCODING UNITY_LIGHTMAP_RGBM_ENCODING UNITY_VIRTUAL_TEXTURING UNITY_PRETRANSFORM_TO_DISPLAY_ORIENTATION UNITY_ASTC_NORMALMAP_ENCODING SHADER_API_GLES30 SHADER_API_GLES31 SHADER_API_GLES32 UNITY_UNIFIED_SHADER_PRECISION_MODEL flags=0 lang=3 type=Vertex platform=gles3 reqs=1101803 mask=6 start=171 toolchain=1
RunExternalCompiler: begin name=HLSLcc
RunExternalCompiler: begin name=FXC
RunExternalCompiler: end
RunExternalCompiler: begin name=FXC
RunExternalCompiler: end
RunExternalCompiler: end
compileSnippet complete
 ok=1 outsize=19856

Cmd: compileSnippet
  insize=8465 file=Packages/com.unity.render-pipelines.universal/Shaders/PostProcessing/FinalPost.shader name=Hidden/Universal Render Pipeline/FinalPost pass=FinalPost ppOnly=0 stripLineD=0 buildPlatform=20 rsLen=0 pKW=UNITY_ENABLE_REFLECTION_BUFFERS UNITY_USE_DITHER_MASK_FOR_ALPHABLENDED_SHADOWS UNITY_PBS_USE_BRDF1 UNITY_SPECCUBE_BOX_PROJECTION UNITY_SPECCUBE_BLENDING UNITY_ENABLE_DETAIL_NORMALMAP SHADER_API_DESKTOP UNITY_LIGHT_PROBE_PROXY_VOLUME UNITY_LIGHTMAP_FULL_HDR UNITY_PLATFORM_SUPPORTS_DEPTH_FETCH uKW=_RCAS _FXAA dKW=DEBUG_DISPLAY SCREEN_COORD_OVERRIDE _POINT_SAMPLING _EASU_RCAS_AND_HDR_INPUT _FILM_GRAIN _DITHERING _LINEAR_TO_SRGB_CONVERSION _ENABLE_ALPHA_OUTPUT HDR_INPUT HDR_COLORSPACE_CONVERSION HDR_ENCODING HDR_COLORSPACE_CONVERSION_AND_ENCODING UNITY_NO_DXT5nm UNITY_FRAMEBUFFER_FETCH_AVAILABLE UNITY_METAL_SHADOWS_USE_POINT_FILTERING UNITY_NO_SCREENSPACE_SHADOWS UNITY_PBS_USE_BRDF2 UNITY_PBS_USE_BRDF3 UNITY_HARDWARE_TIER1 UNITY_HARDWARE_TIER2 UNITY_HARDWARE_TIER3 UNITY_COLORSPACE_GAMMA UNITY_LIGHTMAP_DLDR_ENCODING UNITY_LIGHTMAP_RGBM_ENCODING UNITY_VIRTUAL_TEXTURING UNITY_PRETRANSFORM_TO_DISPLAY_ORIENTATION UNITY_ASTC_NORMALMAP_ENCODING SHADER_API_GLES30 SHADER_API_GLES31 SHADER_API_GLES32 UNITY_UNIFIED_SHADER_PRECISION_MODEL flags=0 lang=3 type=Vertex platform=gles3 reqs=33 mask=6 start=205 toolchain=1
RunExternalCompiler: begin name=HLSLcc
RunExternalCompiler: begin name=FXC
RunExternalCompiler: end
RunExternalCompiler: begin name=FXC
RunExternalCompiler: end
RunExternalCompiler: end
compileSnippet complete
 ok=1 outsize=14098

Cmd: compileSnippet
  insize=8465 file=Packages/com.unity.render-pipelines.universal/Shaders/PostProcessing/FinalPost.shader name=Hidden/Universal Render Pipeline/FinalPost pass=FinalPost ppOnly=0 stripLineD=0 buildPlatform=20 rsLen=0 pKW=UNITY_ENABLE_REFLECTION_BUFFERS UNITY_USE_DITHER_MASK_FOR_ALPHABLENDED_SHADOWS UNITY_PBS_USE_BRDF1 UNITY_SPECCUBE_BOX_PROJECTION UNITY_SPECCUBE_BLENDING UNITY_ENABLE_DETAIL_NORMALMAP SHADER_API_DESKTOP UNITY_LIGHT_PROBE_PROXY_VOLUME UNITY_LIGHTMAP_FULL_HDR UNITY_PLATFORM_SUPPORTS_DEPTH_FETCH uKW=_RCAS _FXAA _LINEAR_TO_SRGB_CONVERSION dKW=DEBUG_DISPLAY SCREEN_COORD_OVERRIDE _POINT_SAMPLING _EASU_RCAS_AND_HDR_INPUT _FILM_GRAIN _DITHERING _ENABLE_ALPHA_OUTPUT HDR_INPUT HDR_COLORSPACE_CONVERSION HDR_ENCODING HDR_COLORSPACE_CONVERSION_AND_ENCODING UNITY_NO_DXT5nm UNITY_FRAMEBUFFER_FETCH_AVAILABLE UNITY_METAL_SHADOWS_USE_POINT_FILTERING UNITY_NO_SCREENSPACE_SHADOWS UNITY_PBS_USE_BRDF2 UNITY_PBS_USE_BRDF3 UNITY_HARDWARE_TIER1 UNITY_HARDWARE_TIER2 UNITY_HARDWARE_TIER3 UNITY_COLORSPACE_GAMMA UNITY_LIGHTMAP_DLDR_ENCODING UNITY_LIGHTMAP_RGBM_ENCODING UNITY_VIRTUAL_TEXTURING UNITY_PRETRANSFORM_TO_DISPLAY_ORIENTATION UNITY_ASTC_NORMALMAP_ENCODING SHADER_API_GLES30 SHADER_API_GLES31 SHADER_API_GLES32 UNITY_UNIFIED_SHADER_PRECISION_MODEL flags=0 lang=3 type=Vertex platform=gles3 reqs=33 mask=6 start=205 toolchain=1
RunExternalCompiler: begin name=HLSLcc
RunExternalCompiler: begin name=FXC
RunExternalCompiler: end
RunExternalCompiler: begin name=FXC
RunExternalCompiler: end
RunExternalCompiler: end
compileSnippet complete
 ok=1 outsize=15010

Cmd: compileSnippet
  insize=8465 file=Packages/com.unity.render-pipelines.universal/Shaders/PostProcessing/FinalPost.shader name=Hidden/Universal Render Pipeline/FinalPost pass=FinalPost ppOnly=0 stripLineD=0 buildPlatform=20 rsLen=0 pKW=UNITY_ENABLE_REFLECTION_BUFFERS UNITY_USE_DITHER_MASK_FOR_ALPHABLENDED_SHADOWS UNITY_PBS_USE_BRDF1 UNITY_SPECCUBE_BOX_PROJECTION UNITY_SPECCUBE_BLENDING UNITY_ENABLE_DETAIL_NORMALMAP SHADER_API_DESKTOP UNITY_LIGHT_PROBE_PROXY_VOLUME UNITY_LIGHTMAP_FULL_HDR UNITY_PLATFORM_SUPPORTS_DEPTH_FETCH uKW=_RCAS _FXAA _FILM_GRAIN _DITHERING _LINEAR_TO_SRGB_CONVERSION dKW=DEBUG_DISPLAY SCREEN_COORD_OVERRIDE _POINT_SAMPLING _EASU_RCAS_AND_HDR_INPUT _ENABLE_ALPHA_OUTPUT HDR_INPUT HDR_COLORSPACE_CONVERSION HDR_ENCODING HDR_COLORSPACE_CONVERSION_AND_ENCODING UNITY_NO_DXT5nm UNITY_FRAMEBUFFER_FETCH_AVAILABLE UNITY_METAL_SHADOWS_USE_POINT_FILTERING UNITY_NO_SCREENSPACE_SHADOWS UNITY_PBS_USE_BRDF2 UNITY_PBS_USE_BRDF3 UNITY_HARDWARE_TIER1 UNITY_HARDWARE_TIER2 UNITY_HARDWARE_TIER3 UNITY_COLORSPACE_GAMMA UNITY_LIGHTMAP_DLDR_ENCODING UNITY_LIGHTMAP_RGBM_ENCODING UNITY_VIRTUAL_TEXTURING UNITY_PRETRANSFORM_TO_DISPLAY_ORIENTATION UNITY_ASTC_NORMALMAP_ENCODING SHADER_API_GLES30 SHADER_API_GLES31 SHADER_API_GLES32 UNITY_UNIFIED_SHADER_PRECISION_MODEL flags=0 lang=3 type=Vertex platform=gles3 reqs=33 mask=6 start=205 toolchain=1
RunExternalCompiler: begin name=HLSLcc
RunExternalCompiler: begin name=FXC
RunExternalCompiler: end
RunExternalCompiler: begin name=FXC
RunExternalCompiler: end
RunExternalCompiler: end
compileSnippet complete
 ok=1 outsize=17528

Cmd: compileSnippet
  insize=1131 file=Packages/com.unity.render-pipelines.universal/Shaders/Utils/CoreBlitColorAndDepth.shader name=Hidden/Universal/CoreBlitColorAndDepth pass=ColorOnly ppOnly=0 stripLineD=0 buildPlatform=20 rsLen=0 pKW=UNITY_ENABLE_REFLECTION_BUFFERS UNITY_USE_DITHER_MASK_FOR_ALPHABLENDED_SHADOWS UNITY_PBS_USE_BRDF1 UNITY_SPECCUBE_BOX_PROJECTION UNITY_SPECCUBE_BLENDING UNITY_ENABLE_DETAIL_NORMALMAP SHADER_API_DESKTOP UNITY_LIGHT_PROBE_PROXY_VOLUME UNITY_LIGHTMAP_FULL_HDR UNITY_PLATFORM_SUPPORTS_DEPTH_FETCH uKW=_MSAA_2X dKW=_MSAA_4X _MSAA_8X UNITY_NO_DXT5nm UNITY_FRAMEBUFFER_FETCH_AVAILABLE UNITY_METAL_SHADOWS_USE_POINT_FILTERING UNITY_NO_SCREENSPACE_SHADOWS UNITY_PBS_USE_BRDF2 UNITY_PBS_USE_BRDF3 UNITY_HARDWARE_TIER1 UNITY_HARDWARE_TIER2 UNITY_HARDWARE_TIER3 UNITY_COLORSPACE_GAMMA UNITY_LIGHTMAP_DLDR_ENCODING UNITY_LIGHTMAP_RGBM_ENCODING UNITY_VIRTUAL_TEXTURING UNITY_PRETRANSFORM_TO_DISPLAY_ORIENTATION UNITY_ASTC_NORMALMAP_ENCODING SHADER_API_GLES30 SHADER_API_GLES31 SHADER_API_GLES32 UNITY_UNIFIED_SHADER_PRECISION_MODEL flags=0 lang=3 type=Vertex platform=gles3 reqs=1 mask=6 start=21 toolchain=1
RunExternalCompiler: begin name=HLSLcc
RunExternalCompiler: begin name=FXC
RunExternalCompiler: end
RunExternalCompiler: begin name=FXC
RunExternalCompiler: end
RunExternalCompiler: end
compileSnippet complete
 ok=1 outsize=2220

Cmd: compileSnippet
  insize=1131 file=Packages/com.unity.render-pipelines.universal/Shaders/Utils/CoreBlitColorAndDepth.shader name=Hidden/Universal/CoreBlitColorAndDepth pass=DepthOnly ppOnly=0 stripLineD=0 buildPlatform=20 rsLen=0 pKW=UNITY_ENABLE_REFLECTION_BUFFERS UNITY_USE_DITHER_MASK_FOR_ALPHABLENDED_SHADOWS UNITY_PBS_USE_BRDF1 UNITY_SPECCUBE_BOX_PROJECTION UNITY_SPECCUBE_BLENDING UNITY_ENABLE_DETAIL_NORMALMAP SHADER_API_DESKTOP UNITY_LIGHT_PROBE_PROXY_VOLUME UNITY_LIGHTMAP_FULL_HDR UNITY_PLATFORM_SUPPORTS_DEPTH_FETCH uKW=_MSAA_8X dKW=_MSAA_2X _MSAA_4X UNITY_NO_DXT5nm UNITY_FRAMEBUFFER_FETCH_AVAILABLE UNITY_METAL_SHADOWS_USE_POINT_FILTERING UNITY_NO_SCREENSPACE_SHADOWS UNITY_PBS_USE_BRDF2 UNITY_PBS_USE_BRDF3 UNITY_HARDWARE_TIER1 UNITY_HARDWARE_TIER2 UNITY_HARDWARE_TIER3 UNITY_COLORSPACE_GAMMA UNITY_LIGHTMAP_DLDR_ENCODING UNITY_LIGHTMAP_RGBM_ENCODING UNITY_VIRTUAL_TEXTURING UNITY_PRETRANSFORM_TO_DISPLAY_ORIENTATION UNITY_ASTC_NORMALMAP_ENCODING SHADER_API_GLES30 SHADER_API_GLES31 SHADER_API_GLES32 UNITY_UNIFIED_SHADER_PRECISION_MODEL flags=0 lang=3 type=Vertex platform=gles3 reqs=1 mask=6 start=45 toolchain=1
RunExternalCompiler: begin name=HLSLcc
RunExternalCompiler: begin name=FXC
RunExternalCompiler: end
RunExternalCompiler: begin name=FXC
RunExternalCompiler: end
RunExternalCompiler: end
compileSnippet complete
 ok=1 outsize=3101

Cmd: compileSnippet
  insize=1237 file=Packages/com.unity.render-pipelines.universal/Shaders/Utils/CopyDepth.shader name=Hidden/Universal Render Pipeline/CopyDepth pass=CopyDepth ppOnly=0 stripLineD=0 buildPlatform=20 rsLen=0 pKW=UNITY_ENABLE_REFLECTION_BUFFERS UNITY_USE_DITHER_MASK_FOR_ALPHABLENDED_SHADOWS UNITY_PBS_USE_BRDF1 UNITY_SPECCUBE_BOX_PROJECTION UNITY_SPECCUBE_BLENDING UNITY_ENABLE_DETAIL_NORMALMAP SHADER_API_DESKTOP UNITY_LIGHT_PROBE_PROXY_VOLUME UNITY_LIGHTMAP_FULL_HDR UNITY_PLATFORM_SUPPORTS_DEPTH_FETCH uKW=_DEPTH_MSAA_2 _OUTPUT_DEPTH dKW=_DEPTH_MSAA_4 _DEPTH_MSAA_8 UNITY_NO_DXT5nm UNITY_FRAMEBUFFER_FETCH_AVAILABLE UNITY_METAL_SHADOWS_USE_POINT_FILTERING UNITY_NO_SCREENSPACE_SHADOWS UNITY_PBS_USE_BRDF2 UNITY_PBS_USE_BRDF3 UNITY_HARDWARE_TIER1 UNITY_HARDWARE_TIER2 UNITY_HARDWARE_TIER3 UNITY_COLORSPACE_GAMMA UNITY_LIGHTMAP_DLDR_ENCODING UNITY_LIGHTMAP_RGBM_ENCODING UNITY_VIRTUAL_TEXTURING UNITY_PRETRANSFORM_TO_DISPLAY_ORIENTATION UNITY_ASTC_NORMALMAP_ENCODING SHADER_API_GLES30 SHADER_API_GLES31 SHADER_API_GLES32 UNITY_UNIFIED_SHADER_PRECISION_MODEL flags=0 lang=3 type=Vertex platform=gles3 reqs=33 mask=6 start=15 toolchain=1
RunExternalCompiler: begin name=HLSLcc
RunExternalCompiler: begin name=FXC
RunExternalCompiler: end
RunExternalCompiler: begin name=FXC
RunExternalCompiler: end
RunExternalCompiler: end
compileSnippet complete
 ok=1 outsize=2121

Cmd: compileSnippet
  insize=5938 file=Packages/com.unity.render-pipelines.universal/Shaders/Terrain/WavingGrass.shader name=Hidden/TerrainEngine/Details/UniversalPipeline/WavingDoublePass pass=ForwardLit ppOnly=0 stripLineD=0 buildPlatform=20 rsLen=0 pKW=UNITY_ENABLE_REFLECTION_BUFFERS UNITY_USE_DITHER_MASK_FOR_ALPHABLENDED_SHADOWS UNITY_PBS_USE_BRDF1 UNITY_SPECCUBE_BOX_PROJECTION UNITY_SPECCUBE_BLENDING UNITY_ENABLE_DETAIL_NORMALMAP SHADER_API_DESKTOP UNITY_LIGHT_PROBE_PROXY_VOLUME UNITY_LIGHTMAP_FULL_HDR UNITY_PLATFORM_SUPPORTS_DEPTH_FETCH uKW=_MAIN_LIGHT_SHADOWS _ADDITIONAL_LIGHTS _LIGHT_COOKIES dKW=_MAIN_LIGHT_SHADOWS_CASCADE _MAIN_LIGHT_SHADOWS_SCREEN _ADDITIONAL_LIGHTS_VERTEX LIGHTMAP_SHADOW_MIXING SHADOWS_SHADOWMASK _LIGHT_LAYERS _CLUSTER_LIGHT_LOOP EVALUATE_SH_MIXED EVALUATE_SH_VERTEX PROBE_VOLUMES_L1 PROBE_VOLUMES_L2 DIRLIGHTMAP_COMBINED LIGHTMAP_ON FOG_LINEAR FOG_EXP FOG_EXP2 INSTANCING_ON _ADDITIONAL_LIGHT_SHADOWS _SHADOWS_SOFT _SHADOWS_SOFT_LOW _SHADOWS_SOFT_MEDIUM _SHADOWS_SOFT_HIGH _SCREEN_SPACE_OCCLUSION _SCREEN_SPACE_IRRADIANCE LIGHTMAP_BICUBIC_SAMPLING REFLECTION_PROBE_ROTATION DEBUG_DISPLAY UNITY_NO_DXT5nm UNITY_FRAMEBUFFER_FETCH_AVAILABLE UNITY_METAL_SHADOWS_USE_POINT_FILTERING UNITY_NO_SCREENSPACE_SHADOWS UNITY_PBS_USE_BRDF2 UNITY_PBS_USE_BRDF3 UNITY_HARDWARE_TIER1 UNITY_HARDWARE_TIER2 UNITY_HARDWARE_TIER3 UNITY_COLORSPACE_GAMMA UNITY_LIGHTMAP_DLDR_ENCODING UNITY_LIGHTMAP_RGBM_ENCODING UNITY_VIRTUAL_TEXTURING UNITY_PRETRANSFORM_TO_DISPLAY_ORIENTATION UNITY_ASTC_NORMALMAP_ENCODING SHADER_API_GLES30 SHADER_API_GLES31 SHADER_API_GLES32 UNITY_UNIFIED_SHADER_PRECISION_MODEL flags=0 lang=3 type=Vertex platform=gles3 reqs=1 mask=6 start=26 toolchain=1
RunExternalCompiler: begin name=HLSLcc
RunExternalCompiler: begin name=FXC
RunExternalCompiler: end
RunExternalCompiler: begin name=FXC
RunExternalCompiler: end
RunExternalCompiler: end
compileSnippet complete
 ok=1 outsize=25641

Cmd: compileSnippet
  insize=18093 file=Packages/com.unity.render-pipelines.universal/Shaders/PostProcessing/UberPost.shader name=Hidden/Universal Render Pipeline/UberPost pass=UberPost ppOnly=0 stripLineD=0 buildPlatform=20 rsLen=0 pKW=UNITY_ENABLE_REFLECTION_BUFFERS UNITY_USE_DITHER_MASK_FOR_ALPHABLENDED_SHADOWS UNITY_PBS_USE_BRDF1 UNITY_SPECCUBE_BOX_PROJECTION UNITY_SPECCUBE_BLENDING UNITY_ENABLE_DETAIL_NORMALMAP SHADER_API_DESKTOP UNITY_LIGHT_PROBE_PROXY_VOLUME UNITY_LIGHTMAP_FULL_HDR UNITY_PLATFORM_SUPPORTS_DEPTH_FETCH uKW=_BLOOM_LQ _TONEMAP_NEUTRAL _FILM_GRAIN dKW=DEBUG_DISPLAY SCREEN_COORD_OVERRIDE _POINT_SAMPLING _DISTORTION _CHROMATIC_ABERRATION _BLOOM_HQ _BLOOM_LQ_DIRT _BLOOM_HQ_DIRT _HDR_GRADING _TONEMAP_ACES _DITHERING _GAMMA_20 _LINEAR_TO_SRGB_CONVERSION _USE_FAST_SRGB_LINEAR_CONVERSION _ENABLE_ALPHA_OUTPUT HDR_INPUT HDR_ENCODING UNITY_NO_DXT5nm UNITY_FRAMEBUFFER_FETCH_AVAILABLE UNITY_METAL_SHADOWS_USE_POINT_FILTERING UNITY_NO_SCREENSPACE_SHADOWS UNITY_PBS_USE_BRDF2 UNITY_PBS_USE_BRDF3 UNITY_HARDWARE_TIER1 UNITY_HARDWARE_TIER2 UNITY_HARDWARE_TIER3 UNITY_COLORSPACE_GAMMA UNITY_LIGHTMAP_DLDR_ENCODING UNITY_LIGHTMAP_RGBM_ENCODING UNITY_VIRTUAL_TEXTURING UNITY_PRETRANSFORM_TO_DISPLAY_ORIENTATION UNITY_ASTC_NORMALMAP_ENCODING SHADER_API_GLES30 SHADER_API_GLES31 SHADER_API_GLES32 UNITY_UNIFIED_SHADER_PRECISION_MODEL flags=0 lang=3 type=Vertex platform=gles3 reqs=33 mask=6 start=366 toolchain=1
RunExternalCompiler: begin name=HLSLcc
RunExternalCompiler: begin name=FXC
RunExternalCompiler: end
RunExternalCompiler: begin name=FXC
RunExternalCompiler: end
RunExternalCompiler: end
compileSnippet complete
 ok=1 outsize=8327

Cmd: compileSnippet
  insize=18093 file=Packages/com.unity.render-pipelines.universal/Shaders/PostProcessing/UberPost.shader name=Hidden/Universal Render Pipeline/UberPost pass=UberPost ppOnly=0 stripLineD=0 buildPlatform=20 rsLen=0 pKW=UNITY_ENABLE_REFLECTION_BUFFERS UNITY_USE_DITHER_MASK_FOR_ALPHABLENDED_SHADOWS UNITY_PBS_USE_BRDF1 UNITY_SPECCUBE_BOX_PROJECTION UNITY_SPECCUBE_BLENDING UNITY_ENABLE_DETAIL_NORMALMAP SHADER_API_DESKTOP UNITY_LIGHT_PROBE_PROXY_VOLUME UNITY_LIGHTMAP_FULL_HDR UNITY_PLATFORM_SUPPORTS_DEPTH_FETCH uKW=_BLOOM_LQ _TONEMAP_NEUTRAL _FILM_GRAIN _GAMMA_20 dKW=DEBUG_DISPLAY SCREEN_COORD_OVERRIDE _POINT_SAMPLING _DISTORTION _CHROMATIC_ABERRATION _BLOOM_HQ _BLOOM_LQ_DIRT _BLOOM_HQ_DIRT _HDR_GRADING _TONEMAP_ACES _DITHERING _LINEAR_TO_SRGB_CONVERSION _USE_FAST_SRGB_LINEAR_CONVERSION _ENABLE_ALPHA_OUTPUT HDR_INPUT HDR_ENCODING UNITY_NO_DXT5nm UNITY_FRAMEBUFFER_FETCH_AVAILABLE UNITY_METAL_SHADOWS_USE_POINT_FILTERING UNITY_NO_SCREENSPACE_SHADOWS UNITY_PBS_USE_BRDF2 UNITY_PBS_USE_BRDF3 UNITY_HARDWARE_TIER1 UNITY_HARDWARE_TIER2 UNITY_HARDWARE_TIER3 UNITY_COLORSPACE_GAMMA UNITY_LIGHTMAP_DLDR_ENCODING UNITY_LIGHTMAP_RGBM_ENCODING UNITY_VIRTUAL_TEXTURING UNITY_PRETRANSFORM_TO_DISPLAY_ORIENTATION UNITY_ASTC_NORMALMAP_ENCODING SHADER_API_GLES30 SHADER_API_GLES31 SHADER_API_GLES32 UNITY_UNIFIED_SHADER_PRECISION_MODEL flags=0 lang=3 type=Vertex platform=gles3 reqs=33 mask=6 start=366 toolchain=1
RunExternalCompiler: begin name=HLSLcc
RunExternalCompiler: begin name=FXC
RunExternalCompiler: end
RunExternalCompiler: begin name=FXC
RunExternalCompiler: end
RunExternalCompiler: end
compileSnippet complete
 ok=1 outsize=8364

Cmd: compileSnippet
  insize=18093 file=Packages/com.unity.render-pipelines.universal/Shaders/PostProcessing/UberPost.shader name=Hidden/Universal Render Pipeline/UberPost pass=UberPost ppOnly=0 stripLineD=0 buildPlatform=20 rsLen=0 pKW=UNITY_ENABLE_REFLECTION_BUFFERS UNITY_USE_DITHER_MASK_FOR_ALPHABLENDED_SHADOWS UNITY_PBS_USE_BRDF1 UNITY_SPECCUBE_BOX_PROJECTION UNITY_SPECCUBE_BLENDING UNITY_ENABLE_DETAIL_NORMALMAP SHADER_API_DESKTOP UNITY_LIGHT_PROBE_PROXY_VOLUME UNITY_LIGHTMAP_FULL_HDR UNITY_PLATFORM_SUPPORTS_DEPTH_FETCH uKW=_BLOOM_LQ _TONEMAP_NEUTRAL _FILM_GRAIN _LINEAR_TO_SRGB_CONVERSION dKW=DEBUG_DISPLAY SCREEN_COORD_OVERRIDE _POINT_SAMPLING _DISTORTION _CHROMATIC_ABERRATION _BLOOM_HQ _BLOOM_LQ_DIRT _BLOOM_HQ_DIRT _HDR_GRADING _TONEMAP_ACES _DITHERING _GAMMA_20 _USE_FAST_SRGB_LINEAR_CONVERSION _ENABLE_ALPHA_OUTPUT HDR_INPUT HDR_ENCODING UNITY_NO_DXT5nm UNITY_FRAMEBUFFER_FETCH_AVAILABLE UNITY_METAL_SHADOWS_USE_POINT_FILTERING UNITY_NO_SCREENSPACE_SHADOWS UNITY_PBS_USE_BRDF2 UNITY_PBS_USE_BRDF3 UNITY_HARDWARE_TIER1 UNITY_HARDWARE_TIER2 UNITY_HARDWARE_TIER3 UNITY_COLORSPACE_GAMMA UNITY_LIGHTMAP_DLDR_ENCODING UNITY_LIGHTMAP_RGBM_ENCODING UNITY_VIRTUAL_TEXTURING UNITY_PRETRANSFORM_TO_DISPLAY_ORIENTATION UNITY_ASTC_NORMALMAP_ENCODING SHADER_API_GLES30 SHADER_API_GLES31 SHADER_API_GLES32 UNITY_UNIFIED_SHADER_PRECISION_MODEL flags=0 lang=3 type=Vertex platform=gles3 reqs=33 mask=6 start=366 toolchain=1
RunExternalCompiler: begin name=HLSLcc
RunExternalCompiler: begin name=FXC
RunExternalCompiler: end
RunExternalCompiler: begin name=FXC
RunExternalCompiler: end
RunExternalCompiler: end
compileSnippet complete
 ok=1 outsize=8962

Cmd: compileSnippet
  insize=18093 file=Packages/com.unity.render-pipelines.universal/Shaders/PostProcessing/UberPost.shader name=Hidden/Universal Render Pipeline/UberPost pass=UberPost ppOnly=0 stripLineD=0 buildPlatform=20 rsLen=0 pKW=UNITY_ENABLE_REFLECTION_BUFFERS UNITY_USE_DITHER_MASK_FOR_ALPHABLENDED_SHADOWS UNITY_PBS_USE_BRDF1 UNITY_SPECCUBE_BOX_PROJECTION UNITY_SPECCUBE_BLENDING UNITY_ENABLE_DETAIL_NORMALMAP SHADER_API_DESKTOP UNITY_LIGHT_PROBE_PROXY_VOLUME UNITY_LIGHTMAP_FULL_HDR UNITY_PLATFORM_SUPPORTS_DEPTH_FETCH uKW=_BLOOM_LQ _TONEMAP_NEUTRAL _FILM_GRAIN _DITHERING dKW=DEBUG_DISPLAY SCREEN_COORD_OVERRIDE _POINT_SAMPLING _DISTORTION _CHROMATIC_ABERRATION _BLOOM_HQ _BLOOM_LQ_DIRT _BLOOM_HQ_DIRT _HDR_GRADING _TONEMAP_ACES _GAMMA_20 _LINEAR_TO_SRGB_CONVERSION _USE_FAST_SRGB_LINEAR_CONVERSION _ENABLE_ALPHA_OUTPUT HDR_INPUT HDR_ENCODING UNITY_NO_DXT5nm UNITY_FRAMEBUFFER_FETCH_AVAILABLE UNITY_METAL_SHADOWS_USE_POINT_FILTERING UNITY_NO_SCREENSPACE_SHADOWS UNITY_PBS_USE_BRDF2 UNITY_PBS_USE_BRDF3 UNITY_HARDWARE_TIER1 UNITY_HARDWARE_TIER2 UNITY_HARDWARE_TIER3 UNITY_COLORSPACE_GAMMA UNITY_LIGHTMAP_DLDR_ENCODING UNITY_LIGHTMAP_RGBM_ENCODING UNITY_VIRTUAL_TEXTURING UNITY_PRETRANSFORM_TO_DISPLAY_ORIENTATION UNITY_ASTC_NORMALMAP_ENCODING SHADER_API_GLES30 SHADER_API_GLES31 SHADER_API_GLES32 UNITY_UNIFIED_SHADER_PRECISION_MODEL flags=0 lang=3 type=Vertex platform=gles3 reqs=33 mask=6 start=366 toolchain=1
RunExternalCompiler: begin name=HLSLcc
RunExternalCompiler: begin name=FXC
RunExternalCompiler: end
RunExternalCompiler: begin name=FXC
RunExternalCompiler: end
RunExternalCompiler: end
compileSnippet complete
 ok=1 outsize=10414

Cmd: compileSnippet
  insize=18093 file=Packages/com.unity.render-pipelines.universal/Shaders/PostProcessing/UberPost.shader name=Hidden/Universal Render Pipeline/UberPost pass=UberPost ppOnly=0 stripLineD=0 buildPlatform=20 rsLen=0 pKW=UNITY_ENABLE_REFLECTION_BUFFERS UNITY_USE_DITHER_MASK_FOR_ALPHABLENDED_SHADOWS UNITY_PBS_USE_BRDF1 UNITY_SPECCUBE_BOX_PROJECTION UNITY_SPECCUBE_BLENDING UNITY_ENABLE_DETAIL_NORMALMAP SHADER_API_DESKTOP UNITY_LIGHT_PROBE_PROXY_VOLUME UNITY_LIGHTMAP_FULL_HDR UNITY_PLATFORM_SUPPORTS_DEPTH_FETCH uKW=_BLOOM_LQ _TONEMAP_NEUTRAL _FILM_GRAIN _DITHERING _GAMMA_20 dKW=DEBUG_DISPLAY SCREEN_COORD_OVERRIDE _POINT_SAMPLING _DISTORTION _CHROMATIC_ABERRATION _BLOOM_HQ _BLOOM_LQ_DIRT _BLOOM_HQ_DIRT _HDR_GRADING _TONEMAP_ACES _LINEAR_TO_SRGB_CONVERSION _USE_FAST_SRGB_LINEAR_CONVERSION _ENABLE_ALPHA_OUTPUT HDR_INPUT HDR_ENCODING UNITY_NO_DXT5nm UNITY_FRAMEBUFFER_FETCH_AVAILABLE UNITY_METAL_SHADOWS_USE_POINT_FILTERING UNITY_NO_SCREENSPACE_SHADOWS UNITY_PBS_USE_BRDF2 UNITY_PBS_USE_BRDF3 UNITY_HARDWARE_TIER1 UNITY_HARDWARE_TIER2 UNITY_HARDWARE_TIER3 UNITY_COLORSPACE_GAMMA UNITY_LIGHTMAP_DLDR_ENCODING UNITY_LIGHTMAP_RGBM_ENCODING UNITY_VIRTUAL_TEXTURING UNITY_PRETRANSFORM_TO_DISPLAY_ORIENTATION UNITY_ASTC_NORMALMAP_ENCODING SHADER_API_GLES30 SHADER_API_GLES31 SHADER_API_GLES32 UNITY_UNIFIED_SHADER_PRECISION_MODEL flags=0 lang=3 type=Vertex platform=gles3 reqs=33 mask=6 start=366 toolchain=1
RunExternalCompiler: begin name=HLSLcc
RunExternalCompiler: begin name=FXC
RunExternalCompiler: end
RunExternalCompiler: begin name=FXC
RunExternalCompiler: end
RunExternalCompiler: end
compileSnippet complete
 ok=1 outsize=10446

Cmd: compileSnippet
  insize=18093 file=Packages/com.unity.render-pipelines.universal/Shaders/PostProcessing/UberPost.shader name=Hidden/Universal Render Pipeline/UberPost pass=UberPost ppOnly=0 stripLineD=0 buildPlatform=20 rsLen=0 pKW=UNITY_ENABLE_REFLECTION_BUFFERS UNITY_USE_DITHER_MASK_FOR_ALPHABLENDED_SHADOWS UNITY_PBS_USE_BRDF1 UNITY_SPECCUBE_BOX_PROJECTION UNITY_SPECCUBE_BLENDING UNITY_ENABLE_DETAIL_NORMALMAP SHADER_API_DESKTOP UNITY_LIGHT_PROBE_PROXY_VOLUME UNITY_LIGHTMAP_FULL_HDR UNITY_PLATFORM_SUPPORTS_DEPTH_FETCH uKW=_BLOOM_LQ _TONEMAP_NEUTRAL _FILM_GRAIN _DITHERING _LINEAR_TO_SRGB_CONVERSION dKW=DEBUG_DISPLAY SCREEN_COORD_OVERRIDE _POINT_SAMPLING _DISTORTION _CHROMATIC_ABERRATION _BLOOM_HQ _BLOOM_LQ_DIRT _BLOOM_HQ_DIRT _HDR_GRADING _TONEMAP_ACES _GAMMA_20 _USE_FAST_SRGB_LINEAR_CONVERSION _ENABLE_ALPHA_OUTPUT HDR_INPUT HDR_ENCODING UNITY_NO_DXT5nm UNITY_FRAMEBUFFER_FETCH_AVAILABLE UNITY_METAL_SHADOWS_USE_POINT_FILTERING UNITY_NO_SCREENSPACE_SHADOWS UNITY_PBS_USE_BRDF2 UNITY_PBS_USE_BRDF3 UNITY_HARDWARE_TIER1 UNITY_HARDWARE_TIER2 UNITY_HARDWARE_TIER3 UNITY_COLORSPACE_GAMMA UNITY_LIGHTMAP_DLDR_ENCODING UNITY_LIGHTMAP_RGBM_ENCODING UNITY_VIRTUAL_TEXTURING UNITY_PRETRANSFORM_TO_DISPLAY_ORIENTATION UNITY_ASTC_NORMALMAP_ENCODING SHADER_API_GLES30 SHADER_API_GLES31 SHADER_API_GLES32 UNITY_UNIFIED_SHADER_PRECISION_MODEL flags=0 lang=3 type=Vertex platform=gles3 reqs=33 mask=6 start=366 toolchain=1
RunExternalCompiler: begin name=HLSLcc
RunExternalCompiler: begin name=FXC
RunExternalCompiler: end
RunExternalCompiler: begin name=FXC
RunExternalCompiler: end
RunExternalCompiler: end
compileSnippet complete
 ok=1 outsize=11166

Cmd: compileSnippet
  insize=18093 file=Packages/com.unity.render-pipelines.universal/Shaders/PostProcessing/UberPost.shader name=Hidden/Universal Render Pipeline/UberPost pass=UberPost ppOnly=0 stripLineD=0 buildPlatform=20 rsLen=0 pKW=UNITY_ENABLE_REFLECTION_BUFFERS UNITY_USE_DITHER_MASK_FOR_ALPHABLENDED_SHADOWS UNITY_PBS_USE_BRDF1 UNITY_SPECCUBE_BOX_PROJECTION UNITY_SPECCUBE_BLENDING UNITY_ENABLE_DETAIL_NORMALMAP SHADER_API_DESKTOP UNITY_LIGHT_PROBE_PROXY_VOLUME UNITY_LIGHTMAP_FULL_HDR UNITY_PLATFORM_SUPPORTS_DEPTH_FETCH uKW=_BLOOM_HQ dKW=DEBUG_DISPLAY SCREEN_COORD_OVERRIDE _POINT_SAMPLING _DISTORTION _CHROMATIC_ABERRATION _BLOOM_LQ _BLOOM_LQ_DIRT _BLOOM_HQ_DIRT _HDR_GRADING _TONEMAP_ACES _TONEMAP_NEUTRAL _FILM_GRAIN _DITHERING _GAMMA_20 _LINEAR_TO_SRGB_CONVERSION _USE_FAST_SRGB_LINEAR_CONVERSION _ENABLE_ALPHA_OUTPUT HDR_INPUT HDR_ENCODING UNITY_NO_DXT5nm UNITY_FRAMEBUFFER_FETCH_AVAILABLE UNITY_METAL_SHADOWS_USE_POINT_FILTERING UNITY_NO_SCREENSPACE_SHADOWS UNITY_PBS_USE_BRDF2 UNITY_PBS_USE_BRDF3 UNITY_HARDWARE_TIER1 UNITY_HARDWARE_TIER2 UNITY_HARDWARE_TIER3 UNITY_COLORSPACE_GAMMA UNITY_LIGHTMAP_DLDR_ENCODING UNITY_LIGHTMAP_RGBM_ENCODING UNITY_VIRTUAL_TEXTURING UNITY_PRETRANSFORM_TO_DISPLAY_ORIENTATION UNITY_ASTC_NORMALMAP_ENCODING SHADER_API_GLES30 SHADER_API_GLES31 SHADER_API_GLES32 UNITY_UNIFIED_SHADER_PRECISION_MODEL flags=0 lang=3 type=Vertex platform=gles3 reqs=33 mask=6 start=366 toolchain=1
RunExternalCompiler: begin name=HLSLcc
RunExternalCompiler: begin name=FXC
RunExternalCompiler: end
RunExternalCompiler: begin name=FXC
RunExternalCompiler: end
RunExternalCompiler: end
compileSnippet complete
 ok=1 outsize=8925

Cmd: compileSnippet
  insize=18093 file=Packages/com.unity.render-pipelines.universal/Shaders/PostProcessing/UberPost.shader name=Hidden/Universal Render Pipeline/UberPost pass=UberPost ppOnly=0 stripLineD=0 buildPlatform=20 rsLen=0 pKW=UNITY_ENABLE_REFLECTION_BUFFERS UNITY_USE_DITHER_MASK_FOR_ALPHABLENDED_SHADOWS UNITY_PBS_USE_BRDF1 UNITY_SPECCUBE_BOX_PROJECTION UNITY_SPECCUBE_BLENDING UNITY_ENABLE_DETAIL_NORMALMAP SHADER_API_DESKTOP UNITY_LIGHT_PROBE_PROXY_VOLUME UNITY_LIGHTMAP_FULL_HDR UNITY_PLATFORM_SUPPORTS_DEPTH_FETCH uKW=_BLOOM_HQ _GAMMA_20 dKW=DEBUG_DISPLAY SCREEN_COORD_OVERRIDE _POINT_SAMPLING _DISTORTION _CHROMATIC_ABERRATION _BLOOM_LQ _BLOOM_LQ_DIRT _BLOOM_HQ_DIRT _HDR_GRADING _TONEMAP_ACES _TONEMAP_NEUTRAL _FILM_GRAIN _DITHERING _LINEAR_TO_SRGB_CONVERSION _USE_FAST_SRGB_LINEAR_CONVERSION _ENABLE_ALPHA_OUTPUT HDR_INPUT HDR_ENCODING UNITY_NO_DXT5nm UNITY_FRAMEBUFFER_FETCH_AVAILABLE UNITY_METAL_SHADOWS_USE_POINT_FILTERING UNITY_NO_SCREENSPACE_SHADOWS UNITY_PBS_USE_BRDF2 UNITY_PBS_USE_BRDF3 UNITY_HARDWARE_TIER1 UNITY_HARDWARE_TIER2 UNITY_HARDWARE_TIER3 UNITY_COLORSPACE_GAMMA UNITY_LIGHTMAP_DLDR_ENCODING UNITY_LIGHTMAP_RGBM_ENCODING UNITY_VIRTUAL_TEXTURING UNITY_PRETRANSFORM_TO_DISPLAY_ORIENTATION UNITY_ASTC_NORMALMAP_ENCODING SHADER_API_GLES30 SHADER_API_GLES31 SHADER_API_GLES32 UNITY_UNIFIED_SHADER_PRECISION_MODEL flags=0 lang=3 type=Vertex platform=gles3 reqs=33 mask=6 start=366 toolchain=1
RunExternalCompiler: begin name=HLSLcc
RunExternalCompiler: begin name=FXC
RunExternalCompiler: end
RunExternalCompiler: begin name=FXC
RunExternalCompiler: end
RunExternalCompiler: end
compileSnippet complete
 ok=1 outsize=8962

Cmd: compileSnippet
  insize=18093 file=Packages/com.unity.render-pipelines.universal/Shaders/PostProcessing/UberPost.shader name=Hidden/Universal Render Pipeline/UberPost pass=UberPost ppOnly=0 stripLineD=0 buildPlatform=20 rsLen=0 pKW=UNITY_ENABLE_REFLECTION_BUFFERS UNITY_USE_DITHER_MASK_FOR_ALPHABLENDED_SHADOWS UNITY_PBS_USE_BRDF1 UNITY_SPECCUBE_BOX_PROJECTION UNITY_SPECCUBE_BLENDING UNITY_ENABLE_DETAIL_NORMALMAP SHADER_API_DESKTOP UNITY_LIGHT_PROBE_PROXY_VOLUME UNITY_LIGHTMAP_FULL_HDR UNITY_PLATFORM_SUPPORTS_DEPTH_FETCH uKW=_BLOOM_HQ _LINEAR_TO_SRGB_CONVERSION dKW=DEBUG_DISPLAY SCREEN_COORD_OVERRIDE _POINT_SAMPLING _DISTORTION _CHROMATIC_ABERRATION _BLOOM_LQ _BLOOM_LQ_DIRT _BLOOM_HQ_DIRT _HDR_GRADING _TONEMAP_ACES _TONEMAP_NEUTRAL _FILM_GRAIN _DITHERING _GAMMA_20 _USE_FAST_SRGB_LINEAR_CONVERSION _ENABLE_ALPHA_OUTPUT HDR_INPUT HDR_ENCODING UNITY_NO_DXT5nm UNITY_FRAMEBUFFER_FETCH_AVAILABLE UNITY_METAL_SHADOWS_USE_POINT_FILTERING UNITY_NO_SCREENSPACE_SHADOWS UNITY_PBS_USE_BRDF2 UNITY_PBS_USE_BRDF3 UNITY_HARDWARE_TIER1 UNITY_HARDWARE_TIER2 UNITY_HARDWARE_TIER3 UNITY_COLORSPACE_GAMMA UNITY_LIGHTMAP_DLDR_ENCODING UNITY_LIGHTMAP_RGBM_ENCODING UNITY_VIRTUAL_TEXTURING UNITY_PRETRANSFORM_TO_DISPLAY_ORIENTATION UNITY_ASTC_NORMALMAP_ENCODING SHADER_API_GLES30 SHADER_API_GLES31 SHADER_API_GLES32 UNITY_UNIFIED_SHADER_PRECISION_MODEL flags=0 lang=3 type=Vertex platform=gles3 reqs=33 mask=6 start=366 toolchain=1
RunExternalCompiler: begin name=HLSLcc
RunExternalCompiler: begin name=FXC
RunExternalCompiler: end
RunExternalCompiler: begin name=FXC
RunExternalCompiler: end
RunExternalCompiler: end
compileSnippet complete
 ok=1 outsize=9560

Cmd: compileSnippet
  insize=18093 file=Packages/com.unity.render-pipelines.universal/Shaders/PostProcessing/UberPost.shader name=Hidden/Universal Render Pipeline/UberPost pass=UberPost ppOnly=0 stripLineD=0 buildPlatform=20 rsLen=0 pKW=UNITY_ENABLE_REFLECTION_BUFFERS UNITY_USE_DITHER_MASK_FOR_ALPHABLENDED_SHADOWS UNITY_PBS_USE_BRDF1 UNITY_SPECCUBE_BOX_PROJECTION UNITY_SPECCUBE_BLENDING UNITY_ENABLE_DETAIL_NORMALMAP SHADER_API_DESKTOP UNITY_LIGHT_PROBE_PROXY_VOLUME UNITY_LIGHTMAP_FULL_HDR UNITY_PLATFORM_SUPPORTS_DEPTH_FETCH uKW=_BLOOM_HQ _DITHERING dKW=DEBUG_DISPLAY SCREEN_COORD_OVERRIDE _POINT_SAMPLING _DISTORTION _CHROMATIC_ABERRATION _BLOOM_LQ _BLOOM_LQ_DIRT _BLOOM_HQ_DIRT _HDR_GRADING _TONEMAP_ACES _TONEMAP_NEUTRAL _FILM_GRAIN _GAMMA_20 _LINEAR_TO_SRGB_CONVERSION _USE_FAST_SRGB_LINEAR_CONVERSION _ENABLE_ALPHA_OUTPUT HDR_INPUT HDR_ENCODING UNITY_NO_DXT5nm UNITY_FRAMEBUFFER_FETCH_AVAILABLE UNITY_METAL_SHADOWS_USE_POINT_FILTERING UNITY_NO_SCREENSPACE_SHADOWS UNITY_PBS_USE_BRDF2 UNITY_PBS_USE_BRDF3 UNITY_HARDWARE_TIER1 UNITY_HARDWARE_TIER2 UNITY_HARDWARE_TIER3 UNITY_COLORSPACE_GAMMA UNITY_LIGHTMAP_DLDR_ENCODING UNITY_LIGHTMAP_RGBM_ENCODING UNITY_VIRTUAL_TEXTURING UNITY_PRETRANSFORM_TO_DISPLAY_ORIENTATION UNITY_ASTC_NORMALMAP_ENCODING SHADER_API_GLES30 SHADER_API_GLES31 SHADER_API_GLES32 UNITY_UNIFIED_SHADER_PRECISION_MODEL flags=0 lang=3 type=Vertex platform=gles3 reqs=33 mask=6 start=366 toolchain=1
RunExternalCompiler: begin name=HLSLcc
RunExternalCompiler: begin name=FXC
RunExternalCompiler: end
RunExternalCompiler: begin name=FXC
RunExternalCompiler: end
RunExternalCompiler: end
compileSnippet complete
 ok=1 outsize=11012

Cmd: compileSnippet
  insize=18093 file=Packages/com.unity.render-pipelines.universal/Shaders/PostProcessing/UberPost.shader name=Hidden/Universal Render Pipeline/UberPost pass=UberPost ppOnly=0 stripLineD=0 buildPlatform=20 rsLen=0 pKW=UNITY_ENABLE_REFLECTION_BUFFERS UNITY_USE_DITHER_MASK_FOR_ALPHABLENDED_SHADOWS UNITY_PBS_USE_BRDF1 UNITY_SPECCUBE_BOX_PROJECTION UNITY_SPECCUBE_BLENDING UNITY_ENABLE_DETAIL_NORMALMAP SHADER_API_DESKTOP UNITY_LIGHT_PROBE_PROXY_VOLUME UNITY_LIGHTMAP_FULL_HDR UNITY_PLATFORM_SUPPORTS_DEPTH_FETCH uKW=_BLOOM_HQ _DITHERING _GAMMA_20 dKW=DEBUG_DISPLAY SCREEN_COORD_OVERRIDE _POINT_SAMPLING _DISTORTION _CHROMATIC_ABERRATION _BLOOM_LQ _BLOOM_LQ_DIRT _BLOOM_HQ_DIRT _HDR_GRADING _TONEMAP_ACES _TONEMAP_NEUTRAL _FILM_GRAIN _LINEAR_TO_SRGB_CONVERSION _USE_FAST_SRGB_LINEAR_CONVERSION _ENABLE_ALPHA_OUTPUT HDR_INPUT HDR_ENCODING UNITY_NO_DXT5nm UNITY_FRAMEBUFFER_FETCH_AVAILABLE UNITY_METAL_SHADOWS_USE_POINT_FILTERING UNITY_NO_SCREENSPACE_SHADOWS UNITY_PBS_USE_BRDF2 UNITY_PBS_USE_BRDF3 UNITY_HARDWARE_TIER1 UNITY_HARDWARE_TIER2 UNITY_HARDWARE_TIER3 UNITY_COLORSPACE_GAMMA UNITY_LIGHTMAP_DLDR_ENCODING UNITY_LIGHTMAP_RGBM_ENCODING UNITY_VIRTUAL_TEXTURING UNITY_PRETRANSFORM_TO_DISPLAY_ORIENTATION UNITY_ASTC_NORMALMAP_ENCODING SHADER_API_GLES30 SHADER_API_GLES31 SHADER_API_GLES32 UNITY_UNIFIED_SHADER_PRECISION_MODEL flags=0 lang=3 type=Vertex platform=gles3 reqs=33 mask=6 start=366 toolchain=1
RunExternalCompiler: begin name=HLSLcc
RunExternalCompiler: begin name=FXC
RunExternalCompiler: end
RunExternalCompiler: begin name=FXC
RunExternalCompiler: end
RunExternalCompiler: end
compileSnippet complete
 ok=1 outsize=11044

Cmd: compileSnippet
  insize=18093 file=Packages/com.unity.render-pipelines.universal/Shaders/PostProcessing/UberPost.shader name=Hidden/Universal Render Pipeline/UberPost pass=UberPost ppOnly=0 stripLineD=0 buildPlatform=20 rsLen=0 pKW=UNITY_ENABLE_REFLECTION_BUFFERS UNITY_USE_DITHER_MASK_FOR_ALPHABLENDED_SHADOWS UNITY_PBS_USE_BRDF1 UNITY_SPECCUBE_BOX_PROJECTION UNITY_SPECCUBE_BLENDING UNITY_ENABLE_DETAIL_NORMALMAP SHADER_API_DESKTOP UNITY_LIGHT_PROBE_PROXY_VOLUME UNITY_LIGHTMAP_FULL_HDR UNITY_PLATFORM_SUPPORTS_DEPTH_FETCH uKW=_BLOOM_HQ _DITHERING _LINEAR_TO_SRGB_CONVERSION dKW=DEBUG_DISPLAY SCREEN_COORD_OVERRIDE _POINT_SAMPLING _DISTORTION _CHROMATIC_ABERRATION _BLOOM_LQ _BLOOM_LQ_DIRT _BLOOM_HQ_DIRT _HDR_GRADING _TONEMAP_ACES _TONEMAP_NEUTRAL _FILM_GRAIN _GAMMA_20 _USE_FAST_SRGB_LINEAR_CONVERSION _ENABLE_ALPHA_OUTPUT HDR_INPUT HDR_ENCODING UNITY_NO_DXT5nm UNITY_FRAMEBUFFER_FETCH_AVAILABLE UNITY_METAL_SHADOWS_USE_POINT_FILTERING UNITY_NO_SCREENSPACE_SHADOWS UNITY_PBS_USE_BRDF2 UNITY_PBS_USE_BRDF3 UNITY_HARDWARE_TIER1 UNITY_HARDWARE_TIER2 UNITY_HARDWARE_TIER3 UNITY_COLORSPACE_GAMMA UNITY_LIGHTMAP_DLDR_ENCODING UNITY_LIGHTMAP_RGBM_ENCODING UNITY_VIRTUAL_TEXTURING UNITY_PRETRANSFORM_TO_DISPLAY_ORIENTATION UNITY_ASTC_NORMALMAP_ENCODING SHADER_API_GLES30 SHADER_API_GLES31 SHADER_API_GLES32 UNITY_UNIFIED_SHADER_PRECISION_MODEL flags=0 lang=3 type=Vertex platform=gles3 reqs=33 mask=6 start=366 toolchain=1
RunExternalCompiler: begin name=HLSLcc
RunExternalCompiler: begin name=FXC
RunExternalCompiler: end
RunExternalCompiler: begin name=FXC
RunExternalCompiler: end
RunExternalCompiler: end
compileSnippet complete
 ok=1 outsize=11764

Cmd: compileSnippet
  insize=18093 file=Packages/com.unity.render-pipelines.universal/Shaders/PostProcessing/UberPost.shader name=Hidden/Universal Render Pipeline/UberPost pass=UberPost ppOnly=0 stripLineD=0 buildPlatform=20 rsLen=0 pKW=UNITY_ENABLE_REFLECTION_BUFFERS UNITY_USE_DITHER_MASK_FOR_ALPHABLENDED_SHADOWS UNITY_PBS_USE_BRDF1 UNITY_SPECCUBE_BOX_PROJECTION UNITY_SPECCUBE_BLENDING UNITY_ENABLE_DETAIL_NORMALMAP SHADER_API_DESKTOP UNITY_LIGHT_PROBE_PROXY_VOLUME UNITY_LIGHTMAP_FULL_HDR UNITY_PLATFORM_SUPPORTS_DEPTH_FETCH uKW=_BLOOM_HQ _FILM_GRAIN dKW=DEBUG_DISPLAY SCREEN_COORD_OVERRIDE _POINT_SAMPLING _DISTORTION _CHROMATIC_ABERRATION _BLOOM_LQ _BLOOM_LQ_DIRT _BLOOM_HQ_DIRT _HDR_GRADING _TONEMAP_ACES _TONEMAP_NEUTRAL _DITHERING _GAMMA_20 _LINEAR_TO_SRGB_CONVERSION _USE_FAST_SRGB_LINEAR_CONVERSION _ENABLE_ALPHA_OUTPUT HDR_INPUT HDR_ENCODING UNITY_NO_DXT5nm UNITY_FRAMEBUFFER_FETCH_AVAILABLE UNITY_METAL_SHADOWS_USE_POINT_FILTERING UNITY_NO_SCREENSPACE_SHADOWS UNITY_PBS_USE_BRDF2 UNITY_PBS_USE_BRDF3 UNITY_HARDWARE_TIER1 UNITY_HARDWARE_TIER2 UNITY_HARDWARE_TIER3 UNITY_COLORSPACE_GAMMA UNITY_LIGHTMAP_DLDR_ENCODING UNITY_LIGHTMAP_RGBM_ENCODING UNITY_VIRTUAL_TEXTURING UNITY_PRETRANSFORM_TO_DISPLAY_ORIENTATION UNITY_ASTC_NORMALMAP_ENCODING SHADER_API_GLES30 SHADER_API_GLES31 SHADER_API_GLES32 UNITY_UNIFIED_SHADER_PRECISION_MODEL flags=0 lang=3 type=Vertex platform=gles3 reqs=33 mask=6 start=366 toolchain=1
RunExternalCompiler: begin name=HLSLcc
RunExternalCompiler: begin name=FXC
RunExternalCompiler: end
RunExternalCompiler: begin name=FXC
RunExternalCompiler: end
RunExternalCompiler: end
compileSnippet complete
 ok=1 outsize=9612

Cmd: compileSnippet
  insize=18093 file=Packages/com.unity.render-pipelines.universal/Shaders/PostProcessing/UberPost.shader name=Hidden/Universal Render Pipeline/UberPost pass=UberPost ppOnly=0 stripLineD=0 buildPlatform=20 rsLen=0 pKW=UNITY_ENABLE_REFLECTION_BUFFERS UNITY_USE_DITHER_MASK_FOR_ALPHABLENDED_SHADOWS UNITY_PBS_USE_BRDF1 UNITY_SPECCUBE_BOX_PROJECTION UNITY_SPECCUBE_BLENDING UNITY_ENABLE_DETAIL_NORMALMAP SHADER_API_DESKTOP UNITY_LIGHT_PROBE_PROXY_VOLUME UNITY_LIGHTMAP_FULL_HDR UNITY_PLATFORM_SUPPORTS_DEPTH_FETCH uKW=_BLOOM_HQ _FILM_GRAIN _GAMMA_20 dKW=DEBUG_DISPLAY SCREEN_COORD_OVERRIDE _POINT_SAMPLING _DISTORTION _CHROMATIC_ABERRATION _BLOOM_LQ _BLOOM_LQ_DIRT _BLOOM_HQ_DIRT _HDR_GRADING _TONEMAP_ACES _TONEMAP_NEUTRAL _DITHERING _LINEAR_TO_SRGB_CONVERSION _USE_FAST_SRGB_LINEAR_CONVERSION _ENABLE_ALPHA_OUTPUT HDR_INPUT HDR_ENCODING UNITY_NO_DXT5nm UNITY_FRAMEBUFFER_FETCH_AVAILABLE UNITY_METAL_SHADOWS_USE_POINT_FILTERING UNITY_NO_SCREENSPACE_SHADOWS UNITY_PBS_USE_BRDF2 UNITY_PBS_USE_BRDF3 UNITY_HARDWARE_TIER1 UNITY_HARDWARE_TIER2 UNITY_HARDWARE_TIER3 UNITY_COLORSPACE_GAMMA UNITY_LIGHTMAP_DLDR_ENCODING UNITY_LIGHTMAP_RGBM_ENCODING UNITY_VIRTUAL_TEXTURING UNITY_PRETRANSFORM_TO_DISPLAY_ORIENTATION UNITY_ASTC_NORMALMAP_ENCODING SHADER_API_GLES30 SHADER_API_GLES31 SHADER_API_GLES32 UNITY_UNIFIED_SHADER_PRECISION_MODEL flags=0 lang=3 type=Vertex platform=gles3 reqs=33 mask=6 start=366 toolchain=1
RunExternalCompiler: begin name=HLSLcc
RunExternalCompiler: begin name=FXC
RunExternalCompiler: end
RunExternalCompiler: begin name=FXC
RunExternalCompiler: end
RunExternalCompiler: end
compileSnippet complete
 ok=1 outsize=9649

Cmd: compileSnippet
  insize=18093 file=Packages/com.unity.render-pipelines.universal/Shaders/PostProcessing/UberPost.shader name=Hidden/Universal Render Pipeline/UberPost pass=UberPost ppOnly=0 stripLineD=0 buildPlatform=20 rsLen=0 pKW=UNITY_ENABLE_REFLECTION_BUFFERS UNITY_USE_DITHER_MASK_FOR_ALPHABLENDED_SHADOWS UNITY_PBS_USE_BRDF1 UNITY_SPECCUBE_BOX_PROJECTION UNITY_SPECCUBE_BLENDING UNITY_ENABLE_DETAIL_NORMALMAP SHADER_API_DESKTOP UNITY_LIGHT_PROBE_PROXY_VOLUME UNITY_LIGHTMAP_FULL_HDR UNITY_PLATFORM_SUPPORTS_DEPTH_FETCH uKW=_BLOOM_HQ _FILM_GRAIN _LINEAR_TO_SRGB_CONVERSION dKW=DEBUG_DISPLAY SCREEN_COORD_OVERRIDE _POINT_SAMPLING _DISTORTION _CHROMATIC_ABERRATION _BLOOM_LQ _BLOOM_LQ_DIRT _BLOOM_HQ_DIRT _HDR_GRADING _TONEMAP_ACES _TONEMAP_NEUTRAL _DITHERING _GAMMA_20 _USE_FAST_SRGB_LINEAR_CONVERSION _ENABLE_ALPHA_OUTPUT HDR_INPUT HDR_ENCODING UNITY_NO_DXT5nm UNITY_FRAMEBUFFER_FETCH_AVAILABLE UNITY_METAL_SHADOWS_USE_POINT_FILTERING UNITY_NO_SCREENSPACE_SHADOWS UNITY_PBS_USE_BRDF2 UNITY_PBS_USE_BRDF3 UNITY_HARDWARE_TIER1 UNITY_HARDWARE_TIER2 UNITY_HARDWARE_TIER3 UNITY_COLORSPACE_GAMMA UNITY_LIGHTMAP_DLDR_ENCODING UNITY_LIGHTMAP_RGBM_ENCODING UNITY_VIRTUAL_TEXTURING UNITY_PRETRANSFORM_TO_DISPLAY_ORIENTATION UNITY_ASTC_NORMALMAP_ENCODING SHADER_API_GLES30 SHADER_API_GLES31 SHADER_API_GLES32 UNITY_UNIFIED_SHADER_PRECISION_MODEL flags=0 lang=3 type=Vertex platform=gles3 reqs=33 mask=6 start=366 toolchain=1
RunExternalCompiler: begin name=HLSLcc
RunExternalCompiler: begin name=FXC
RunExternalCompiler: end
RunExternalCompiler: begin name=FXC
RunExternalCompiler: end
RunExternalCompiler: end
compileSnippet complete
 ok=1 outsize=10247

Cmd: compileSnippet
  insize=18093 file=Packages/com.unity.render-pipelines.universal/Shaders/PostProcessing/UberPost.shader name=Hidden/Universal Render Pipeline/UberPost pass=UberPost ppOnly=0 stripLineD=0 buildPlatform=20 rsLen=0 pKW=UNITY_ENABLE_REFLECTION_BUFFERS UNITY_USE_DITHER_MASK_FOR_ALPHABLENDED_SHADOWS UNITY_PBS_USE_BRDF1 UNITY_SPECCUBE_BOX_PROJECTION UNITY_SPECCUBE_BLENDING UNITY_ENABLE_DETAIL_NORMALMAP SHADER_API_DESKTOP UNITY_LIGHT_PROBE_PROXY_VOLUME UNITY_LIGHTMAP_FULL_HDR UNITY_PLATFORM_SUPPORTS_DEPTH_FETCH uKW=_BLOOM_HQ _FILM_GRAIN _DITHERING dKW=DEBUG_DISPLAY SCREEN_COORD_OVERRIDE _POINT_SAMPLING _DISTORTION _CHROMATIC_ABERRATION _BLOOM_LQ _BLOOM_LQ_DIRT _BLOOM_HQ_DIRT _HDR_GRADING _TONEMAP_ACES _TONEMAP_NEUTRAL _GAMMA_20 _LINEAR_TO_SRGB_CONVERSION _USE_FAST_SRGB_LINEAR_CONVERSION _ENABLE_ALPHA_OUTPUT HDR_INPUT HDR_ENCODING UNITY_NO_DXT5nm UNITY_FRAMEBUFFER_FETCH_AVAILABLE UNITY_METAL_SHADOWS_USE_POINT_FILTERING UNITY_NO_SCREENSPACE_SHADOWS UNITY_PBS_USE_BRDF2 UNITY_PBS_USE_BRDF3 UNITY_HARDWARE_TIER1 UNITY_HARDWARE_TIER2 UNITY_HARDWARE_TIER3 UNITY_COLORSPACE_GAMMA UNITY_LIGHTMAP_DLDR_ENCODING UNITY_LIGHTMAP_RGBM_ENCODING UNITY_VIRTUAL_TEXTURING UNITY_PRETRANSFORM_TO_DISPLAY_ORIENTATION UNITY_ASTC_NORMALMAP_ENCODING SHADER_API_GLES30 SHADER_API_GLES31 SHADER_API_GLES32 UNITY_UNIFIED_SHADER_PRECISION_MODEL flags=0 lang=3 type=Vertex platform=gles3 reqs=33 mask=6 start=366 toolchain=1
RunExternalCompiler: begin name=HLSLcc
RunExternalCompiler: begin name=FXC
RunExternalCompiler: end
RunExternalCompiler: begin name=FXC
RunExternalCompiler: end
RunExternalCompiler: end
compileSnippet complete
 ok=1 outsize=11699

Cmd: compileSnippet
  insize=18093 file=Packages/com.unity.render-pipelines.universal/Shaders/PostProcessing/UberPost.shader name=Hidden/Universal Render Pipeline/UberPost pass=UberPost ppOnly=0 stripLineD=0 buildPlatform=20 rsLen=0 pKW=UNITY_ENABLE_REFLECTION_BUFFERS UNITY_USE_DITHER_MASK_FOR_ALPHABLENDED_SHADOWS UNITY_PBS_USE_BRDF1 UNITY_SPECCUBE_BOX_PROJECTION UNITY_SPECCUBE_BLENDING UNITY_ENABLE_DETAIL_NORMALMAP SHADER_API_DESKTOP UNITY_LIGHT_PROBE_PROXY_VOLUME UNITY_LIGHTMAP_FULL_HDR UNITY_PLATFORM_SUPPORTS_DEPTH_FETCH uKW=_BLOOM_HQ _FILM_GRAIN _DITHERING _GAMMA_20 dKW=DEBUG_DISPLAY SCREEN_COORD_OVERRIDE _POINT_SAMPLING _DISTORTION _CHROMATIC_ABERRATION _BLOOM_LQ _BLOOM_LQ_DIRT _BLOOM_HQ_DIRT _HDR_GRADING _TONEMAP_ACES _TONEMAP_NEUTRAL _LINEAR_TO_SRGB_CONVERSION _USE_FAST_SRGB_LINEAR_CONVERSION _ENABLE_ALPHA_OUTPUT HDR_INPUT HDR_ENCODING UNITY_NO_DXT5nm UNITY_FRAMEBUFFER_FETCH_AVAILABLE UNITY_METAL_SHADOWS_USE_POINT_FILTERING UNITY_NO_SCREENSPACE_SHADOWS UNITY_PBS_USE_BRDF2 UNITY_PBS_USE_BRDF3 UNITY_HARDWARE_TIER1 UNITY_HARDWARE_TIER2 UNITY_HARDWARE_TIER3 UNITY_COLORSPACE_GAMMA UNITY_LIGHTMAP_DLDR_ENCODING UNITY_LIGHTMAP_RGBM_ENCODING UNITY_VIRTUAL_TEXTURING UNITY_PRETRANSFORM_TO_DISPLAY_ORIENTATION UNITY_ASTC_NORMALMAP_ENCODING SHADER_API_GLES30 SHADER_API_GLES31 SHADER_API_GLES32 UNITY_UNIFIED_SHADER_PRECISION_MODEL flags=0 lang=3 type=Vertex platform=gles3 reqs=33 mask=6 start=366 toolchain=1
RunExternalCompiler: begin name=HLSLcc
RunExternalCompiler: begin name=FXC
RunExternalCompiler: end
RunExternalCompiler: begin name=FXC
RunExternalCompiler: end
RunExternalCompiler: end
compileSnippet complete
 ok=1 outsize=11731

Cmd: compileSnippet
  insize=18093 file=Packages/com.unity.render-pipelines.universal/Shaders/PostProcessing/UberPost.shader name=Hidden/Universal Render Pipeline/UberPost pass=UberPost ppOnly=0 stripLineD=0 buildPlatform=20 rsLen=0 pKW=UNITY_ENABLE_REFLECTION_BUFFERS UNITY_USE_DITHER_MASK_FOR_ALPHABLENDED_SHADOWS UNITY_PBS_USE_BRDF1 UNITY_SPECCUBE_BOX_PROJECTION UNITY_SPECCUBE_BLENDING UNITY_ENABLE_DETAIL_NORMALMAP SHADER_API_DESKTOP UNITY_LIGHT_PROBE_PROXY_VOLUME UNITY_LIGHTMAP_FULL_HDR UNITY_PLATFORM_SUPPORTS_DEPTH_FETCH uKW=_BLOOM_HQ _FILM_GRAIN _DITHERING _LINEAR_TO_SRGB_CONVERSION dKW=DEBUG_DISPLAY SCREEN_COORD_OVERRIDE _POINT_SAMPLING _DISTORTION _CHROMATIC_ABERRATION _BLOOM_LQ _BLOOM_LQ_DIRT _BLOOM_HQ_DIRT _HDR_GRADING _TONEMAP_ACES _TONEMAP_NEUTRAL _GAMMA_20 _USE_FAST_SRGB_LINEAR_CONVERSION _ENABLE_ALPHA_OUTPUT HDR_INPUT HDR_ENCODING UNITY_NO_DXT5nm UNITY_FRAMEBUFFER_FETCH_AVAILABLE UNITY_METAL_SHADOWS_USE_POINT_FILTERING UNITY_NO_SCREENSPACE_SHADOWS UNITY_PBS_USE_BRDF2 UNITY_PBS_USE_BRDF3 UNITY_HARDWARE_TIER1 UNITY_HARDWARE_TIER2 UNITY_HARDWARE_TIER3 UNITY_COLORSPACE_GAMMA UNITY_LIGHTMAP_DLDR_ENCODING UNITY_LIGHTMAP_RGBM_ENCODING UNITY_VIRTUAL_TEXTURING UNITY_PRETRANSFORM_TO_DISPLAY_ORIENTATION UNITY_ASTC_NORMALMAP_ENCODING SHADER_API_GLES30 SHADER_API_GLES31 SHADER_API_GLES32 UNITY_UNIFIED_SHADER_PRECISION_MODEL flags=0 lang=3 type=Vertex platform=gles3 reqs=33 mask=6 start=366 toolchain=1
RunExternalCompiler: begin name=HLSLcc
RunExternalCompiler: begin name=FXC
RunExternalCompiler: end
RunExternalCompiler: begin name=FXC
RunExternalCompiler: end
RunExternalCompiler: end
compileSnippet complete
 ok=1 outsize=12451

Cmd: compileSnippet
  insize=18093 file=Packages/com.unity.render-pipelines.universal/Shaders/PostProcessing/UberPost.shader name=Hidden/Universal Render Pipeline/UberPost pass=UberPost ppOnly=0 stripLineD=0 buildPlatform=20 rsLen=0 pKW=UNITY_ENABLE_REFLECTION_BUFFERS UNITY_USE_DITHER_MASK_FOR_ALPHABLENDED_SHADOWS UNITY_PBS_USE_BRDF1 UNITY_SPECCUBE_BOX_PROJECTION UNITY_SPECCUBE_BLENDING UNITY_ENABLE_DETAIL_NORMALMAP SHADER_API_DESKTOP UNITY_LIGHT_PROBE_PROXY_VOLUME UNITY_LIGHTMAP_FULL_HDR UNITY_PLATFORM_SUPPORTS_DEPTH_FETCH uKW=_DISTORTION _CHROMATIC_ABERRATION _BLOOM_HQ_DIRT _FILM_GRAIN _DITHERING _LINEAR_TO_SRGB_CONVERSION dKW=DEBUG_DISPLAY SCREEN_COORD_OVERRIDE _POINT_SAMPLING _BLOOM_LQ _BLOOM_HQ _BLOOM_LQ_DIRT _HDR_GRADING _TONEMAP_ACES _TONEMAP_NEUTRAL _GAMMA_20 _USE_FAST_SRGB_LINEAR_CONVERSION _ENABLE_ALPHA_OUTPUT HDR_INPUT HDR_ENCODING UNITY_NO_DXT5nm UNITY_FRAMEBUFFER_FETCH_AVAILABLE UNITY_METAL_SHADOWS_USE_POINT_FILTERING UNITY_NO_SCREENSPACE_SHADOWS UNITY_PBS_USE_BRDF2 UNITY_PBS_USE_BRDF3 UNITY_HARDWARE_TIER1 UNITY_HARDWARE_TIER2 UNITY_HARDWARE_TIER3 UNITY_COLORSPACE_GAMMA UNITY_LIGHTMAP_DLDR_ENCODING UNITY_LIGHTMAP_RGBM_ENCODING UNITY_VIRTUAL_TEXTURING UNITY_PRETRANSFORM_TO_DISPLAY_ORIENTATION UNITY_ASTC_NORMALMAP_ENCODING SHADER_API_GLES30 SHADER_API_GLES31 SHADER_API_GLES32 UNITY_UNIFIED_SHADER_PRECISION_MODEL flags=0 lang=3 type=Vertex platform=gles3 reqs=33 mask=6 start=366 toolchain=1
RunExternalCompiler: begin name=HLSLcc
RunExternalCompiler: begin name=FXC
RunExternalCompiler: end
RunExternalCompiler: begin name=FXC
RunExternalCompiler: end
RunExternalCompiler: end
compileSnippet complete
 ok=1 outsize=17054

Cmd: compileSnippet
  insize=18093 file=Packages/com.unity.render-pipelines.universal/Shaders/PostProcessing/UberPost.shader name=Hidden/Universal Render Pipeline/UberPost pass=UberPost ppOnly=0 stripLineD=0 buildPlatform=20 rsLen=0 pKW=UNITY_ENABLE_REFLECTION_BUFFERS UNITY_USE_DITHER_MASK_FOR_ALPHABLENDED_SHADOWS UNITY_PBS_USE_BRDF1 UNITY_SPECCUBE_BOX_PROJECTION UNITY_SPECCUBE_BLENDING UNITY_ENABLE_DETAIL_NORMALMAP SHADER_API_DESKTOP UNITY_LIGHT_PROBE_PROXY_VOLUME UNITY_LIGHTMAP_FULL_HDR UNITY_PLATFORM_SUPPORTS_DEPTH_FETCH uKW=_DISTORTION _CHROMATIC_ABERRATION _BLOOM_HQ_DIRT _FILM_GRAIN _DITHERING _GAMMA_20 dKW=DEBUG_DISPLAY SCREEN_COORD_OVERRIDE _POINT_SAMPLING _BLOOM_LQ _BLOOM_HQ _BLOOM_LQ_DIRT _HDR_GRADING _TONEMAP_ACES _TONEMAP_NEUTRAL _LINEAR_TO_SRGB_CONVERSION _USE_FAST_SRGB_LINEAR_CONVERSION _ENABLE_ALPHA_OUTPUT HDR_INPUT HDR_ENCODING UNITY_NO_DXT5nm UNITY_FRAMEBUFFER_FETCH_AVAILABLE UNITY_METAL_SHADOWS_USE_POINT_FILTERING UNITY_NO_SCREENSPACE_SHADOWS UNITY_PBS_USE_BRDF2 UNITY_PBS_USE_BRDF3 UNITY_HARDWARE_TIER1 UNITY_HARDWARE_TIER2 UNITY_HARDWARE_TIER3 UNITY_COLORSPACE_GAMMA UNITY_LIGHTMAP_DLDR_ENCODING UNITY_LIGHTMAP_RGBM_ENCODING UNITY_VIRTUAL_TEXTURING UNITY_PRETRANSFORM_TO_DISPLAY_ORIENTATION UNITY_ASTC_NORMALMAP_ENCODING SHADER_API_GLES30 SHADER_API_GLES31 SHADER_API_GLES32 UNITY_UNIFIED_SHADER_PRECISION_MODEL flags=0 lang=3 type=Vertex platform=gles3 reqs=33 mask=6 start=366 toolchain=1
RunExternalCompiler: begin name=HLSLcc
RunExternalCompiler: begin name=FXC
RunExternalCompiler: end
RunExternalCompiler: begin name=FXC
RunExternalCompiler: end
RunExternalCompiler: end
compileSnippet complete
 ok=1 outsize=16334

Cmd: compileSnippet
  insize=18093 file=Packages/com.unity.render-pipelines.universal/Shaders/PostProcessing/UberPost.shader name=Hidden/Universal Render Pipeline/UberPost pass=UberPost ppOnly=0 stripLineD=0 buildPlatform=20 rsLen=0 pKW=UNITY_ENABLE_REFLECTION_BUFFERS UNITY_USE_DITHER_MASK_FOR_ALPHABLENDED_SHADOWS UNITY_PBS_USE_BRDF1 UNITY_SPECCUBE_BOX_PROJECTION UNITY_SPECCUBE_BLENDING UNITY_ENABLE_DETAIL_NORMALMAP SHADER_API_DESKTOP UNITY_LIGHT_PROBE_PROXY_VOLUME UNITY_LIGHTMAP_FULL_HDR UNITY_PLATFORM_SUPPORTS_DEPTH_FETCH uKW=_DISTORTION _CHROMATIC_ABERRATION _BLOOM_HQ_DIRT _FILM_GRAIN _DITHERING dKW=DEBUG_DISPLAY SCREEN_COORD_OVERRIDE _POINT_SAMPLING _BLOOM_LQ _BLOOM_HQ _BLOOM_LQ_DIRT _HDR_GRADING _TONEMAP_ACES _TONEMAP_NEUTRAL _GAMMA_20 _LINEAR_TO_SRGB_CONVERSION _USE_FAST_SRGB_LINEAR_CONVERSION _ENABLE_ALPHA_OUTPUT HDR_INPUT HDR_ENCODING UNITY_NO_DXT5nm UNITY_FRAMEBUFFER_FETCH_AVAILABLE UNITY_METAL_SHADOWS_USE_POINT_FILTERING UNITY_NO_SCREENSPACE_SHADOWS UNITY_PBS_USE_BRDF2 UNITY_PBS_USE_BRDF3 UNITY_HARDWARE_TIER1 UNITY_HARDWARE_TIER2 UNITY_HARDWARE_TIER3 UNITY_COLORSPACE_GAMMA UNITY_LIGHTMAP_DLDR_ENCODING UNITY_LIGHTMAP_RGBM_ENCODING UNITY_VIRTUAL_TEXTURING UNITY_PRETRANSFORM_TO_DISPLAY_ORIENTATION UNITY_ASTC_NORMALMAP_ENCODING SHADER_API_GLES30 SHADER_API_GLES31 SHADER_API_GLES32 UNITY_UNIFIED_SHADER_PRECISION_MODEL flags=0 lang=3 type=Vertex platform=gles3 reqs=33 mask=6 start=366 toolchain=1
RunExternalCompiler: begin name=HLSLcc
RunExternalCompiler: begin name=FXC
RunExternalCompiler: end
RunExternalCompiler: begin name=FXC
RunExternalCompiler: end
RunExternalCompiler: end
compileSnippet complete
 ok=1 outsize=16302

Cmd: compileSnippet
  insize=18093 file=Packages/com.unity.render-pipelines.universal/Shaders/PostProcessing/UberPost.shader name=Hidden/Universal Render Pipeline/UberPost pass=UberPost ppOnly=0 stripLineD=0 buildPlatform=20 rsLen=0 pKW=UNITY_ENABLE_REFLECTION_BUFFERS UNITY_USE_DITHER_MASK_FOR_ALPHABLENDED_SHADOWS UNITY_PBS_USE_BRDF1 UNITY_SPECCUBE_BOX_PROJECTION UNITY_SPECCUBE_BLENDING UNITY_ENABLE_DETAIL_NORMALMAP SHADER_API_DESKTOP UNITY_LIGHT_PROBE_PROXY_VOLUME UNITY_LIGHTMAP_FULL_HDR UNITY_PLATFORM_SUPPORTS_DEPTH_FETCH uKW=_DISTORTION _CHROMATIC_ABERRATION _BLOOM_HQ_DIRT _FILM_GRAIN _LINEAR_TO_SRGB_CONVERSION dKW=DEBUG_DISPLAY SCREEN_COORD_OVERRIDE _POINT_SAMPLING _BLOOM_LQ _BLOOM_HQ _BLOOM_LQ_DIRT _HDR_GRADING _TONEMAP_ACES _TONEMAP_NEUTRAL _DITHERING _GAMMA_20 _USE_FAST_SRGB_LINEAR_CONVERSION _ENABLE_ALPHA_OUTPUT HDR_INPUT HDR_ENCODING UNITY_NO_DXT5nm UNITY_FRAMEBUFFER_FETCH_AVAILABLE UNITY_METAL_SHADOWS_USE_POINT_FILTERING UNITY_NO_SCREENSPACE_SHADOWS UNITY_PBS_USE_BRDF2 UNITY_PBS_USE_BRDF3 UNITY_HARDWARE_TIER1 UNITY_HARDWARE_TIER2 UNITY_HARDWARE_TIER3 UNITY_COLORSPACE_GAMMA UNITY_LIGHTMAP_DLDR_ENCODING UNITY_LIGHTMAP_RGBM_ENCODING UNITY_VIRTUAL_TEXTURING UNITY_PRETRANSFORM_TO_DISPLAY_ORIENTATION UNITY_ASTC_NORMALMAP_ENCODING SHADER_API_GLES30 SHADER_API_GLES31 SHADER_API_GLES32 UNITY_UNIFIED_SHADER_PRECISION_MODEL flags=0 lang=3 type=Vertex platform=gles3 reqs=33 mask=6 start=366 toolchain=1
RunExternalCompiler: begin name=HLSLcc
RunExternalCompiler: begin name=FXC
RunExternalCompiler: end
RunExternalCompiler: begin name=FXC
RunExternalCompiler: end
RunExternalCompiler: end
compileSnippet complete
 ok=1 outsize=14850

Cmd: compileSnippet
  insize=18093 file=Packages/com.unity.render-pipelines.universal/Shaders/PostProcessing/UberPost.shader name=Hidden/Universal Render Pipeline/UberPost pass=UberPost ppOnly=0 stripLineD=0 buildPlatform=20 rsLen=0 pKW=UNITY_ENABLE_REFLECTION_BUFFERS UNITY_USE_DITHER_MASK_FOR_ALPHABLENDED_SHADOWS UNITY_PBS_USE_BRDF1 UNITY_SPECCUBE_BOX_PROJECTION UNITY_SPECCUBE_BLENDING UNITY_ENABLE_DETAIL_NORMALMAP SHADER_API_DESKTOP UNITY_LIGHT_PROBE_PROXY_VOLUME UNITY_LIGHTMAP_FULL_HDR UNITY_PLATFORM_SUPPORTS_DEPTH_FETCH uKW=_DISTORTION _CHROMATIC_ABERRATION _BLOOM_HQ_DIRT _FILM_GRAIN _GAMMA_20 dKW=DEBUG_DISPLAY SCREEN_COORD_OVERRIDE _POINT_SAMPLING _BLOOM_LQ _BLOOM_HQ _BLOOM_LQ_DIRT _HDR_GRADING _TONEMAP_ACES _TONEMAP_NEUTRAL _DITHERING _LINEAR_TO_SRGB_CONVERSION _USE_FAST_SRGB_LINEAR_CONVERSION _ENABLE_ALPHA_OUTPUT HDR_INPUT HDR_ENCODING UNITY_NO_DXT5nm UNITY_FRAMEBUFFER_FETCH_AVAILABLE UNITY_METAL_SHADOWS_USE_POINT_FILTERING UNITY_NO_SCREENSPACE_SHADOWS UNITY_PBS_USE_BRDF2 UNITY_PBS_USE_BRDF3 UNITY_HARDWARE_TIER1 UNITY_HARDWARE_TIER2 UNITY_HARDWARE_TIER3 UNITY_COLORSPACE_GAMMA UNITY_LIGHTMAP_DLDR_ENCODING UNITY_LIGHTMAP_RGBM_ENCODING UNITY_VIRTUAL_TEXTURING UNITY_PRETRANSFORM_TO_DISPLAY_ORIENTATION UNITY_ASTC_NORMALMAP_ENCODING SHADER_API_GLES30 SHADER_API_GLES31 SHADER_API_GLES32 UNITY_UNIFIED_SHADER_PRECISION_MODEL flags=0 lang=3 type=Vertex platform=gles3 reqs=33 mask=6 start=366 toolchain=1
RunExternalCompiler: begin name=HLSLcc
RunExternalCompiler: begin name=FXC
RunExternalCompiler: end
RunExternalCompiler: begin name=FXC
RunExternalCompiler: end
RunExternalCompiler: end
compileSnippet complete
 ok=1 outsize=14252

Cmd: compileSnippet
  insize=18093 file=Packages/com.unity.render-pipelines.universal/Shaders/PostProcessing/UberPost.shader name=Hidden/Universal Render Pipeline/UberPost pass=UberPost ppOnly=0 stripLineD=0 buildPlatform=20 rsLen=0 pKW=UNITY_ENABLE_REFLECTION_BUFFERS UNITY_USE_DITHER_MASK_FOR_ALPHABLENDED_SHADOWS UNITY_PBS_USE_BRDF1 UNITY_SPECCUBE_BOX_PROJECTION UNITY_SPECCUBE_BLENDING UNITY_ENABLE_DETAIL_NORMALMAP SHADER_API_DESKTOP UNITY_LIGHT_PROBE_PROXY_VOLUME UNITY_LIGHTMAP_FULL_HDR UNITY_PLATFORM_SUPPORTS_DEPTH_FETCH uKW=_DISTORTION _CHROMATIC_ABERRATION _BLOOM_HQ_DIRT _FILM_GRAIN dKW=DEBUG_DISPLAY SCREEN_COORD_OVERRIDE _POINT_SAMPLING _BLOOM_LQ _BLOOM_HQ _BLOOM_LQ_DIRT _HDR_GRADING _TONEMAP_ACES _TONEMAP_NEUTRAL _DITHERING _GAMMA_20 _LINEAR_TO_SRGB_CONVERSION _USE_FAST_SRGB_LINEAR_CONVERSION _ENABLE_ALPHA_OUTPUT HDR_INPUT HDR_ENCODING UNITY_NO_DXT5nm UNITY_FRAMEBUFFER_FETCH_AVAILABLE UNITY_METAL_SHADOWS_USE_POINT_FILTERING UNITY_NO_SCREENSPACE_SHADOWS UNITY_PBS_USE_BRDF2 UNITY_PBS_USE_BRDF3 UNITY_HARDWARE_TIER1 UNITY_HARDWARE_TIER2 UNITY_HARDWARE_TIER3 UNITY_COLORSPACE_GAMMA UNITY_LIGHTMAP_DLDR_ENCODING UNITY_LIGHTMAP_RGBM_ENCODING UNITY_VIRTUAL_TEXTURING UNITY_PRETRANSFORM_TO_DISPLAY_ORIENTATION UNITY_ASTC_NORMALMAP_ENCODING SHADER_API_GLES30 SHADER_API_GLES31 SHADER_API_GLES32 UNITY_UNIFIED_SHADER_PRECISION_MODEL flags=0 lang=3 type=Vertex platform=gles3 reqs=33 mask=6 start=366 toolchain=1
RunExternalCompiler: begin name=HLSLcc
RunExternalCompiler: begin name=FXC
RunExternalCompiler: end
RunExternalCompiler: begin name=FXC
RunExternalCompiler: end
RunExternalCompiler: end
compileSnippet complete
 ok=1 outsize=14215

Cmd: compileSnippet
  insize=18093 file=Packages/com.unity.render-pipelines.universal/Shaders/PostProcessing/UberPost.shader name=Hidden/Universal Render Pipeline/UberPost pass=UberPost ppOnly=0 stripLineD=0 buildPlatform=20 rsLen=0 pKW=UNITY_ENABLE_REFLECTION_BUFFERS UNITY_USE_DITHER_MASK_FOR_ALPHABLENDED_SHADOWS UNITY_PBS_USE_BRDF1 UNITY_SPECCUBE_BOX_PROJECTION UNITY_SPECCUBE_BLENDING UNITY_ENABLE_DETAIL_NORMALMAP SHADER_API_DESKTOP UNITY_LIGHT_PROBE_PROXY_VOLUME UNITY_LIGHTMAP_FULL_HDR UNITY_PLATFORM_SUPPORTS_DEPTH_FETCH uKW=_DISTORTION _CHROMATIC_ABERRATION _BLOOM_HQ_DIRT _DITHERING _LINEAR_TO_SRGB_CONVERSION dKW=DEBUG_DISPLAY SCREEN_COORD_OVERRIDE _POINT_SAMPLING _BLOOM_LQ _BLOOM_HQ _BLOOM_LQ_DIRT _HDR_GRADING _TONEMAP_ACES _TONEMAP_NEUTRAL _FILM_GRAIN _GAMMA_20 _USE_FAST_SRGB_LINEAR_CONVERSION _ENABLE_ALPHA_OUTPUT HDR_INPUT HDR_ENCODING UNITY_NO_DXT5nm UNITY_FRAMEBUFFER_FETCH_AVAILABLE UNITY_METAL_SHADOWS_USE_POINT_FILTERING UNITY_NO_SCREENSPACE_SHADOWS UNITY_PBS_USE_BRDF2 UNITY_PBS_USE_BRDF3 UNITY_HARDWARE_TIER1 UNITY_HARDWARE_TIER2 UNITY_HARDWARE_TIER3 UNITY_COLORSPACE_GAMMA UNITY_LIGHTMAP_DLDR_ENCODING UNITY_LIGHTMAP_RGBM_ENCODING UNITY_VIRTUAL_TEXTURING UNITY_PRETRANSFORM_TO_DISPLAY_ORIENTATION UNITY_ASTC_NORMALMAP_ENCODING SHADER_API_GLES30 SHADER_API_GLES31 SHADER_API_GLES32 UNITY_UNIFIED_SHADER_PRECISION_MODEL flags=0 lang=3 type=Vertex platform=gles3 reqs=33 mask=6 start=366 toolchain=1
RunExternalCompiler: begin name=HLSLcc
RunExternalCompiler: begin name=FXC
RunExternalCompiler: end
RunExternalCompiler: begin name=FXC
RunExternalCompiler: end
RunExternalCompiler: end
compileSnippet complete
 ok=1 outsize=16367

Cmd: compileSnippet
  insize=18093 file=Packages/com.unity.render-pipelines.universal/Shaders/PostProcessing/UberPost.shader name=Hidden/Universal Render Pipeline/UberPost pass=UberPost ppOnly=0 stripLineD=0 buildPlatform=20 rsLen=0 pKW=UNITY_ENABLE_REFLECTION_BUFFERS UNITY_USE_DITHER_MASK_FOR_ALPHABLENDED_SHADOWS UNITY_PBS_USE_BRDF1 UNITY_SPECCUBE_BOX_PROJECTION UNITY_SPECCUBE_BLENDING UNITY_ENABLE_DETAIL_NORMALMAP SHADER_API_DESKTOP UNITY_LIGHT_PROBE_PROXY_VOLUME UNITY_LIGHTMAP_FULL_HDR UNITY_PLATFORM_SUPPORTS_DEPTH_FETCH uKW=_DISTORTION _CHROMATIC_ABERRATION _BLOOM_HQ_DIRT _DITHERING _GAMMA_20 dKW=DEBUG_DISPLAY SCREEN_COORD_OVERRIDE _POINT_SAMPLING _BLOOM_LQ _BLOOM_HQ _BLOOM_LQ_DIRT _HDR_GRADING _TONEMAP_ACES _TONEMAP_NEUTRAL _FILM_GRAIN _LINEAR_TO_SRGB_CONVERSION _USE_FAST_SRGB_LINEAR_CONVERSION _ENABLE_ALPHA_OUTPUT HDR_INPUT HDR_ENCODING UNITY_NO_DXT5nm UNITY_FRAMEBUFFER_FETCH_AVAILABLE UNITY_METAL_SHADOWS_USE_POINT_FILTERING UNITY_NO_SCREENSPACE_SHADOWS UNITY_PBS_USE_BRDF2 UNITY_PBS_USE_BRDF3 UNITY_HARDWARE_TIER1 UNITY_HARDWARE_TIER2 UNITY_HARDWARE_TIER3 UNITY_COLORSPACE_GAMMA UNITY_LIGHTMAP_DLDR_ENCODING UNITY_LIGHTMAP_RGBM_ENCODING UNITY_VIRTUAL_TEXTURING UNITY_PRETRANSFORM_TO_DISPLAY_ORIENTATION UNITY_ASTC_NORMALMAP_ENCODING SHADER_API_GLES30 SHADER_API_GLES31 SHADER_API_GLES32 UNITY_UNIFIED_SHADER_PRECISION_MODEL flags=0 lang=3 type=Vertex platform=gles3 reqs=33 mask=6 start=366 toolchain=1
RunExternalCompiler: begin name=HLSLcc
RunExternalCompiler: begin name=FXC
RunExternalCompiler: end
RunExternalCompiler: begin name=FXC
RunExternalCompiler: end
RunExternalCompiler: end
compileSnippet complete
 ok=1 outsize=15647

Cmd: compileSnippet
  insize=18093 file=Packages/com.unity.render-pipelines.universal/Shaders/PostProcessing/UberPost.shader name=Hidden/Universal Render Pipeline/UberPost pass=UberPost ppOnly=0 stripLineD=0 buildPlatform=20 rsLen=0 pKW=UNITY_ENABLE_REFLECTION_BUFFERS UNITY_USE_DITHER_MASK_FOR_ALPHABLENDED_SHADOWS UNITY_PBS_USE_BRDF1 UNITY_SPECCUBE_BOX_PROJECTION UNITY_SPECCUBE_BLENDING UNITY_ENABLE_DETAIL_NORMALMAP SHADER_API_DESKTOP UNITY_LIGHT_PROBE_PROXY_VOLUME UNITY_LIGHTMAP_FULL_HDR UNITY_PLATFORM_SUPPORTS_DEPTH_FETCH uKW=_DISTORTION _CHROMATIC_ABERRATION _BLOOM_HQ_DIRT _DITHERING dKW=DEBUG_DISPLAY SCREEN_COORD_OVERRIDE _POINT_SAMPLING _BLOOM_LQ _BLOOM_HQ _BLOOM_LQ_DIRT _HDR_GRADING _TONEMAP_ACES _TONEMAP_NEUTRAL _FILM_GRAIN _GAMMA_20 _LINEAR_TO_SRGB_CONVERSION _USE_FAST_SRGB_LINEAR_CONVERSION _ENABLE_ALPHA_OUTPUT HDR_INPUT HDR_ENCODING UNITY_NO_DXT5nm UNITY_FRAMEBUFFER_FETCH_AVAILABLE UNITY_METAL_SHADOWS_USE_POINT_FILTERING UNITY_NO_SCREENSPACE_SHADOWS UNITY_PBS_USE_BRDF2 UNITY_PBS_USE_BRDF3 UNITY_HARDWARE_TIER1 UNITY_HARDWARE_TIER2 UNITY_HARDWARE_TIER3 UNITY_COLORSPACE_GAMMA UNITY_LIGHTMAP_DLDR_ENCODING UNITY_LIGHTMAP_RGBM_ENCODING UNITY_VIRTUAL_TEXTURING UNITY_PRETRANSFORM_TO_DISPLAY_ORIENTATION UNITY_ASTC_NORMALMAP_ENCODING SHADER_API_GLES30 SHADER_API_GLES31 SHADER_API_GLES32 UNITY_UNIFIED_SHADER_PRECISION_MODEL flags=0 lang=3 type=Vertex platform=gles3 reqs=33 mask=6 start=366 toolchain=1
RunExternalCompiler: begin name=HLSLcc
RunExternalCompiler: begin name=FXC
RunExternalCompiler: end
RunExternalCompiler: begin name=FXC
RunExternalCompiler: end
RunExternalCompiler: end
compileSnippet complete
 ok=1 outsize=15615

Cmd: compileSnippet
  insize=18093 file=Packages/com.unity.render-pipelines.universal/Shaders/PostProcessing/UberPost.shader name=Hidden/Universal Render Pipeline/UberPost pass=UberPost ppOnly=0 stripLineD=0 buildPlatform=20 rsLen=0 pKW=UNITY_ENABLE_REFLECTION_BUFFERS UNITY_USE_DITHER_MASK_FOR_ALPHABLENDED_SHADOWS UNITY_PBS_USE_BRDF1 UNITY_SPECCUBE_BOX_PROJECTION UNITY_SPECCUBE_BLENDING UNITY_ENABLE_DETAIL_NORMALMAP SHADER_API_DESKTOP UNITY_LIGHT_PROBE_PROXY_VOLUME UNITY_LIGHTMAP_FULL_HDR UNITY_PLATFORM_SUPPORTS_DEPTH_FETCH uKW=_DISTORTION _CHROMATIC_ABERRATION _BLOOM_HQ_DIRT _LINEAR_TO_SRGB_CONVERSION dKW=DEBUG_DISPLAY SCREEN_COORD_OVERRIDE _POINT_SAMPLING _BLOOM_LQ _BLOOM_HQ _BLOOM_LQ_DIRT _HDR_GRADING _TONEMAP_ACES _TONEMAP_NEUTRAL _FILM_GRAIN _DITHERING _GAMMA_20 _USE_FAST_SRGB_LINEAR_CONVERSION _ENABLE_ALPHA_OUTPUT HDR_INPUT HDR_ENCODING UNITY_NO_DXT5nm UNITY_FRAMEBUFFER_FETCH_AVAILABLE UNITY_METAL_SHADOWS_USE_POINT_FILTERING UNITY_NO_SCREENSPACE_SHADOWS UNITY_PBS_USE_BRDF2 UNITY_PBS_USE_BRDF3 UNITY_HARDWARE_TIER1 UNITY_HARDWARE_TIER2 UNITY_HARDWARE_TIER3 UNITY_COLORSPACE_GAMMA UNITY_LIGHTMAP_DLDR_ENCODING UNITY_LIGHTMAP_RGBM_ENCODING UNITY_VIRTUAL_TEXTURING UNITY_PRETRANSFORM_TO_DISPLAY_ORIENTATION UNITY_ASTC_NORMALMAP_ENCODING SHADER_API_GLES30 SHADER_API_GLES31 SHADER_API_GLES32 UNITY_UNIFIED_SHADER_PRECISION_MODEL flags=0 lang=3 type=Vertex platform=gles3 reqs=33 mask=6 start=366 toolchain=1
RunExternalCompiler: begin name=HLSLcc
RunExternalCompiler: begin name=FXC
RunExternalCompiler: end
RunExternalCompiler: begin name=FXC
RunExternalCompiler: end
RunExternalCompiler: end
compileSnippet complete
 ok=1 outsize=14163

Cmd: compileSnippet
  insize=18093 file=Packages/com.unity.render-pipelines.universal/Shaders/PostProcessing/UberPost.shader name=Hidden/Universal Render Pipeline/UberPost pass=UberPost ppOnly=0 stripLineD=0 buildPlatform=20 rsLen=0 pKW=UNITY_ENABLE_REFLECTION_BUFFERS UNITY_USE_DITHER_MASK_FOR_ALPHABLENDED_SHADOWS UNITY_PBS_USE_BRDF1 UNITY_SPECCUBE_BOX_PROJECTION UNITY_SPECCUBE_BLENDING UNITY_ENABLE_DETAIL_NORMALMAP SHADER_API_DESKTOP UNITY_LIGHT_PROBE_PROXY_VOLUME UNITY_LIGHTMAP_FULL_HDR UNITY_PLATFORM_SUPPORTS_DEPTH_FETCH uKW=_DISTORTION _CHROMATIC_ABERRATION _BLOOM_HQ_DIRT _GAMMA_20 dKW=DEBUG_DISPLAY SCREEN_COORD_OVERRIDE _POINT_SAMPLING _BLOOM_LQ _BLOOM_HQ _BLOOM_LQ_DIRT _HDR_GRADING _TONEMAP_ACES _TONEMAP_NEUTRAL _FILM_GRAIN _DITHERING _LINEAR_TO_SRGB_CONVERSION _USE_FAST_SRGB_LINEAR_CONVERSION _ENABLE_ALPHA_OUTPUT HDR_INPUT HDR_ENCODING UNITY_NO_DXT5nm UNITY_FRAMEBUFFER_FETCH_AVAILABLE UNITY_METAL_SHADOWS_USE_POINT_FILTERING UNITY_NO_SCREENSPACE_SHADOWS UNITY_PBS_USE_BRDF2 UNITY_PBS_USE_BRDF3 UNITY_HARDWARE_TIER1 UNITY_HARDWARE_TIER2 UNITY_HARDWARE_TIER3 UNITY_COLORSPACE_GAMMA UNITY_LIGHTMAP_DLDR_ENCODING UNITY_LIGHTMAP_RGBM_ENCODING UNITY_VIRTUAL_TEXTURING UNITY_PRETRANSFORM_TO_DISPLAY_ORIENTATION UNITY_ASTC_NORMALMAP_ENCODING SHADER_API_GLES30 SHADER_API_GLES31 SHADER_API_GLES32 UNITY_UNIFIED_SHADER_PRECISION_MODEL flags=0 lang=3 type=Vertex platform=gles3 reqs=33 mask=6 start=366 toolchain=1
RunExternalCompiler: begin name=HLSLcc
RunExternalCompiler: begin name=FXC
RunExternalCompiler: end
RunExternalCompiler: begin name=FXC
RunExternalCompiler: end
RunExternalCompiler: end
compileSnippet complete
 ok=1 outsize=13565

Cmd: compileSnippet
  insize=18093 file=Packages/com.unity.render-pipelines.universal/Shaders/PostProcessing/UberPost.shader name=Hidden/Universal Render Pipeline/UberPost pass=UberPost ppOnly=0 stripLineD=0 buildPlatform=20 rsLen=0 pKW=UNITY_ENABLE_REFLECTION_BUFFERS UNITY_USE_DITHER_MASK_FOR_ALPHABLENDED_SHADOWS UNITY_PBS_USE_BRDF1 UNITY_SPECCUBE_BOX_PROJECTION UNITY_SPECCUBE_BLENDING UNITY_ENABLE_DETAIL_NORMALMAP SHADER_API_DESKTOP UNITY_LIGHT_PROBE_PROXY_VOLUME UNITY_LIGHTMAP_FULL_HDR UNITY_PLATFORM_SUPPORTS_DEPTH_FETCH uKW=_DISTORTION _CHROMATIC_ABERRATION _BLOOM_HQ_DIRT dKW=DEBUG_DISPLAY SCREEN_COORD_OVERRIDE _POINT_SAMPLING _BLOOM_LQ _BLOOM_HQ _BLOOM_LQ_DIRT _HDR_GRADING _TONEMAP_ACES _TONEMAP_NEUTRAL _FILM_GRAIN _DITHERING _GAMMA_20 _LINEAR_TO_SRGB_CONVERSION _USE_FAST_SRGB_LINEAR_CONVERSION _ENABLE_ALPHA_OUTPUT HDR_INPUT HDR_ENCODING UNITY_NO_DXT5nm UNITY_FRAMEBUFFER_FETCH_AVAILABLE UNITY_METAL_SHADOWS_USE_POINT_FILTERING UNITY_NO_SCREENSPACE_SHADOWS UNITY_PBS_USE_BRDF2 UNITY_PBS_USE_BRDF3 UNITY_HARDWARE_TIER1 UNITY_HARDWARE_TIER2 UNITY_HARDWARE_TIER3 UNITY_COLORSPACE_GAMMA UNITY_LIGHTMAP_DLDR_ENCODING UNITY_LIGHTMAP_RGBM_ENCODING UNITY_VIRTUAL_TEXTURING UNITY_PRETRANSFORM_TO_DISPLAY_ORIENTATION UNITY_ASTC_NORMALMAP_ENCODING SHADER_API_GLES30 SHADER_API_GLES31 SHADER_API_GLES32 UNITY_UNIFIED_SHADER_PRECISION_MODEL flags=0 lang=3 type=Vertex platform=gles3 reqs=33 mask=6 start=366 toolchain=1
RunExternalCompiler: begin name=HLSLcc
RunExternalCompiler: begin name=FXC
RunExternalCompiler: end
RunExternalCompiler: begin name=FXC
RunExternalCompiler: end
RunExternalCompiler: end
compileSnippet complete
 ok=1 outsize=13528

Cmd: compileSnippet
  insize=18093 file=Packages/com.unity.render-pipelines.universal/Shaders/PostProcessing/UberPost.shader name=Hidden/Universal Render Pipeline/UberPost pass=UberPost ppOnly=0 stripLineD=0 buildPlatform=20 rsLen=0 pKW=UNITY_ENABLE_REFLECTION_BUFFERS UNITY_USE_DITHER_MASK_FOR_ALPHABLENDED_SHADOWS UNITY_PBS_USE_BRDF1 UNITY_SPECCUBE_BOX_PROJECTION UNITY_SPECCUBE_BLENDING UNITY_ENABLE_DETAIL_NORMALMAP SHADER_API_DESKTOP UNITY_LIGHT_PROBE_PROXY_VOLUME UNITY_LIGHTMAP_FULL_HDR UNITY_PLATFORM_SUPPORTS_DEPTH_FETCH uKW=_BLOOM_HQ _TONEMAP_ACES dKW=DEBUG_DISPLAY SCREEN_COORD_OVERRIDE _POINT_SAMPLING _DISTORTION _CHROMATIC_ABERRATION _BLOOM_LQ _BLOOM_LQ_DIRT _BLOOM_HQ_DIRT _HDR_GRADING _TONEMAP_NEUTRAL _FILM_GRAIN _DITHERING _GAMMA_20 _LINEAR_TO_SRGB_CONVERSION _USE_FAST_SRGB_LINEAR_CONVERSION _ENABLE_ALPHA_OUTPUT HDR_INPUT HDR_ENCODING UNITY_NO_DXT5nm UNITY_FRAMEBUFFER_FETCH_AVAILABLE UNITY_METAL_SHADOWS_USE_POINT_FILTERING UNITY_NO_SCREENSPACE_SHADOWS UNITY_PBS_USE_BRDF2 UNITY_PBS_USE_BRDF3 UNITY_HARDWARE_TIER1 UNITY_HARDWARE_TIER2 UNITY_HARDWARE_TIER3 UNITY_COLORSPACE_GAMMA UNITY_LIGHTMAP_DLDR_ENCODING UNITY_LIGHTMAP_RGBM_ENCODING UNITY_VIRTUAL_TEXTURING UNITY_PRETRANSFORM_TO_DISPLAY_ORIENTATION UNITY_ASTC_NORMALMAP_ENCODING SHADER_API_GLES30 SHADER_API_GLES31 SHADER_API_GLES32 UNITY_UNIFIED_SHADER_PRECISION_MODEL flags=0 lang=3 type=Vertex platform=gles3 reqs=33 mask=6 start=366 toolchain=1
RunExternalCompiler: begin name=HLSLcc
RunExternalCompiler: begin name=FXC
RunExternalCompiler: end
RunExternalCompiler: begin name=FXC
RunExternalCompiler: end
RunExternalCompiler: end
compileSnippet complete
 ok=1 outsize=16053

Cmd: compileSnippet
  insize=18093 file=Packages/com.unity.render-pipelines.universal/Shaders/PostProcessing/UberPost.shader name=Hidden/Universal Render Pipeline/UberPost pass=UberPost ppOnly=0 stripLineD=0 buildPlatform=20 rsLen=0 pKW=UNITY_ENABLE_REFLECTION_BUFFERS UNITY_USE_DITHER_MASK_FOR_ALPHABLENDED_SHADOWS UNITY_PBS_USE_BRDF1 UNITY_SPECCUBE_BOX_PROJECTION UNITY_SPECCUBE_BLENDING UNITY_ENABLE_DETAIL_NORMALMAP SHADER_API_DESKTOP UNITY_LIGHT_PROBE_PROXY_VOLUME UNITY_LIGHTMAP_FULL_HDR UNITY_PLATFORM_SUPPORTS_DEPTH_FETCH uKW=_BLOOM_HQ _TONEMAP_ACES _GAMMA_20 dKW=DEBUG_DISPLAY SCREEN_COORD_OVERRIDE _POINT_SAMPLING _DISTORTION _CHROMATIC_ABERRATION _BLOOM_LQ _BLOOM_LQ_DIRT _BLOOM_HQ_DIRT _HDR_GRADING _TONEMAP_NEUTRAL _FILM_GRAIN _DITHERING _LINEAR_TO_SRGB_CONVERSION _USE_FAST_SRGB_LINEAR_CONVERSION _ENABLE_ALPHA_OUTPUT HDR_INPUT HDR_ENCODING UNITY_NO_DXT5nm UNITY_FRAMEBUFFER_FETCH_AVAILABLE UNITY_METAL_SHADOWS_USE_POINT_FILTERING UNITY_NO_SCREENSPACE_SHADOWS UNITY_PBS_USE_BRDF2 UNITY_PBS_USE_BRDF3 UNITY_HARDWARE_TIER1 UNITY_HARDWARE_TIER2 UNITY_HARDWARE_TIER3 UNITY_COLORSPACE_GAMMA UNITY_LIGHTMAP_DLDR_ENCODING UNITY_LIGHTMAP_RGBM_ENCODING UNITY_VIRTUAL_TEXTURING UNITY_PRETRANSFORM_TO_DISPLAY_ORIENTATION UNITY_ASTC_NORMALMAP_ENCODING SHADER_API_GLES30 SHADER_API_GLES31 SHADER_API_GLES32 UNITY_UNIFIED_SHADER_PRECISION_MODEL flags=0 lang=3 type=Vertex platform=gles3 reqs=33 mask=6 start=366 toolchain=1
RunExternalCompiler: begin name=HLSLcc
RunExternalCompiler: begin name=FXC
RunExternalCompiler: end
RunExternalCompiler: begin name=FXC
RunExternalCompiler: end
RunExternalCompiler: end
compileSnippet complete
 ok=1 outsize=16090

Cmd: compileSnippet
  insize=18093 file=Packages/com.unity.render-pipelines.universal/Shaders/PostProcessing/UberPost.shader name=Hidden/Universal Render Pipeline/UberPost pass=UberPost ppOnly=0 stripLineD=0 buildPlatform=20 rsLen=0 pKW=UNITY_ENABLE_REFLECTION_BUFFERS UNITY_USE_DITHER_MASK_FOR_ALPHABLENDED_SHADOWS UNITY_PBS_USE_BRDF1 UNITY_SPECCUBE_BOX_PROJECTION UNITY_SPECCUBE_BLENDING UNITY_ENABLE_DETAIL_NORMALMAP SHADER_API_DESKTOP UNITY_LIGHT_PROBE_PROXY_VOLUME UNITY_LIGHTMAP_FULL_HDR UNITY_PLATFORM_SUPPORTS_DEPTH_FETCH uKW=_BLOOM_HQ _TONEMAP_ACES _LINEAR_TO_SRGB_CONVERSION dKW=DEBUG_DISPLAY SCREEN_COORD_OVERRIDE _POINT_SAMPLING _DISTORTION _CHROMATIC_ABERRATION _BLOOM_LQ _BLOOM_LQ_DIRT _BLOOM_HQ_DIRT _HDR_GRADING _TONEMAP_NEUTRAL _FILM_GRAIN _DITHERING _GAMMA_20 _USE_FAST_SRGB_LINEAR_CONVERSION _ENABLE_ALPHA_OUTPUT HDR_INPUT HDR_ENCODING UNITY_NO_DXT5nm UNITY_FRAMEBUFFER_FETCH_AVAILABLE UNITY_METAL_SHADOWS_USE_POINT_FILTERING UNITY_NO_SCREENSPACE_SHADOWS UNITY_PBS_USE_BRDF2 UNITY_PBS_USE_BRDF3 UNITY_HARDWARE_TIER1 UNITY_HARDWARE_TIER2 UNITY_HARDWARE_TIER3 UNITY_COLORSPACE_GAMMA UNITY_LIGHTMAP_DLDR_ENCODING UNITY_LIGHTMAP_RGBM_ENCODING UNITY_VIRTUAL_TEXTURING UNITY_PRETRANSFORM_TO_DISPLAY_ORIENTATION UNITY_ASTC_NORMALMAP_ENCODING SHADER_API_GLES30 SHADER_API_GLES31 SHADER_API_GLES32 UNITY_UNIFIED_SHADER_PRECISION_MODEL flags=0 lang=3 type=Vertex platform=gles3 reqs=33 mask=6 start=366 toolchain=1
RunExternalCompiler: begin name=HLSLcc
RunExternalCompiler: begin name=FXC
RunExternalCompiler: end
RunExternalCompiler: begin name=FXC
RunExternalCompiler: end
RunExternalCompiler: end
compileSnippet complete
 ok=1 outsize=16701

Cmd: compileSnippet
  insize=18093 file=Packages/com.unity.render-pipelines.universal/Shaders/PostProcessing/UberPost.shader name=Hidden/Universal Render Pipeline/UberPost pass=UberPost ppOnly=0 stripLineD=0 buildPlatform=20 rsLen=0 pKW=UNITY_ENABLE_REFLECTION_BUFFERS UNITY_USE_DITHER_MASK_FOR_ALPHABLENDED_SHADOWS UNITY_PBS_USE_BRDF1 UNITY_SPECCUBE_BOX_PROJECTION UNITY_SPECCUBE_BLENDING UNITY_ENABLE_DETAIL_NORMALMAP SHADER_API_DESKTOP UNITY_LIGHT_PROBE_PROXY_VOLUME UNITY_LIGHTMAP_FULL_HDR UNITY_PLATFORM_SUPPORTS_DEPTH_FETCH uKW=_BLOOM_HQ _TONEMAP_ACES _DITHERING dKW=DEBUG_DISPLAY SCREEN_COORD_OVERRIDE _POINT_SAMPLING _DISTORTION _CHROMATIC_ABERRATION _BLOOM_LQ _BLOOM_LQ_DIRT _BLOOM_HQ_DIRT _HDR_GRADING _TONEMAP_NEUTRAL _FILM_GRAIN _GAMMA_20 _LINEAR_TO_SRGB_CONVERSION _USE_FAST_SRGB_LINEAR_CONVERSION _ENABLE_ALPHA_OUTPUT HDR_INPUT HDR_ENCODING UNITY_NO_DXT5nm UNITY_FRAMEBUFFER_FETCH_AVAILABLE UNITY_METAL_SHADOWS_USE_POINT_FILTERING UNITY_NO_SCREENSPACE_SHADOWS UNITY_PBS_USE_BRDF2 UNITY_PBS_USE_BRDF3 UNITY_HARDWARE_TIER1 UNITY_HARDWARE_TIER2 UNITY_HARDWARE_TIER3 UNITY_COLORSPACE_GAMMA UNITY_LIGHTMAP_DLDR_ENCODING UNITY_LIGHTMAP_RGBM_ENCODING UNITY_VIRTUAL_TEXTURING UNITY_PRETRANSFORM_TO_DISPLAY_ORIENTATION UNITY_ASTC_NORMALMAP_ENCODING SHADER_API_GLES30 SHADER_API_GLES31 SHADER_API_GLES32 UNITY_UNIFIED_SHADER_PRECISION_MODEL flags=0 lang=3 type=Vertex platform=gles3 reqs=33 mask=6 start=366 toolchain=1
RunExternalCompiler: begin name=HLSLcc
RunExternalCompiler: begin name=FXC
RunExternalCompiler: end
RunExternalCompiler: begin name=FXC
RunExternalCompiler: end
RunExternalCompiler: end
compileSnippet complete
 ok=1 outsize=18137

Cmd: compileSnippet
  insize=18093 file=Packages/com.unity.render-pipelines.universal/Shaders/PostProcessing/UberPost.shader name=Hidden/Universal Render Pipeline/UberPost pass=UberPost ppOnly=0 stripLineD=0 buildPlatform=20 rsLen=0 pKW=UNITY_ENABLE_REFLECTION_BUFFERS UNITY_USE_DITHER_MASK_FOR_ALPHABLENDED_SHADOWS UNITY_PBS_USE_BRDF1 UNITY_SPECCUBE_BOX_PROJECTION UNITY_SPECCUBE_BLENDING UNITY_ENABLE_DETAIL_NORMALMAP SHADER_API_DESKTOP UNITY_LIGHT_PROBE_PROXY_VOLUME UNITY_LIGHTMAP_FULL_HDR UNITY_PLATFORM_SUPPORTS_DEPTH_FETCH uKW=_BLOOM_HQ _TONEMAP_ACES _DITHERING _GAMMA_20 dKW=DEBUG_DISPLAY SCREEN_COORD_OVERRIDE _POINT_SAMPLING _DISTORTION _CHROMATIC_ABERRATION _BLOOM_LQ _BLOOM_LQ_DIRT _BLOOM_HQ_DIRT _HDR_GRADING _TONEMAP_NEUTRAL _FILM_GRAIN _LINEAR_TO_SRGB_CONVERSION _USE_FAST_SRGB_LINEAR_CONVERSION _ENABLE_ALPHA_OUTPUT HDR_INPUT HDR_ENCODING UNITY_NO_DXT5nm UNITY_FRAMEBUFFER_FETCH_AVAILABLE UNITY_METAL_SHADOWS_USE_POINT_FILTERING UNITY_NO_SCREENSPACE_SHADOWS UNITY_PBS_USE_BRDF2 UNITY_PBS_USE_BRDF3 UNITY_HARDWARE_TIER1 UNITY_HARDWARE_TIER2 UNITY_HARDWARE_TIER3 UNITY_COLORSPACE_GAMMA UNITY_LIGHTMAP_DLDR_ENCODING UNITY_LIGHTMAP_RGBM_ENCODING UNITY_VIRTUAL_TEXTURING UNITY_PRETRANSFORM_TO_DISPLAY_ORIENTATION UNITY_ASTC_NORMALMAP_ENCODING SHADER_API_GLES30 SHADER_API_GLES31 SHADER_API_GLES32 UNITY_UNIFIED_SHADER_PRECISION_MODEL flags=0 lang=3 type=Vertex platform=gles3 reqs=33 mask=6 start=366 toolchain=1
RunExternalCompiler: begin name=HLSLcc
RunExternalCompiler: begin name=FXC
RunExternalCompiler: end
RunExternalCompiler: begin name=FXC
RunExternalCompiler: end
RunExternalCompiler: end
compileSnippet complete
 ok=1 outsize=18169

Cmd: compileSnippet
  insize=18093 file=Packages/com.unity.render-pipelines.universal/Shaders/PostProcessing/UberPost.shader name=Hidden/Universal Render Pipeline/UberPost pass=UberPost ppOnly=0 stripLineD=0 buildPlatform=20 rsLen=0 pKW=UNITY_ENABLE_REFLECTION_BUFFERS UNITY_USE_DITHER_MASK_FOR_ALPHABLENDED_SHADOWS UNITY_PBS_USE_BRDF1 UNITY_SPECCUBE_BOX_PROJECTION UNITY_SPECCUBE_BLENDING UNITY_ENABLE_DETAIL_NORMALMAP SHADER_API_DESKTOP UNITY_LIGHT_PROBE_PROXY_VOLUME UNITY_LIGHTMAP_FULL_HDR UNITY_PLATFORM_SUPPORTS_DEPTH_FETCH uKW=_BLOOM_HQ _TONEMAP_ACES _DITHERING _LINEAR_TO_SRGB_CONVERSION dKW=DEBUG_DISPLAY SCREEN_COORD_OVERRIDE _POINT_SAMPLING _DISTORTION _CHROMATIC_ABERRATION _BLOOM_LQ _BLOOM_LQ_DIRT _BLOOM_HQ_DIRT _HDR_GRADING _TONEMAP_NEUTRAL _FILM_GRAIN _GAMMA_20 _USE_FAST_SRGB_LINEAR_CONVERSION _ENABLE_ALPHA_OUTPUT HDR_INPUT HDR_ENCODING UNITY_NO_DXT5nm UNITY_FRAMEBUFFER_FETCH_AVAILABLE UNITY_METAL_SHADOWS_USE_POINT_FILTERING UNITY_NO_SCREENSPACE_SHADOWS UNITY_PBS_USE_BRDF2 UNITY_PBS_USE_BRDF3 UNITY_HARDWARE_TIER1 UNITY_HARDWARE_TIER2 UNITY_HARDWARE_TIER3 UNITY_COLORSPACE_GAMMA UNITY_LIGHTMAP_DLDR_ENCODING UNITY_LIGHTMAP_RGBM_ENCODING UNITY_VIRTUAL_TEXTURING UNITY_PRETRANSFORM_TO_DISPLAY_ORIENTATION UNITY_ASTC_NORMALMAP_ENCODING SHADER_API_GLES30 SHADER_API_GLES31 SHADER_API_GLES32 UNITY_UNIFIED_SHADER_PRECISION_MODEL flags=0 lang=3 type=Vertex platform=gles3 reqs=33 mask=6 start=366 toolchain=1
RunExternalCompiler: begin name=HLSLcc
RunExternalCompiler: begin name=FXC
RunExternalCompiler: end
RunExternalCompiler: begin name=FXC
RunExternalCompiler: end
RunExternalCompiler: end
compileSnippet complete
 ok=1 outsize=18889

Cmd: compileSnippet
  insize=18093 file=Packages/com.unity.render-pipelines.universal/Shaders/PostProcessing/UberPost.shader name=Hidden/Universal Render Pipeline/UberPost pass=UberPost ppOnly=0 stripLineD=0 buildPlatform=20 rsLen=0 pKW=UNITY_ENABLE_REFLECTION_BUFFERS UNITY_USE_DITHER_MASK_FOR_ALPHABLENDED_SHADOWS UNITY_PBS_USE_BRDF1 UNITY_SPECCUBE_BOX_PROJECTION UNITY_SPECCUBE_BLENDING UNITY_ENABLE_DETAIL_NORMALMAP SHADER_API_DESKTOP UNITY_LIGHT_PROBE_PROXY_VOLUME UNITY_LIGHTMAP_FULL_HDR UNITY_PLATFORM_SUPPORTS_DEPTH_FETCH uKW=_BLOOM_HQ _TONEMAP_ACES _FILM_GRAIN dKW=DEBUG_DISPLAY SCREEN_COORD_OVERRIDE _POINT_SAMPLING _DISTORTION _CHROMATIC_ABERRATION _BLOOM_LQ _BLOOM_LQ_DIRT _BLOOM_HQ_DIRT _HDR_GRADING _TONEMAP_NEUTRAL _DITHERING _GAMMA_20 _LINEAR_TO_SRGB_CONVERSION _USE_FAST_SRGB_LINEAR_CONVERSION _ENABLE_ALPHA_OUTPUT HDR_INPUT HDR_ENCODING UNITY_NO_DXT5nm UNITY_FRAMEBUFFER_FETCH_AVAILABLE UNITY_METAL_SHADOWS_USE_POINT_FILTERING UNITY_NO_SCREENSPACE_SHADOWS UNITY_PBS_USE_BRDF2 UNITY_PBS_USE_BRDF3 UNITY_HARDWARE_TIER1 UNITY_HARDWARE_TIER2 UNITY_HARDWARE_TIER3 UNITY_COLORSPACE_GAMMA UNITY_LIGHTMAP_DLDR_ENCODING UNITY_LIGHTMAP_RGBM_ENCODING UNITY_VIRTUAL_TEXTURING UNITY_PRETRANSFORM_TO_DISPLAY_ORIENTATION UNITY_ASTC_NORMALMAP_ENCODING SHADER_API_GLES30 SHADER_API_GLES31 SHADER_API_GLES32 UNITY_UNIFIED_SHADER_PRECISION_MODEL flags=0 lang=3 type=Vertex platform=gles3 reqs=33 mask=6 start=366 toolchain=1
RunExternalCompiler: begin name=HLSLcc
RunExternalCompiler: begin name=FXC
RunExternalCompiler: end
RunExternalCompiler: begin name=FXC
RunExternalCompiler: end
RunExternalCompiler: end
compileSnippet complete
 ok=1 outsize=16726

Cmd: compileSnippet
  insize=18093 file=Packages/com.unity.render-pipelines.universal/Shaders/PostProcessing/UberPost.shader name=Hidden/Universal Render Pipeline/UberPost pass=UberPost ppOnly=0 stripLineD=0 buildPlatform=20 rsLen=0 pKW=UNITY_ENABLE_REFLECTION_BUFFERS UNITY_USE_DITHER_MASK_FOR_ALPHABLENDED_SHADOWS UNITY_PBS_USE_BRDF1 UNITY_SPECCUBE_BOX_PROJECTION UNITY_SPECCUBE_BLENDING UNITY_ENABLE_DETAIL_NORMALMAP SHADER_API_DESKTOP UNITY_LIGHT_PROBE_PROXY_VOLUME UNITY_LIGHTMAP_FULL_HDR UNITY_PLATFORM_SUPPORTS_DEPTH_FETCH uKW=_BLOOM_HQ _TONEMAP_ACES _FILM_GRAIN _GAMMA_20 dKW=DEBUG_DISPLAY SCREEN_COORD_OVERRIDE _POINT_SAMPLING _DISTORTION _CHROMATIC_ABERRATION _BLOOM_LQ _BLOOM_LQ_DIRT _BLOOM_HQ_DIRT _HDR_GRADING _TONEMAP_NEUTRAL _DITHERING _LINEAR_TO_SRGB_CONVERSION _USE_FAST_SRGB_LINEAR_CONVERSION _ENABLE_ALPHA_OUTPUT HDR_INPUT HDR_ENCODING UNITY_NO_DXT5nm UNITY_FRAMEBUFFER_FETCH_AVAILABLE UNITY_METAL_SHADOWS_USE_POINT_FILTERING UNITY_NO_SCREENSPACE_SHADOWS UNITY_PBS_USE_BRDF2 UNITY_PBS_USE_BRDF3 UNITY_HARDWARE_TIER1 UNITY_HARDWARE_TIER2 UNITY_HARDWARE_TIER3 UNITY_COLORSPACE_GAMMA UNITY_LIGHTMAP_DLDR_ENCODING UNITY_LIGHTMAP_RGBM_ENCODING UNITY_VIRTUAL_TEXTURING UNITY_PRETRANSFORM_TO_DISPLAY_ORIENTATION UNITY_ASTC_NORMALMAP_ENCODING SHADER_API_GLES30 SHADER_API_GLES31 SHADER_API_GLES32 UNITY_UNIFIED_SHADER_PRECISION_MODEL flags=0 lang=3 type=Vertex platform=gles3 reqs=33 mask=6 start=366 toolchain=1
RunExternalCompiler: begin name=HLSLcc
RunExternalCompiler: begin name=FXC
RunExternalCompiler: end
RunExternalCompiler: begin name=FXC
RunExternalCompiler: end
RunExternalCompiler: end
compileSnippet complete
 ok=1 outsize=16763

Cmd: compileSnippet
  insize=18093 file=Packages/com.unity.render-pipelines.universal/Shaders/PostProcessing/UberPost.shader name=Hidden/Universal Render Pipeline/UberPost pass=UberPost ppOnly=0 stripLineD=0 buildPlatform=20 rsLen=0 pKW=UNITY_ENABLE_REFLECTION_BUFFERS UNITY_USE_DITHER_MASK_FOR_ALPHABLENDED_SHADOWS UNITY_PBS_USE_BRDF1 UNITY_SPECCUBE_BOX_PROJECTION UNITY_SPECCUBE_BLENDING UNITY_ENABLE_DETAIL_NORMALMAP SHADER_API_DESKTOP UNITY_LIGHT_PROBE_PROXY_VOLUME UNITY_LIGHTMAP_FULL_HDR UNITY_PLATFORM_SUPPORTS_DEPTH_FETCH uKW=_BLOOM_HQ _TONEMAP_ACES _FILM_GRAIN _LINEAR_TO_SRGB_CONVERSION dKW=DEBUG_DISPLAY SCREEN_COORD_OVERRIDE _POINT_SAMPLING _DISTORTION _CHROMATIC_ABERRATION _BLOOM_LQ _BLOOM_LQ_DIRT _BLOOM_HQ_DIRT _HDR_GRADING _TONEMAP_NEUTRAL _DITHERING _GAMMA_20 _USE_FAST_SRGB_LINEAR_CONVERSION _ENABLE_ALPHA_OUTPUT HDR_INPUT HDR_ENCODING UNITY_NO_DXT5nm UNITY_FRAMEBUFFER_FETCH_AVAILABLE UNITY_METAL_SHADOWS_USE_POINT_FILTERING UNITY_NO_SCREENSPACE_SHADOWS UNITY_PBS_USE_BRDF2 UNITY_PBS_USE_BRDF3 UNITY_HARDWARE_TIER1 UNITY_HARDWARE_TIER2 UNITY_HARDWARE_TIER3 UNITY_COLORSPACE_GAMMA UNITY_LIGHTMAP_DLDR_ENCODING UNITY_LIGHTMAP_RGBM_ENCODING UNITY_VIRTUAL_TEXTURING UNITY_PRETRANSFORM_TO_DISPLAY_ORIENTATION UNITY_ASTC_NORMALMAP_ENCODING SHADER_API_GLES30 SHADER_API_GLES31 SHADER_API_GLES32 UNITY_UNIFIED_SHADER_PRECISION_MODEL flags=0 lang=3 type=Vertex platform=gles3 reqs=33 mask=6 start=366 toolchain=1
RunExternalCompiler: begin name=HLSLcc
RunExternalCompiler: begin name=FXC
RunExternalCompiler: end
RunExternalCompiler: begin name=FXC
RunExternalCompiler: end
RunExternalCompiler: end
compileSnippet complete
 ok=1 outsize=17374

Cmd: compileSnippet
  insize=18093 file=Packages/com.unity.render-pipelines.universal/Shaders/PostProcessing/UberPost.shader name=Hidden/Universal Render Pipeline/UberPost pass=UberPost ppOnly=0 stripLineD=0 buildPlatform=20 rsLen=0 pKW=UNITY_ENABLE_REFLECTION_BUFFERS UNITY_USE_DITHER_MASK_FOR_ALPHABLENDED_SHADOWS UNITY_PBS_USE_BRDF1 UNITY_SPECCUBE_BOX_PROJECTION UNITY_SPECCUBE_BLENDING UNITY_ENABLE_DETAIL_NORMALMAP SHADER_API_DESKTOP UNITY_LIGHT_PROBE_PROXY_VOLUME UNITY_LIGHTMAP_FULL_HDR UNITY_PLATFORM_SUPPORTS_DEPTH_FETCH uKW=_BLOOM_HQ _TONEMAP_ACES _FILM_GRAIN _DITHERING dKW=DEBUG_DISPLAY SCREEN_COORD_OVERRIDE _POINT_SAMPLING _DISTORTION _CHROMATIC_ABERRATION _BLOOM_LQ _BLOOM_LQ_DIRT _BLOOM_HQ_DIRT _HDR_GRADING _TONEMAP_NEUTRAL _GAMMA_20 _LINEAR_TO_SRGB_CONVERSION _USE_FAST_SRGB_LINEAR_CONVERSION _ENABLE_ALPHA_OUTPUT HDR_INPUT HDR_ENCODING UNITY_NO_DXT5nm UNITY_FRAMEBUFFER_FETCH_AVAILABLE UNITY_METAL_SHADOWS_USE_POINT_FILTERING UNITY_NO_SCREENSPACE_SHADOWS UNITY_PBS_USE_BRDF2 UNITY_PBS_USE_BRDF3 UNITY_HARDWARE_TIER1 UNITY_HARDWARE_TIER2 UNITY_HARDWARE_TIER3 UNITY_COLORSPACE_GAMMA UNITY_LIGHTMAP_DLDR_ENCODING UNITY_LIGHTMAP_RGBM_ENCODING UNITY_VIRTUAL_TEXTURING UNITY_PRETRANSFORM_TO_DISPLAY_ORIENTATION UNITY_ASTC_NORMALMAP_ENCODING SHADER_API_GLES30 SHADER_API_GLES31 SHADER_API_GLES32 UNITY_UNIFIED_SHADER_PRECISION_MODEL flags=0 lang=3 type=Vertex platform=gles3 reqs=33 mask=6 start=366 toolchain=1
RunExternalCompiler: begin name=HLSLcc
RunExternalCompiler: begin name=FXC
RunExternalCompiler: end
RunExternalCompiler: begin name=FXC
RunExternalCompiler: end
RunExternalCompiler: end
compileSnippet complete
 ok=1 outsize=18810

Cmd: compileSnippet
  insize=18093 file=Packages/com.unity.render-pipelines.universal/Shaders/PostProcessing/UberPost.shader name=Hidden/Universal Render Pipeline/UberPost pass=UberPost ppOnly=0 stripLineD=0 buildPlatform=20 rsLen=0 pKW=UNITY_ENABLE_REFLECTION_BUFFERS UNITY_USE_DITHER_MASK_FOR_ALPHABLENDED_SHADOWS UNITY_PBS_USE_BRDF1 UNITY_SPECCUBE_BOX_PROJECTION UNITY_SPECCUBE_BLENDING UNITY_ENABLE_DETAIL_NORMALMAP SHADER_API_DESKTOP UNITY_LIGHT_PROBE_PROXY_VOLUME UNITY_LIGHTMAP_FULL_HDR UNITY_PLATFORM_SUPPORTS_DEPTH_FETCH uKW=_BLOOM_HQ _TONEMAP_ACES _FILM_GRAIN _DITHERING _GAMMA_20 dKW=DEBUG_DISPLAY SCREEN_COORD_OVERRIDE _POINT_SAMPLING _DISTORTION _CHROMATIC_ABERRATION _BLOOM_LQ _BLOOM_LQ_DIRT _BLOOM_HQ_DIRT _HDR_GRADING _TONEMAP_NEUTRAL _LINEAR_TO_SRGB_CONVERSION _USE_FAST_SRGB_LINEAR_CONVERSION _ENABLE_ALPHA_OUTPUT HDR_INPUT HDR_ENCODING UNITY_NO_DXT5nm UNITY_FRAMEBUFFER_FETCH_AVAILABLE UNITY_METAL_SHADOWS_USE_POINT_FILTERING UNITY_NO_SCREENSPACE_SHADOWS UNITY_PBS_USE_BRDF2 UNITY_PBS_USE_BRDF3 UNITY_HARDWARE_TIER1 UNITY_HARDWARE_TIER2 UNITY_HARDWARE_TIER3 UNITY_COLORSPACE_GAMMA UNITY_LIGHTMAP_DLDR_ENCODING UNITY_LIGHTMAP_RGBM_ENCODING UNITY_VIRTUAL_TEXTURING UNITY_PRETRANSFORM_TO_DISPLAY_ORIENTATION UNITY_ASTC_NORMALMAP_ENCODING SHADER_API_GLES30 SHADER_API_GLES31 SHADER_API_GLES32 UNITY_UNIFIED_SHADER_PRECISION_MODEL flags=0 lang=3 type=Vertex platform=gles3 reqs=33 mask=6 start=366 toolchain=1
RunExternalCompiler: begin name=HLSLcc
RunExternalCompiler: begin name=FXC
RunExternalCompiler: end
RunExternalCompiler: begin name=FXC
RunExternalCompiler: end
RunExternalCompiler: end
compileSnippet complete
 ok=1 outsize=18842

Cmd: compileSnippet
  insize=18093 file=Packages/com.unity.render-pipelines.universal/Shaders/PostProcessing/UberPost.shader name=Hidden/Universal Render Pipeline/UberPost pass=UberPost ppOnly=0 stripLineD=0 buildPlatform=20 rsLen=0 pKW=UNITY_ENABLE_REFLECTION_BUFFERS UNITY_USE_DITHER_MASK_FOR_ALPHABLENDED_SHADOWS UNITY_PBS_USE_BRDF1 UNITY_SPECCUBE_BOX_PROJECTION UNITY_SPECCUBE_BLENDING UNITY_ENABLE_DETAIL_NORMALMAP SHADER_API_DESKTOP UNITY_LIGHT_PROBE_PROXY_VOLUME UNITY_LIGHTMAP_FULL_HDR UNITY_PLATFORM_SUPPORTS_DEPTH_FETCH uKW=_BLOOM_HQ _TONEMAP_ACES _FILM_GRAIN _DITHERING _LINEAR_TO_SRGB_CONVERSION dKW=DEBUG_DISPLAY SCREEN_COORD_OVERRIDE _POINT_SAMPLING _DISTORTION _CHROMATIC_ABERRATION _BLOOM_LQ _BLOOM_LQ_DIRT _BLOOM_HQ_DIRT _HDR_GRADING _TONEMAP_NEUTRAL _GAMMA_20 _USE_FAST_SRGB_LINEAR_CONVERSION _ENABLE_ALPHA_OUTPUT HDR_INPUT HDR_ENCODING UNITY_NO_DXT5nm UNITY_FRAMEBUFFER_FETCH_AVAILABLE UNITY_METAL_SHADOWS_USE_POINT_FILTERING UNITY_NO_SCREENSPACE_SHADOWS UNITY_PBS_USE_BRDF2 UNITY_PBS_USE_BRDF3 UNITY_HARDWARE_TIER1 UNITY_HARDWARE_TIER2 UNITY_HARDWARE_TIER3 UNITY_COLORSPACE_GAMMA UNITY_LIGHTMAP_DLDR_ENCODING UNITY_LIGHTMAP_RGBM_ENCODING UNITY_VIRTUAL_TEXTURING UNITY_PRETRANSFORM_TO_DISPLAY_ORIENTATION UNITY_ASTC_NORMALMAP_ENCODING SHADER_API_GLES30 SHADER_API_GLES31 SHADER_API_GLES32 UNITY_UNIFIED_SHADER_PRECISION_MODEL flags=0 lang=3 type=Vertex platform=gles3 reqs=33 mask=6 start=366 toolchain=1
RunExternalCompiler: begin name=HLSLcc
RunExternalCompiler: begin name=FXC
RunExternalCompiler: end
RunExternalCompiler: begin name=FXC
RunExternalCompiler: end
RunExternalCompiler: end
compileSnippet complete
 ok=1 outsize=19562

Cmd: compileSnippet
  insize=18093 file=Packages/com.unity.render-pipelines.universal/Shaders/PostProcessing/UberPost.shader name=Hidden/Universal Render Pipeline/UberPost pass=UberPost ppOnly=0 stripLineD=0 buildPlatform=20 rsLen=0 pKW=UNITY_ENABLE_REFLECTION_BUFFERS UNITY_USE_DITHER_MASK_FOR_ALPHABLENDED_SHADOWS UNITY_PBS_USE_BRDF1 UNITY_SPECCUBE_BOX_PROJECTION UNITY_SPECCUBE_BLENDING UNITY_ENABLE_DETAIL_NORMALMAP SHADER_API_DESKTOP UNITY_LIGHT_PROBE_PROXY_VOLUME UNITY_LIGHTMAP_FULL_HDR UNITY_PLATFORM_SUPPORTS_DEPTH_FETCH uKW=_BLOOM_HQ _TONEMAP_NEUTRAL dKW=DEBUG_DISPLAY SCREEN_COORD_OVERRIDE _POINT_SAMPLING _DISTORTION _CHROMATIC_ABERRATION _BLOOM_LQ _BLOOM_LQ_DIRT _BLOOM_HQ_DIRT _HDR_GRADING _TONEMAP_ACES _FILM_GRAIN _DITHERING _GAMMA_20 _LINEAR_TO_SRGB_CONVERSION _USE_FAST_SRGB_LINEAR_CONVERSION _ENABLE_ALPHA_OUTPUT HDR_INPUT HDR_ENCODING UNITY_NO_DXT5nm UNITY_FRAMEBUFFER_FETCH_AVAILABLE UNITY_METAL_SHADOWS_USE_POINT_FILTERING UNITY_NO_SCREENSPACE_SHADOWS UNITY_PBS_USE_BRDF2 UNITY_PBS_USE_BRDF3 UNITY_HARDWARE_TIER1 UNITY_HARDWARE_TIER2 UNITY_HARDWARE_TIER3 UNITY_COLORSPACE_GAMMA UNITY_LIGHTMAP_DLDR_ENCODING UNITY_LIGHTMAP_RGBM_ENCODING UNITY_VIRTUAL_TEXTURING UNITY_PRETRANSFORM_TO_DISPLAY_ORIENTATION UNITY_ASTC_NORMALMAP_ENCODING SHADER_API_GLES30 SHADER_API_GLES31 SHADER_API_GLES32 UNITY_UNIFIED_SHADER_PRECISION_MODEL flags=0 lang=3 type=Vertex platform=gles3 reqs=33 mask=6 start=366 toolchain=1
RunExternalCompiler: begin name=HLSLcc
RunExternalCompiler: begin name=FXC
RunExternalCompiler: end
RunExternalCompiler: begin name=FXC
RunExternalCompiler: end
RunExternalCompiler: end
compileSnippet complete
 ok=1 outsize=9698

Cmd: compileSnippet
  insize=18093 file=Packages/com.unity.render-pipelines.universal/Shaders/PostProcessing/UberPost.shader name=Hidden/Universal Render Pipeline/UberPost pass=UberPost ppOnly=0 stripLineD=0 buildPlatform=20 rsLen=0 pKW=UNITY_ENABLE_REFLECTION_BUFFERS UNITY_USE_DITHER_MASK_FOR_ALPHABLENDED_SHADOWS UNITY_PBS_USE_BRDF1 UNITY_SPECCUBE_BOX_PROJECTION UNITY_SPECCUBE_BLENDING UNITY_ENABLE_DETAIL_NORMALMAP SHADER_API_DESKTOP UNITY_LIGHT_PROBE_PROXY_VOLUME UNITY_LIGHTMAP_FULL_HDR UNITY_PLATFORM_SUPPORTS_DEPTH_FETCH uKW=_BLOOM_HQ _TONEMAP_NEUTRAL _GAMMA_20 dKW=DEBUG_DISPLAY SCREEN_COORD_OVERRIDE _POINT_SAMPLING _DISTORTION _CHROMATIC_ABERRATION _BLOOM_LQ _BLOOM_LQ_DIRT _BLOOM_HQ_DIRT _HDR_GRADING _TONEMAP_ACES _FILM_GRAIN _DITHERING _LINEAR_TO_SRGB_CONVERSION _USE_FAST_SRGB_LINEAR_CONVERSION _ENABLE_ALPHA_OUTPUT HDR_INPUT HDR_ENCODING UNITY_NO_DXT5nm UNITY_FRAMEBUFFER_FETCH_AVAILABLE UNITY_METAL_SHADOWS_USE_POINT_FILTERING UNITY_NO_SCREENSPACE_SHADOWS UNITY_PBS_USE_BRDF2 UNITY_PBS_USE_BRDF3 UNITY_HARDWARE_TIER1 UNITY_HARDWARE_TIER2 UNITY_HARDWARE_TIER3 UNITY_COLORSPACE_GAMMA UNITY_LIGHTMAP_DLDR_ENCODING UNITY_LIGHTMAP_RGBM_ENCODING UNITY_VIRTUAL_TEXTURING UNITY_PRETRANSFORM_TO_DISPLAY_ORIENTATION UNITY_ASTC_NORMALMAP_ENCODING SHADER_API_GLES30 SHADER_API_GLES31 SHADER_API_GLES32 UNITY_UNIFIED_SHADER_PRECISION_MODEL flags=0 lang=3 type=Vertex platform=gles3 reqs=33 mask=6 start=366 toolchain=1
RunExternalCompiler: begin name=HLSLcc
RunExternalCompiler: begin name=FXC
RunExternalCompiler: end
RunExternalCompiler: begin name=FXC
RunExternalCompiler: end
RunExternalCompiler: end
compileSnippet complete
 ok=1 outsize=9735

Cmd: compileSnippet
  insize=18093 file=Packages/com.unity.render-pipelines.universal/Shaders/PostProcessing/UberPost.shader name=Hidden/Universal Render Pipeline/UberPost pass=UberPost ppOnly=0 stripLineD=0 buildPlatform=20 rsLen=0 pKW=UNITY_ENABLE_REFLECTION_BUFFERS UNITY_USE_DITHER_MASK_FOR_ALPHABLENDED_SHADOWS UNITY_PBS_USE_BRDF1 UNITY_SPECCUBE_BOX_PROJECTION UNITY_SPECCUBE_BLENDING UNITY_ENABLE_DETAIL_NORMALMAP SHADER_API_DESKTOP UNITY_LIGHT_PROBE_PROXY_VOLUME UNITY_LIGHTMAP_FULL_HDR UNITY_PLATFORM_SUPPORTS_DEPTH_FETCH uKW=_BLOOM_HQ _TONEMAP_NEUTRAL _LINEAR_TO_SRGB_CONVERSION dKW=DEBUG_DISPLAY SCREEN_COORD_OVERRIDE _POINT_SAMPLING _DISTORTION _CHROMATIC_ABERRATION _BLOOM_LQ _BLOOM_LQ_DIRT _BLOOM_HQ_DIRT _HDR_GRADING _TONEMAP_ACES _FILM_GRAIN _DITHERING _GAMMA_20 _USE_FAST_SRGB_LINEAR_CONVERSION _ENABLE_ALPHA_OUTPUT HDR_INPUT HDR_ENCODING UNITY_NO_DXT5nm UNITY_FRAMEBUFFER_FETCH_AVAILABLE UNITY_METAL_SHADOWS_USE_POINT_FILTERING UNITY_NO_SCREENSPACE_SHADOWS UNITY_PBS_USE_BRDF2 UNITY_PBS_USE_BRDF3 UNITY_HARDWARE_TIER1 UNITY_HARDWARE_TIER2 UNITY_HARDWARE_TIER3 UNITY_COLORSPACE_GAMMA UNITY_LIGHTMAP_DLDR_ENCODING UNITY_LIGHTMAP_RGBM_ENCODING UNITY_VIRTUAL_TEXTURING UNITY_PRETRANSFORM_TO_DISPLAY_ORIENTATION UNITY_ASTC_NORMALMAP_ENCODING SHADER_API_GLES30 SHADER_API_GLES31 SHADER_API_GLES32 UNITY_UNIFIED_SHADER_PRECISION_MODEL flags=0 lang=3 type=Vertex platform=gles3 reqs=33 mask=6 start=366 toolchain=1
RunExternalCompiler: begin name=HLSLcc
RunExternalCompiler: begin name=FXC
RunExternalCompiler: end
RunExternalCompiler: begin name=FXC
RunExternalCompiler: end
RunExternalCompiler: end
compileSnippet complete
 ok=1 outsize=10333

Cmd: compileSnippet
  insize=18093 file=Packages/com.unity.render-pipelines.universal/Shaders/PostProcessing/UberPost.shader name=Hidden/Universal Render Pipeline/UberPost pass=UberPost ppOnly=0 stripLineD=0 buildPlatform=20 rsLen=0 pKW=UNITY_ENABLE_REFLECTION_BUFFERS UNITY_USE_DITHER_MASK_FOR_ALPHABLENDED_SHADOWS UNITY_PBS_USE_BRDF1 UNITY_SPECCUBE_BOX_PROJECTION UNITY_SPECCUBE_BLENDING UNITY_ENABLE_DETAIL_NORMALMAP SHADER_API_DESKTOP UNITY_LIGHT_PROBE_PROXY_VOLUME UNITY_LIGHTMAP_FULL_HDR UNITY_PLATFORM_SUPPORTS_DEPTH_FETCH uKW=_BLOOM_HQ _TONEMAP_NEUTRAL _DITHERING dKW=DEBUG_DISPLAY SCREEN_COORD_OVERRIDE _POINT_SAMPLING _DISTORTION _CHROMATIC_ABERRATION _BLOOM_LQ _BLOOM_LQ_DIRT _BLOOM_HQ_DIRT _HDR_GRADING _TONEMAP_ACES _FILM_GRAIN _GAMMA_20 _LINEAR_TO_SRGB_CONVERSION _USE_FAST_SRGB_LINEAR_CONVERSION _ENABLE_ALPHA_OUTPUT HDR_INPUT HDR_ENCODING UNITY_NO_DXT5nm UNITY_FRAMEBUFFER_FETCH_AVAILABLE UNITY_METAL_SHADOWS_USE_POINT_FILTERING UNITY_NO_SCREENSPACE_SHADOWS UNITY_PBS_USE_BRDF2 UNITY_PBS_USE_BRDF3 UNITY_HARDWARE_TIER1 UNITY_HARDWARE_TIER2 UNITY_HARDWARE_TIER3 UNITY_COLORSPACE_GAMMA UNITY_LIGHTMAP_DLDR_ENCODING UNITY_LIGHTMAP_RGBM_ENCODING UNITY_VIRTUAL_TEXTURING UNITY_PRETRANSFORM_TO_DISPLAY_ORIENTATION UNITY_ASTC_NORMALMAP_ENCODING SHADER_API_GLES30 SHADER_API_GLES31 SHADER_API_GLES32 UNITY_UNIFIED_SHADER_PRECISION_MODEL flags=0 lang=3 type=Vertex platform=gles3 reqs=33 mask=6 start=366 toolchain=1
RunExternalCompiler: begin name=HLSLcc
RunExternalCompiler: begin name=FXC
RunExternalCompiler: end
RunExternalCompiler: begin name=FXC
RunExternalCompiler: end
RunExternalCompiler: end
compileSnippet complete
 ok=1 outsize=11785

Cmd: compileSnippet
  insize=18093 file=Packages/com.unity.render-pipelines.universal/Shaders/PostProcessing/UberPost.shader name=Hidden/Universal Render Pipeline/UberPost pass=UberPost ppOnly=0 stripLineD=0 buildPlatform=20 rsLen=0 pKW=UNITY_ENABLE_REFLECTION_BUFFERS UNITY_USE_DITHER_MASK_FOR_ALPHABLENDED_SHADOWS UNITY_PBS_USE_BRDF1 UNITY_SPECCUBE_BOX_PROJECTION UNITY_SPECCUBE_BLENDING UNITY_ENABLE_DETAIL_NORMALMAP SHADER_API_DESKTOP UNITY_LIGHT_PROBE_PROXY_VOLUME UNITY_LIGHTMAP_FULL_HDR UNITY_PLATFORM_SUPPORTS_DEPTH_FETCH uKW=_BLOOM_HQ _TONEMAP_NEUTRAL _DITHERING _GAMMA_20 dKW=DEBUG_DISPLAY SCREEN_COORD_OVERRIDE _POINT_SAMPLING _DISTORTION _CHROMATIC_ABERRATION _BLOOM_LQ _BLOOM_LQ_DIRT _BLOOM_HQ_DIRT _HDR_GRADING _TONEMAP_ACES _FILM_GRAIN _LINEAR_TO_SRGB_CONVERSION _USE_FAST_SRGB_LINEAR_CONVERSION _ENABLE_ALPHA_OUTPUT HDR_INPUT HDR_ENCODING UNITY_NO_DXT5nm UNITY_FRAMEBUFFER_FETCH_AVAILABLE UNITY_METAL_SHADOWS_USE_POINT_FILTERING UNITY_NO_SCREENSPACE_SHADOWS UNITY_PBS_USE_BRDF2 UNITY_PBS_USE_BRDF3 UNITY_HARDWARE_TIER1 UNITY_HARDWARE_TIER2 UNITY_HARDWARE_TIER3 UNITY_COLORSPACE_GAMMA UNITY_LIGHTMAP_DLDR_ENCODING UNITY_LIGHTMAP_RGBM_ENCODING UNITY_VIRTUAL_TEXTURING UNITY_PRETRANSFORM_TO_DISPLAY_ORIENTATION UNITY_ASTC_NORMALMAP_ENCODING SHADER_API_GLES30 SHADER_API_GLES31 SHADER_API_GLES32 UNITY_UNIFIED_SHADER_PRECISION_MODEL flags=0 lang=3 type=Vertex platform=gles3 reqs=33 mask=6 start=366 toolchain=1
RunExternalCompiler: begin name=HLSLcc
RunExternalCompiler: begin name=FXC
RunExternalCompiler: end
RunExternalCompiler: begin name=FXC
RunExternalCompiler: end
RunExternalCompiler: end
compileSnippet complete
 ok=1 outsize=11817

Cmd: compileSnippet
  insize=18093 file=Packages/com.unity.render-pipelines.universal/Shaders/PostProcessing/UberPost.shader name=Hidden/Universal Render Pipeline/UberPost pass=UberPost ppOnly=0 stripLineD=0 buildPlatform=20 rsLen=0 pKW=UNITY_ENABLE_REFLECTION_BUFFERS UNITY_USE_DITHER_MASK_FOR_ALPHABLENDED_SHADOWS UNITY_PBS_USE_BRDF1 UNITY_SPECCUBE_BOX_PROJECTION UNITY_SPECCUBE_BLENDING UNITY_ENABLE_DETAIL_NORMALMAP SHADER_API_DESKTOP UNITY_LIGHT_PROBE_PROXY_VOLUME UNITY_LIGHTMAP_FULL_HDR UNITY_PLATFORM_SUPPORTS_DEPTH_FETCH uKW=_BLOOM_HQ _TONEMAP_NEUTRAL _DITHERING _LINEAR_TO_SRGB_CONVERSION dKW=DEBUG_DISPLAY SCREEN_COORD_OVERRIDE _POINT_SAMPLING _DISTORTION _CHROMATIC_ABERRATION _BLOOM_LQ _BLOOM_LQ_DIRT _BLOOM_HQ_DIRT _HDR_GRADING _TONEMAP_ACES _FILM_GRAIN _GAMMA_20 _USE_FAST_SRGB_LINEAR_CONVERSION _ENABLE_ALPHA_OUTPUT HDR_INPUT HDR_ENCODING UNITY_NO_DXT5nm UNITY_FRAMEBUFFER_FETCH_AVAILABLE UNITY_METAL_SHADOWS_USE_POINT_FILTERING UNITY_NO_SCREENSPACE_SHADOWS UNITY_PBS_USE_BRDF2 UNITY_PBS_USE_BRDF3 UNITY_HARDWARE_TIER1 UNITY_HARDWARE_TIER2 UNITY_HARDWARE_TIER3 UNITY_COLORSPACE_GAMMA UNITY_LIGHTMAP_DLDR_ENCODING UNITY_LIGHTMAP_RGBM_ENCODING UNITY_VIRTUAL_TEXTURING UNITY_PRETRANSFORM_TO_DISPLAY_ORIENTATION UNITY_ASTC_NORMALMAP_ENCODING SHADER_API_GLES30 SHADER_API_GLES31 SHADER_API_GLES32 UNITY_UNIFIED_SHADER_PRECISION_MODEL flags=0 lang=3 type=Vertex platform=gles3 reqs=33 mask=6 start=366 toolchain=1
RunExternalCompiler: begin name=HLSLcc
RunExternalCompiler: begin name=FXC
RunExternalCompiler: end
RunExternalCompiler: begin name=FXC
RunExternalCompiler: end
RunExternalCompiler: end
compileSnippet complete
 ok=1 outsize=12537

Cmd: compileSnippet
  insize=18093 file=Packages/com.unity.render-pipelines.universal/Shaders/PostProcessing/UberPost.shader name=Hidden/Universal Render Pipeline/UberPost pass=UberPost ppOnly=0 stripLineD=0 buildPlatform=20 rsLen=0 pKW=UNITY_ENABLE_REFLECTION_BUFFERS UNITY_USE_DITHER_MASK_FOR_ALPHABLENDED_SHADOWS UNITY_PBS_USE_BRDF1 UNITY_SPECCUBE_BOX_PROJECTION UNITY_SPECCUBE_BLENDING UNITY_ENABLE_DETAIL_NORMALMAP SHADER_API_DESKTOP UNITY_LIGHT_PROBE_PROXY_VOLUME UNITY_LIGHTMAP_FULL_HDR UNITY_PLATFORM_SUPPORTS_DEPTH_FETCH uKW=_BLOOM_HQ _TONEMAP_NEUTRAL _FILM_GRAIN dKW=DEBUG_DISPLAY SCREEN_COORD_OVERRIDE _POINT_SAMPLING _DISTORTION _CHROMATIC_ABERRATION _BLOOM_LQ _BLOOM_LQ_DIRT _BLOOM_HQ_DIRT _HDR_GRADING _TONEMAP_ACES _DITHERING _GAMMA_20 _LINEAR_TO_SRGB_CONVERSION _USE_FAST_SRGB_LINEAR_CONVERSION _ENABLE_ALPHA_OUTPUT HDR_INPUT HDR_ENCODING UNITY_NO_DXT5nm UNITY_FRAMEBUFFER_FETCH_AVAILABLE UNITY_METAL_SHADOWS_USE_POINT_FILTERING UNITY_NO_SCREENSPACE_SHADOWS UNITY_PBS_USE_BRDF2 UNITY_PBS_USE_BRDF3 UNITY_HARDWARE_TIER1 UNITY_HARDWARE_TIER2 UNITY_HARDWARE_TIER3 UNITY_COLORSPACE_GAMMA UNITY_LIGHTMAP_DLDR_ENCODING UNITY_LIGHTMAP_RGBM_ENCODING UNITY_VIRTUAL_TEXTURING UNITY_PRETRANSFORM_TO_DISPLAY_ORIENTATION UNITY_ASTC_NORMALMAP_ENCODING SHADER_API_GLES30 SHADER_API_GLES31 SHADER_API_GLES32 UNITY_UNIFIED_SHADER_PRECISION_MODEL flags=0 lang=3 type=Vertex platform=gles3 reqs=33 mask=6 start=366 toolchain=1
RunExternalCompiler: begin name=HLSLcc
RunExternalCompiler: begin name=FXC
RunExternalCompiler: end
RunExternalCompiler: begin name=FXC
RunExternalCompiler: end
RunExternalCompiler: end
compileSnippet complete
 ok=1 outsize=10385

Cmd: compileSnippet
  insize=18093 file=Packages/com.unity.render-pipelines.universal/Shaders/PostProcessing/UberPost.shader name=Hidden/Universal Render Pipeline/UberPost pass=UberPost ppOnly=0 stripLineD=0 buildPlatform=20 rsLen=0 pKW=UNITY_ENABLE_REFLECTION_BUFFERS UNITY_USE_DITHER_MASK_FOR_ALPHABLENDED_SHADOWS UNITY_PBS_USE_BRDF1 UNITY_SPECCUBE_BOX_PROJECTION UNITY_SPECCUBE_BLENDING UNITY_ENABLE_DETAIL_NORMALMAP SHADER_API_DESKTOP UNITY_LIGHT_PROBE_PROXY_VOLUME UNITY_LIGHTMAP_FULL_HDR UNITY_PLATFORM_SUPPORTS_DEPTH_FETCH uKW=_BLOOM_HQ _TONEMAP_NEUTRAL _FILM_GRAIN _GAMMA_20 dKW=DEBUG_DISPLAY SCREEN_COORD_OVERRIDE _POINT_SAMPLING _DISTORTION _CHROMATIC_ABERRATION _BLOOM_LQ _BLOOM_LQ_DIRT _BLOOM_HQ_DIRT _HDR_GRADING _TONEMAP_ACES _DITHERING _LINEAR_TO_SRGB_CONVERSION _USE_FAST_SRGB_LINEAR_CONVERSION _ENABLE_ALPHA_OUTPUT HDR_INPUT HDR_ENCODING UNITY_NO_DXT5nm UNITY_FRAMEBUFFER_FETCH_AVAILABLE UNITY_METAL_SHADOWS_USE_POINT_FILTERING UNITY_NO_SCREENSPACE_SHADOWS UNITY_PBS_USE_BRDF2 UNITY_PBS_USE_BRDF3 UNITY_HARDWARE_TIER1 UNITY_HARDWARE_TIER2 UNITY_HARDWARE_TIER3 UNITY_COLORSPACE_GAMMA UNITY_LIGHTMAP_DLDR_ENCODING UNITY_LIGHTMAP_RGBM_ENCODING UNITY_VIRTUAL_TEXTURING UNITY_PRETRANSFORM_TO_DISPLAY_ORIENTATION UNITY_ASTC_NORMALMAP_ENCODING SHADER_API_GLES30 SHADER_API_GLES31 SHADER_API_GLES32 UNITY_UNIFIED_SHADER_PRECISION_MODEL flags=0 lang=3 type=Vertex platform=gles3 reqs=33 mask=6 start=366 toolchain=1
RunExternalCompiler: begin name=HLSLcc
RunExternalCompiler: begin name=FXC
RunExternalCompiler: end
RunExternalCompiler: begin name=FXC
RunExternalCompiler: end
RunExternalCompiler: end
compileSnippet complete
 ok=1 outsize=10422

Cmd: compileSnippet
  insize=18093 file=Packages/com.unity.render-pipelines.universal/Shaders/PostProcessing/UberPost.shader name=Hidden/Universal Render Pipeline/UberPost pass=UberPost ppOnly=0 stripLineD=0 buildPlatform=20 rsLen=0 pKW=UNITY_ENABLE_REFLECTION_BUFFERS UNITY_USE_DITHER_MASK_FOR_ALPHABLENDED_SHADOWS UNITY_PBS_USE_BRDF1 UNITY_SPECCUBE_BOX_PROJECTION UNITY_SPECCUBE_BLENDING UNITY_ENABLE_DETAIL_NORMALMAP SHADER_API_DESKTOP UNITY_LIGHT_PROBE_PROXY_VOLUME UNITY_LIGHTMAP_FULL_HDR UNITY_PLATFORM_SUPPORTS_DEPTH_FETCH uKW=_BLOOM_HQ _TONEMAP_NEUTRAL _FILM_GRAIN _LINEAR_TO_SRGB_CONVERSION dKW=DEBUG_DISPLAY SCREEN_COORD_OVERRIDE _POINT_SAMPLING _DISTORTION _CHROMATIC_ABERRATION _BLOOM_LQ _BLOOM_LQ_DIRT _BLOOM_HQ_DIRT _HDR_GRADING _TONEMAP_ACES _DITHERING _GAMMA_20 _USE_FAST_SRGB_LINEAR_CONVERSION _ENABLE_ALPHA_OUTPUT HDR_INPUT HDR_ENCODING UNITY_NO_DXT5nm UNITY_FRAMEBUFFER_FETCH_AVAILABLE UNITY_METAL_SHADOWS_USE_POINT_FILTERING UNITY_NO_SCREENSPACE_SHADOWS UNITY_PBS_USE_BRDF2 UNITY_PBS_USE_BRDF3 UNITY_HARDWARE_TIER1 UNITY_HARDWARE_TIER2 UNITY_HARDWARE_TIER3 UNITY_COLORSPACE_GAMMA UNITY_LIGHTMAP_DLDR_ENCODING UNITY_LIGHTMAP_RGBM_ENCODING UNITY_VIRTUAL_TEXTURING UNITY_PRETRANSFORM_TO_DISPLAY_ORIENTATION UNITY_ASTC_NORMALMAP_ENCODING SHADER_API_GLES30 SHADER_API_GLES31 SHADER_API_GLES32 UNITY_UNIFIED_SHADER_PRECISION_MODEL flags=0 lang=3 type=Vertex platform=gles3 reqs=33 mask=6 start=366 toolchain=1
RunExternalCompiler: begin name=HLSLcc
RunExternalCompiler: begin name=FXC
RunExternalCompiler: end
RunExternalCompiler: begin name=FXC
RunExternalCompiler: end
RunExternalCompiler: end
compileSnippet complete
 ok=1 outsize=11020

Cmd: compileSnippet
  insize=18093 file=Packages/com.unity.render-pipelines.universal/Shaders/PostProcessing/UberPost.shader name=Hidden/Universal Render Pipeline/UberPost pass=UberPost ppOnly=0 stripLineD=0 buildPlatform=20 rsLen=0 pKW=UNITY_ENABLE_REFLECTION_BUFFERS UNITY_USE_DITHER_MASK_FOR_ALPHABLENDED_SHADOWS UNITY_PBS_USE_BRDF1 UNITY_SPECCUBE_BOX_PROJECTION UNITY_SPECCUBE_BLENDING UNITY_ENABLE_DETAIL_NORMALMAP SHADER_API_DESKTOP UNITY_LIGHT_PROBE_PROXY_VOLUME UNITY_LIGHTMAP_FULL_HDR UNITY_PLATFORM_SUPPORTS_DEPTH_FETCH uKW=_BLOOM_HQ _TONEMAP_NEUTRAL _FILM_GRAIN _DITHERING dKW=DEBUG_DISPLAY SCREEN_COORD_OVERRIDE _POINT_SAMPLING _DISTORTION _CHROMATIC_ABERRATION _BLOOM_LQ _BLOOM_LQ_DIRT _BLOOM_HQ_DIRT _HDR_GRADING _TONEMAP_ACES _GAMMA_20 _LINEAR_TO_SRGB_CONVERSION _USE_FAST_SRGB_LINEAR_CONVERSION _ENABLE_ALPHA_OUTPUT HDR_INPUT HDR_ENCODING UNITY_NO_DXT5nm UNITY_FRAMEBUFFER_FETCH_AVAILABLE UNITY_METAL_SHADOWS_USE_POINT_FILTERING UNITY_NO_SCREENSPACE_SHADOWS UNITY_PBS_USE_BRDF2 UNITY_PBS_USE_BRDF3 UNITY_HARDWARE_TIER1 UNITY_HARDWARE_TIER2 UNITY_HARDWARE_TIER3 UNITY_COLORSPACE_GAMMA UNITY_LIGHTMAP_DLDR_ENCODING UNITY_LIGHTMAP_RGBM_ENCODING UNITY_VIRTUAL_TEXTURING UNITY_PRETRANSFORM_TO_DISPLAY_ORIENTATION UNITY_ASTC_NORMALMAP_ENCODING SHADER_API_GLES30 SHADER_API_GLES31 SHADER_API_GLES32 UNITY_UNIFIED_SHADER_PRECISION_MODEL flags=0 lang=3 type=Vertex platform=gles3 reqs=33 mask=6 start=366 toolchain=1
RunExternalCompiler: begin name=HLSLcc
RunExternalCompiler: begin name=FXC
RunExternalCompiler: end
RunExternalCompiler: begin name=FXC
RunExternalCompiler: end
RunExternalCompiler: end
compileSnippet complete
 ok=1 outsize=12472

Cmd: compileSnippet
  insize=18093 file=Packages/com.unity.render-pipelines.universal/Shaders/PostProcessing/UberPost.shader name=Hidden/Universal Render Pipeline/UberPost pass=UberPost ppOnly=0 stripLineD=0 buildPlatform=20 rsLen=0 pKW=UNITY_ENABLE_REFLECTION_BUFFERS UNITY_USE_DITHER_MASK_FOR_ALPHABLENDED_SHADOWS UNITY_PBS_USE_BRDF1 UNITY_SPECCUBE_BOX_PROJECTION UNITY_SPECCUBE_BLENDING UNITY_ENABLE_DETAIL_NORMALMAP SHADER_API_DESKTOP UNITY_LIGHT_PROBE_PROXY_VOLUME UNITY_LIGHTMAP_FULL_HDR UNITY_PLATFORM_SUPPORTS_DEPTH_FETCH uKW=_BLOOM_HQ _TONEMAP_NEUTRAL _FILM_GRAIN _DITHERING _GAMMA_20 dKW=DEBUG_DISPLAY SCREEN_COORD_OVERRIDE _POINT_SAMPLING _DISTORTION _CHROMATIC_ABERRATION _BLOOM_LQ _BLOOM_LQ_DIRT _BLOOM_HQ_DIRT _HDR_GRADING _TONEMAP_ACES _LINEAR_TO_SRGB_CONVERSION _USE_FAST_SRGB_LINEAR_CONVERSION _ENABLE_ALPHA_OUTPUT HDR_INPUT HDR_ENCODING UNITY_NO_DXT5nm UNITY_FRAMEBUFFER_FETCH_AVAILABLE UNITY_METAL_SHADOWS_USE_POINT_FILTERING UNITY_NO_SCREENSPACE_SHADOWS UNITY_PBS_USE_BRDF2 UNITY_PBS_USE_BRDF3 UNITY_HARDWARE_TIER1 UNITY_HARDWARE_TIER2 UNITY_HARDWARE_TIER3 UNITY_COLORSPACE_GAMMA UNITY_LIGHTMAP_DLDR_ENCODING UNITY_LIGHTMAP_RGBM_ENCODING UNITY_VIRTUAL_TEXTURING UNITY_PRETRANSFORM_TO_DISPLAY_ORIENTATION UNITY_ASTC_NORMALMAP_ENCODING SHADER_API_GLES30 SHADER_API_GLES31 SHADER_API_GLES32 UNITY_UNIFIED_SHADER_PRECISION_MODEL flags=0 lang=3 type=Vertex platform=gles3 reqs=33 mask=6 start=366 toolchain=1
RunExternalCompiler: begin name=HLSLcc
RunExternalCompiler: begin name=FXC
RunExternalCompiler: end
RunExternalCompiler: begin name=FXC
RunExternalCompiler: end
RunExternalCompiler: end
compileSnippet complete
 ok=1 outsize=12504

Cmd: compileSnippet
  insize=18093 file=Packages/com.unity.render-pipelines.universal/Shaders/PostProcessing/UberPost.shader name=Hidden/Universal Render Pipeline/UberPost pass=UberPost ppOnly=0 stripLineD=0 buildPlatform=20 rsLen=0 pKW=UNITY_ENABLE_REFLECTION_BUFFERS UNITY_USE_DITHER_MASK_FOR_ALPHABLENDED_SHADOWS UNITY_PBS_USE_BRDF1 UNITY_SPECCUBE_BOX_PROJECTION UNITY_SPECCUBE_BLENDING UNITY_ENABLE_DETAIL_NORMALMAP SHADER_API_DESKTOP UNITY_LIGHT_PROBE_PROXY_VOLUME UNITY_LIGHTMAP_FULL_HDR UNITY_PLATFORM_SUPPORTS_DEPTH_FETCH uKW=_BLOOM_HQ _TONEMAP_NEUTRAL _FILM_GRAIN _DITHERING _LINEAR_TO_SRGB_CONVERSION dKW=DEBUG_DISPLAY SCREEN_COORD_OVERRIDE _POINT_SAMPLING _DISTORTION _CHROMATIC_ABERRATION _BLOOM_LQ _BLOOM_LQ_DIRT _BLOOM_HQ_DIRT _HDR_GRADING _TONEMAP_ACES _GAMMA_20 _USE_FAST_SRGB_LINEAR_CONVERSION _ENABLE_ALPHA_OUTPUT HDR_INPUT HDR_ENCODING UNITY_NO_DXT5nm UNITY_FRAMEBUFFER_FETCH_AVAILABLE UNITY_METAL_SHADOWS_USE_POINT_FILTERING UNITY_NO_SCREENSPACE_SHADOWS UNITY_PBS_USE_BRDF2 UNITY_PBS_USE_BRDF3 UNITY_HARDWARE_TIER1 UNITY_HARDWARE_TIER2 UNITY_HARDWARE_TIER3 UNITY_COLORSPACE_GAMMA UNITY_LIGHTMAP_DLDR_ENCODING UNITY_LIGHTMAP_RGBM_ENCODING UNITY_VIRTUAL_TEXTURING UNITY_PRETRANSFORM_TO_DISPLAY_ORIENTATION UNITY_ASTC_NORMALMAP_ENCODING SHADER_API_GLES30 SHADER_API_GLES31 SHADER_API_GLES32 UNITY_UNIFIED_SHADER_PRECISION_MODEL flags=0 lang=3 type=Vertex platform=gles3 reqs=33 mask=6 start=366 toolchain=1
RunExternalCompiler: begin name=HLSLcc
RunExternalCompiler: begin name=FXC
RunExternalCompiler: end
RunExternalCompiler: begin name=FXC
RunExternalCompiler: end
RunExternalCompiler: end
compileSnippet complete
 ok=1 outsize=13224

Cmd: compileSnippet
  insize=18093 file=Packages/com.unity.render-pipelines.universal/Shaders/PostProcessing/UberPost.shader name=Hidden/Universal Render Pipeline/UberPost pass=UberPost ppOnly=0 stripLineD=0 buildPlatform=20 rsLen=0 pKW=UNITY_ENABLE_REFLECTION_BUFFERS UNITY_USE_DITHER_MASK_FOR_ALPHABLENDED_SHADOWS UNITY_PBS_USE_BRDF1 UNITY_SPECCUBE_BOX_PROJECTION UNITY_SPECCUBE_BLENDING UNITY_ENABLE_DETAIL_NORMALMAP SHADER_API_DESKTOP UNITY_LIGHT_PROBE_PROXY_VOLUME UNITY_LIGHTMAP_FULL_HDR UNITY_PLATFORM_SUPPORTS_DEPTH_FETCH uKW=_BLOOM_LQ_DIRT dKW=DEBUG_DISPLAY SCREEN_COORD_OVERRIDE _POINT_SAMPLING _DISTORTION _CHROMATIC_ABERRATION _BLOOM_LQ _BLOOM_HQ _BLOOM_HQ_DIRT _HDR_GRADING _TONEMAP_ACES _TONEMAP_NEUTRAL _FILM_GRAIN _DITHERING _GAMMA_20 _LINEAR_TO_SRGB_CONVERSION _USE_FAST_SRGB_LINEAR_CONVERSION _ENABLE_ALPHA_OUTPUT HDR_INPUT HDR_ENCODING UNITY_NO_DXT5nm UNITY_FRAMEBUFFER_FETCH_AVAILABLE UNITY_METAL_SHADOWS_USE_POINT_FILTERING UNITY_NO_SCREENSPACE_SHADOWS UNITY_PBS_USE_BRDF2 UNITY_PBS_USE_BRDF3 UNITY_HARDWARE_TIER1 UNITY_HARDWARE_TIER2 UNITY_HARDWARE_TIER3 UNITY_COLORSPACE_GAMMA UNITY_LIGHTMAP_DLDR_ENCODING UNITY_LIGHTMAP_RGBM_ENCODING UNITY_VIRTUAL_TEXTURING UNITY_PRETRANSFORM_TO_DISPLAY_ORIENTATION UNITY_ASTC_NORMALMAP_ENCODING SHADER_API_GLES30 SHADER_API_GLES31 SHADER_API_GLES32 UNITY_UNIFIED_SHADER_PRECISION_MODEL flags=0 lang=3 type=Vertex platform=gles3 reqs=33 mask=6 start=366 toolchain=1
RunExternalCompiler: begin name=HLSLcc
RunExternalCompiler: begin name=FXC
RunExternalCompiler: end
RunExternalCompiler: begin name=FXC
RunExternalCompiler: end
RunExternalCompiler: end
compileSnippet complete
 ok=1 outsize=7274

Cmd: compileSnippet
  insize=18093 file=Packages/com.unity.render-pipelines.universal/Shaders/PostProcessing/UberPost.shader name=Hidden/Universal Render Pipeline/UberPost pass=UberPost ppOnly=0 stripLineD=0 buildPlatform=20 rsLen=0 pKW=UNITY_ENABLE_REFLECTION_BUFFERS UNITY_USE_DITHER_MASK_FOR_ALPHABLENDED_SHADOWS UNITY_PBS_USE_BRDF1 UNITY_SPECCUBE_BOX_PROJECTION UNITY_SPECCUBE_BLENDING UNITY_ENABLE_DETAIL_NORMALMAP SHADER_API_DESKTOP UNITY_LIGHT_PROBE_PROXY_VOLUME UNITY_LIGHTMAP_FULL_HDR UNITY_PLATFORM_SUPPORTS_DEPTH_FETCH uKW=_BLOOM_LQ_DIRT _GAMMA_20 dKW=DEBUG_DISPLAY SCREEN_COORD_OVERRIDE _POINT_SAMPLING _DISTORTION _CHROMATIC_ABERRATION _BLOOM_LQ _BLOOM_HQ _BLOOM_HQ_DIRT _HDR_GRADING _TONEMAP_ACES _TONEMAP_NEUTRAL _FILM_GRAIN _DITHERING _LINEAR_TO_SRGB_CONVERSION _USE_FAST_SRGB_LINEAR_CONVERSION _ENABLE_ALPHA_OUTPUT HDR_INPUT HDR_ENCODING UNITY_NO_DXT5nm UNITY_FRAMEBUFFER_FETCH_AVAILABLE UNITY_METAL_SHADOWS_USE_POINT_FILTERING UNITY_NO_SCREENSPACE_SHADOWS UNITY_PBS_USE_BRDF2 UNITY_PBS_USE_BRDF3 UNITY_HARDWARE_TIER1 UNITY_HARDWARE_TIER2 UNITY_HARDWARE_TIER3 UNITY_COLORSPACE_GAMMA UNITY_LIGHTMAP_DLDR_ENCODING UNITY_LIGHTMAP_RGBM_ENCODING UNITY_VIRTUAL_TEXTURING UNITY_PRETRANSFORM_TO_DISPLAY_ORIENTATION UNITY_ASTC_NORMALMAP_ENCODING SHADER_API_GLES30 SHADER_API_GLES31 SHADER_API_GLES32 UNITY_UNIFIED_SHADER_PRECISION_MODEL flags=0 lang=3 type=Vertex platform=gles3 reqs=33 mask=6 start=366 toolchain=1
RunExternalCompiler: begin name=HLSLcc
RunExternalCompiler: begin name=FXC
RunExternalCompiler: end
RunExternalCompiler: begin name=FXC
RunExternalCompiler: end
RunExternalCompiler: end
compileSnippet complete
 ok=1 outsize=7311

Cmd: compileSnippet
  insize=18093 file=Packages/com.unity.render-pipelines.universal/Shaders/PostProcessing/UberPost.shader name=Hidden/Universal Render Pipeline/UberPost pass=UberPost ppOnly=0 stripLineD=0 buildPlatform=20 rsLen=0 pKW=UNITY_ENABLE_REFLECTION_BUFFERS UNITY_USE_DITHER_MASK_FOR_ALPHABLENDED_SHADOWS UNITY_PBS_USE_BRDF1 UNITY_SPECCUBE_BOX_PROJECTION UNITY_SPECCUBE_BLENDING UNITY_ENABLE_DETAIL_NORMALMAP SHADER_API_DESKTOP UNITY_LIGHT_PROBE_PROXY_VOLUME UNITY_LIGHTMAP_FULL_HDR UNITY_PLATFORM_SUPPORTS_DEPTH_FETCH uKW=_BLOOM_LQ_DIRT _LINEAR_TO_SRGB_CONVERSION dKW=DEBUG_DISPLAY SCREEN_COORD_OVERRIDE _POINT_SAMPLING _DISTORTION _CHROMATIC_ABERRATION _BLOOM_LQ _BLOOM_HQ _BLOOM_HQ_DIRT _HDR_GRADING _TONEMAP_ACES _TONEMAP_NEUTRAL _FILM_GRAIN _DITHERING _GAMMA_20 _USE_FAST_SRGB_LINEAR_CONVERSION _ENABLE_ALPHA_OUTPUT HDR_INPUT HDR_ENCODING UNITY_NO_DXT5nm UNITY_FRAMEBUFFER_FETCH_AVAILABLE UNITY_METAL_SHADOWS_USE_POINT_FILTERING UNITY_NO_SCREENSPACE_SHADOWS UNITY_PBS_USE_BRDF2 UNITY_PBS_USE_BRDF3 UNITY_HARDWARE_TIER1 UNITY_HARDWARE_TIER2 UNITY_HARDWARE_TIER3 UNITY_COLORSPACE_GAMMA UNITY_LIGHTMAP_DLDR_ENCODING UNITY_LIGHTMAP_RGBM_ENCODING UNITY_VIRTUAL_TEXTURING UNITY_PRETRANSFORM_TO_DISPLAY_ORIENTATION UNITY_ASTC_NORMALMAP_ENCODING SHADER_API_GLES30 SHADER_API_GLES31 SHADER_API_GLES32 UNITY_UNIFIED_SHADER_PRECISION_MODEL flags=0 lang=3 type=Vertex platform=gles3 reqs=33 mask=6 start=366 toolchain=1
RunExternalCompiler: begin name=HLSLcc
RunExternalCompiler: begin name=FXC
RunExternalCompiler: end
RunExternalCompiler: begin name=FXC
RunExternalCompiler: end
RunExternalCompiler: end
compileSnippet complete
 ok=1 outsize=7909

Cmd: compileSnippet
  insize=18093 file=Packages/com.unity.render-pipelines.universal/Shaders/PostProcessing/UberPost.shader name=Hidden/Universal Render Pipeline/UberPost pass=UberPost ppOnly=0 stripLineD=0 buildPlatform=20 rsLen=0 pKW=UNITY_ENABLE_REFLECTION_BUFFERS UNITY_USE_DITHER_MASK_FOR_ALPHABLENDED_SHADOWS UNITY_PBS_USE_BRDF1 UNITY_SPECCUBE_BOX_PROJECTION UNITY_SPECCUBE_BLENDING UNITY_ENABLE_DETAIL_NORMALMAP SHADER_API_DESKTOP UNITY_LIGHT_PROBE_PROXY_VOLUME UNITY_LIGHTMAP_FULL_HDR UNITY_PLATFORM_SUPPORTS_DEPTH_FETCH uKW=_BLOOM_LQ_DIRT _DITHERING dKW=DEBUG_DISPLAY SCREEN_COORD_OVERRIDE _POINT_SAMPLING _DISTORTION _CHROMATIC_ABERRATION _BLOOM_LQ _BLOOM_HQ _BLOOM_HQ_DIRT _HDR_GRADING _TONEMAP_ACES _TONEMAP_NEUTRAL _FILM_GRAIN _GAMMA_20 _LINEAR_TO_SRGB_CONVERSION _USE_FAST_SRGB_LINEAR_CONVERSION _ENABLE_ALPHA_OUTPUT HDR_INPUT HDR_ENCODING UNITY_NO_DXT5nm UNITY_FRAMEBUFFER_FETCH_AVAILABLE UNITY_METAL_SHADOWS_USE_POINT_FILTERING UNITY_NO_SCREENSPACE_SHADOWS UNITY_PBS_USE_BRDF2 UNITY_PBS_USE_BRDF3 UNITY_HARDWARE_TIER1 UNITY_HARDWARE_TIER2 UNITY_HARDWARE_TIER3 UNITY_COLORSPACE_GAMMA UNITY_LIGHTMAP_DLDR_ENCODING UNITY_LIGHTMAP_RGBM_ENCODING UNITY_VIRTUAL_TEXTURING UNITY_PRETRANSFORM_TO_DISPLAY_ORIENTATION UNITY_ASTC_NORMALMAP_ENCODING SHADER_API_GLES30 SHADER_API_GLES31 SHADER_API_GLES32 UNITY_UNIFIED_SHADER_PRECISION_MODEL flags=0 lang=3 type=Vertex platform=gles3 reqs=33 mask=6 start=366 toolchain=1
RunExternalCompiler: begin name=HLSLcc
RunExternalCompiler: begin name=FXC
RunExternalCompiler: end
RunExternalCompiler: begin name=FXC
RunExternalCompiler: end
RunExternalCompiler: end
compileSnippet complete
 ok=1 outsize=9361

Cmd: compileSnippet
  insize=18093 file=Packages/com.unity.render-pipelines.universal/Shaders/PostProcessing/UberPost.shader name=Hidden/Universal Render Pipeline/UberPost pass=UberPost ppOnly=0 stripLineD=0 buildPlatform=20 rsLen=0 pKW=UNITY_ENABLE_REFLECTION_BUFFERS UNITY_USE_DITHER_MASK_FOR_ALPHABLENDED_SHADOWS UNITY_PBS_USE_BRDF1 UNITY_SPECCUBE_BOX_PROJECTION UNITY_SPECCUBE_BLENDING UNITY_ENABLE_DETAIL_NORMALMAP SHADER_API_DESKTOP UNITY_LIGHT_PROBE_PROXY_VOLUME UNITY_LIGHTMAP_FULL_HDR UNITY_PLATFORM_SUPPORTS_DEPTH_FETCH uKW=_BLOOM_LQ_DIRT _DITHERING _GAMMA_20 dKW=DEBUG_DISPLAY SCREEN_COORD_OVERRIDE _POINT_SAMPLING _DISTORTION _CHROMATIC_ABERRATION _BLOOM_LQ _BLOOM_HQ _BLOOM_HQ_DIRT _HDR_GRADING _TONEMAP_ACES _TONEMAP_NEUTRAL _FILM_GRAIN _LINEAR_TO_SRGB_CONVERSION _USE_FAST_SRGB_LINEAR_CONVERSION _ENABLE_ALPHA_OUTPUT HDR_INPUT HDR_ENCODING UNITY_NO_DXT5nm UNITY_FRAMEBUFFER_FETCH_AVAILABLE UNITY_METAL_SHADOWS_USE_POINT_FILTERING UNITY_NO_SCREENSPACE_SHADOWS UNITY_PBS_USE_BRDF2 UNITY_PBS_USE_BRDF3 UNITY_HARDWARE_TIER1 UNITY_HARDWARE_TIER2 UNITY_HARDWARE_TIER3 UNITY_COLORSPACE_GAMMA UNITY_LIGHTMAP_DLDR_ENCODING UNITY_LIGHTMAP_RGBM_ENCODING UNITY_VIRTUAL_TEXTURING UNITY_PRETRANSFORM_TO_DISPLAY_ORIENTATION UNITY_ASTC_NORMALMAP_ENCODING SHADER_API_GLES30 SHADER_API_GLES31 SHADER_API_GLES32 UNITY_UNIFIED_SHADER_PRECISION_MODEL flags=0 lang=3 type=Vertex platform=gles3 reqs=33 mask=6 start=366 toolchain=1
RunExternalCompiler: begin name=HLSLcc
RunExternalCompiler: begin name=FXC
RunExternalCompiler: end
RunExternalCompiler: begin name=FXC
RunExternalCompiler: end
RunExternalCompiler: end
compileSnippet complete
 ok=1 outsize=9393

Cmd: compileSnippet
  insize=18093 file=Packages/com.unity.render-pipelines.universal/Shaders/PostProcessing/UberPost.shader name=Hidden/Universal Render Pipeline/UberPost pass=UberPost ppOnly=0 stripLineD=0 buildPlatform=20 rsLen=0 pKW=UNITY_ENABLE_REFLECTION_BUFFERS UNITY_USE_DITHER_MASK_FOR_ALPHABLENDED_SHADOWS UNITY_PBS_USE_BRDF1 UNITY_SPECCUBE_BOX_PROJECTION UNITY_SPECCUBE_BLENDING UNITY_ENABLE_DETAIL_NORMALMAP SHADER_API_DESKTOP UNITY_LIGHT_PROBE_PROXY_VOLUME UNITY_LIGHTMAP_FULL_HDR UNITY_PLATFORM_SUPPORTS_DEPTH_FETCH uKW=_BLOOM_LQ_DIRT _DITHERING _LINEAR_TO_SRGB_CONVERSION dKW=DEBUG_DISPLAY SCREEN_COORD_OVERRIDE _POINT_SAMPLING _DISTORTION _CHROMATIC_ABERRATION _BLOOM_LQ _BLOOM_HQ _BLOOM_HQ_DIRT _HDR_GRADING _TONEMAP_ACES _TONEMAP_NEUTRAL _FILM_GRAIN _GAMMA_20 _USE_FAST_SRGB_LINEAR_CONVERSION _ENABLE_ALPHA_OUTPUT HDR_INPUT HDR_ENCODING UNITY_NO_DXT5nm UNITY_FRAMEBUFFER_FETCH_AVAILABLE UNITY_METAL_SHADOWS_USE_POINT_FILTERING UNITY_NO_SCREENSPACE_SHADOWS UNITY_PBS_USE_BRDF2 UNITY_PBS_USE_BRDF3 UNITY_HARDWARE_TIER1 UNITY_HARDWARE_TIER2 UNITY_HARDWARE_TIER3 UNITY_COLORSPACE_GAMMA UNITY_LIGHTMAP_DLDR_ENCODING UNITY_LIGHTMAP_RGBM_ENCODING UNITY_VIRTUAL_TEXTURING UNITY_PRETRANSFORM_TO_DISPLAY_ORIENTATION UNITY_ASTC_NORMALMAP_ENCODING SHADER_API_GLES30 SHADER_API_GLES31 SHADER_API_GLES32 UNITY_UNIFIED_SHADER_PRECISION_MODEL flags=0 lang=3 type=Vertex platform=gles3 reqs=33 mask=6 start=366 toolchain=1
RunExternalCompiler: begin name=HLSLcc
RunExternalCompiler: begin name=FXC
RunExternalCompiler: end
RunExternalCompiler: begin name=FXC
RunExternalCompiler: end
RunExternalCompiler: end
compileSnippet complete
 ok=1 outsize=10113

Cmd: compileSnippet
  insize=18093 file=Packages/com.unity.render-pipelines.universal/Shaders/PostProcessing/UberPost.shader name=Hidden/Universal Render Pipeline/UberPost pass=UberPost ppOnly=0 stripLineD=0 buildPlatform=20 rsLen=0 pKW=UNITY_ENABLE_REFLECTION_BUFFERS UNITY_USE_DITHER_MASK_FOR_ALPHABLENDED_SHADOWS UNITY_PBS_USE_BRDF1 UNITY_SPECCUBE_BOX_PROJECTION UNITY_SPECCUBE_BLENDING UNITY_ENABLE_DETAIL_NORMALMAP SHADER_API_DESKTOP UNITY_LIGHT_PROBE_PROXY_VOLUME UNITY_LIGHTMAP_FULL_HDR UNITY_PLATFORM_SUPPORTS_DEPTH_FETCH uKW=_BLOOM_LQ_DIRT _FILM_GRAIN dKW=DEBUG_DISPLAY SCREEN_COORD_OVERRIDE _POINT_SAMPLING _DISTORTION _CHROMATIC_ABERRATION _BLOOM_LQ _BLOOM_HQ _BLOOM_HQ_DIRT _HDR_GRADING _TONEMAP_ACES _TONEMAP_NEUTRAL _DITHERING _GAMMA_20 _LINEAR_TO_SRGB_CONVERSION _USE_FAST_SRGB_LINEAR_CONVERSION _ENABLE_ALPHA_OUTPUT HDR_INPUT HDR_ENCODING UNITY_NO_DXT5nm UNITY_FRAMEBUFFER_FETCH_AVAILABLE UNITY_METAL_SHADOWS_USE_POINT_FILTERING UNITY_NO_SCREENSPACE_SHADOWS UNITY_PBS_USE_BRDF2 UNITY_PBS_USE_BRDF3 UNITY_HARDWARE_TIER1 UNITY_HARDWARE_TIER2 UNITY_HARDWARE_TIER3 UNITY_COLORSPACE_GAMMA UNITY_LIGHTMAP_DLDR_ENCODING UNITY_LIGHTMAP_RGBM_ENCODING UNITY_VIRTUAL_TEXTURING UNITY_PRETRANSFORM_TO_DISPLAY_ORIENTATION UNITY_ASTC_NORMALMAP_ENCODING SHADER_API_GLES30 SHADER_API_GLES31 SHADER_API_GLES32 UNITY_UNIFIED_SHADER_PRECISION_MODEL flags=0 lang=3 type=Vertex platform=gles3 reqs=33 mask=6 start=366 toolchain=1
RunExternalCompiler: begin name=HLSLcc
RunExternalCompiler: begin name=FXC
RunExternalCompiler: end
RunExternalCompiler: begin name=FXC
RunExternalCompiler: end
RunExternalCompiler: end
compileSnippet complete
 ok=1 outsize=7961

Cmd: compileSnippet
  insize=18093 file=Packages/com.unity.render-pipelines.universal/Shaders/PostProcessing/UberPost.shader name=Hidden/Universal Render Pipeline/UberPost pass=UberPost ppOnly=0 stripLineD=0 buildPlatform=20 rsLen=0 pKW=UNITY_ENABLE_REFLECTION_BUFFERS UNITY_USE_DITHER_MASK_FOR_ALPHABLENDED_SHADOWS UNITY_PBS_USE_BRDF1 UNITY_SPECCUBE_BOX_PROJECTION UNITY_SPECCUBE_BLENDING UNITY_ENABLE_DETAIL_NORMALMAP SHADER_API_DESKTOP UNITY_LIGHT_PROBE_PROXY_VOLUME UNITY_LIGHTMAP_FULL_HDR UNITY_PLATFORM_SUPPORTS_DEPTH_FETCH uKW=_BLOOM_LQ_DIRT _FILM_GRAIN _GAMMA_20 dKW=DEBUG_DISPLAY SCREEN_COORD_OVERRIDE _POINT_SAMPLING _DISTORTION _CHROMATIC_ABERRATION _BLOOM_LQ _BLOOM_HQ _BLOOM_HQ_DIRT _HDR_GRADING _TONEMAP_ACES _TONEMAP_NEUTRAL _DITHERING _LINEAR_TO_SRGB_CONVERSION _USE_FAST_SRGB_LINEAR_CONVERSION _ENABLE_ALPHA_OUTPUT HDR_INPUT HDR_ENCODING UNITY_NO_DXT5nm UNITY_FRAMEBUFFER_FETCH_AVAILABLE UNITY_METAL_SHADOWS_USE_POINT_FILTERING UNITY_NO_SCREENSPACE_SHADOWS UNITY_PBS_USE_BRDF2 UNITY_PBS_USE_BRDF3 UNITY_HARDWARE_TIER1 UNITY_HARDWARE_TIER2 UNITY_HARDWARE_TIER3 UNITY_COLORSPACE_GAMMA UNITY_LIGHTMAP_DLDR_ENCODING UNITY_LIGHTMAP_RGBM_ENCODING UNITY_VIRTUAL_TEXTURING UNITY_PRETRANSFORM_TO_DISPLAY_ORIENTATION UNITY_ASTC_NORMALMAP_ENCODING SHADER_API_GLES30 SHADER_API_GLES31 SHADER_API_GLES32 UNITY_UNIFIED_SHADER_PRECISION_MODEL flags=0 lang=3 type=Vertex platform=gles3 reqs=33 mask=6 start=366 toolchain=1
RunExternalCompiler: begin name=HLSLcc
RunExternalCompiler: begin name=FXC
RunExternalCompiler: end
RunExternalCompiler: begin name=FXC
RunExternalCompiler: end
RunExternalCompiler: end
compileSnippet complete
 ok=1 outsize=7998

Cmd: compileSnippet
  insize=18093 file=Packages/com.unity.render-pipelines.universal/Shaders/PostProcessing/UberPost.shader name=Hidden/Universal Render Pipeline/UberPost pass=UberPost ppOnly=0 stripLineD=0 buildPlatform=20 rsLen=0 pKW=UNITY_ENABLE_REFLECTION_BUFFERS UNITY_USE_DITHER_MASK_FOR_ALPHABLENDED_SHADOWS UNITY_PBS_USE_BRDF1 UNITY_SPECCUBE_BOX_PROJECTION UNITY_SPECCUBE_BLENDING UNITY_ENABLE_DETAIL_NORMALMAP SHADER_API_DESKTOP UNITY_LIGHT_PROBE_PROXY_VOLUME UNITY_LIGHTMAP_FULL_HDR UNITY_PLATFORM_SUPPORTS_DEPTH_FETCH uKW=_BLOOM_LQ_DIRT _FILM_GRAIN _LINEAR_TO_SRGB_CONVERSION dKW=DEBUG_DISPLAY SCREEN_COORD_OVERRIDE _POINT_SAMPLING _DISTORTION _CHROMATIC_ABERRATION _BLOOM_LQ _BLOOM_HQ _BLOOM_HQ_DIRT _HDR_GRADING _TONEMAP_ACES _TONEMAP_NEUTRAL _DITHERING _GAMMA_20 _USE_FAST_SRGB_LINEAR_CONVERSION _ENABLE_ALPHA_OUTPUT HDR_INPUT HDR_ENCODING UNITY_NO_DXT5nm UNITY_FRAMEBUFFER_FETCH_AVAILABLE UNITY_METAL_SHADOWS_USE_POINT_FILTERING UNITY_NO_SCREENSPACE_SHADOWS UNITY_PBS_USE_BRDF2 UNITY_PBS_USE_BRDF3 UNITY_HARDWARE_TIER1 UNITY_HARDWARE_TIER2 UNITY_HARDWARE_TIER3 UNITY_COLORSPACE_GAMMA UNITY_LIGHTMAP_DLDR_ENCODING UNITY_LIGHTMAP_RGBM_ENCODING UNITY_VIRTUAL_TEXTURING UNITY_PRETRANSFORM_TO_DISPLAY_ORIENTATION UNITY_ASTC_NORMALMAP_ENCODING SHADER_API_GLES30 SHADER_API_GLES31 SHADER_API_GLES32 UNITY_UNIFIED_SHADER_PRECISION_MODEL flags=0 lang=3 type=Vertex platform=gles3 reqs=33 mask=6 start=366 toolchain=1
RunExternalCompiler: begin name=HLSLcc
RunExternalCompiler: begin name=FXC
RunExternalCompiler: end
RunExternalCompiler: begin name=FXC
RunExternalCompiler: end
RunExternalCompiler: end
compileSnippet complete
 ok=1 outsize=8596

Cmd: compileSnippet
  insize=18093 file=Packages/com.unity.render-pipelines.universal/Shaders/PostProcessing/UberPost.shader name=Hidden/Universal Render Pipeline/UberPost pass=UberPost ppOnly=0 stripLineD=0 buildPlatform=20 rsLen=0 pKW=UNITY_ENABLE_REFLECTION_BUFFERS UNITY_USE_DITHER_MASK_FOR_ALPHABLENDED_SHADOWS UNITY_PBS_USE_BRDF1 UNITY_SPECCUBE_BOX_PROJECTION UNITY_SPECCUBE_BLENDING UNITY_ENABLE_DETAIL_NORMALMAP SHADER_API_DESKTOP UNITY_LIGHT_PROBE_PROXY_VOLUME UNITY_LIGHTMAP_FULL_HDR UNITY_PLATFORM_SUPPORTS_DEPTH_FETCH uKW=_BLOOM_LQ_DIRT _FILM_GRAIN _DITHERING dKW=DEBUG_DISPLAY SCREEN_COORD_OVERRIDE _POINT_SAMPLING _DISTORTION _CHROMATIC_ABERRATION _BLOOM_LQ _BLOOM_HQ _BLOOM_HQ_DIRT _HDR_GRADING _TONEMAP_ACES _TONEMAP_NEUTRAL _GAMMA_20 _LINEAR_TO_SRGB_CONVERSION _USE_FAST_SRGB_LINEAR_CONVERSION _ENABLE_ALPHA_OUTPUT HDR_INPUT HDR_ENCODING UNITY_NO_DXT5nm UNITY_FRAMEBUFFER_FETCH_AVAILABLE UNITY_METAL_SHADOWS_USE_POINT_FILTERING UNITY_NO_SCREENSPACE_SHADOWS UNITY_PBS_USE_BRDF2 UNITY_PBS_USE_BRDF3 UNITY_HARDWARE_TIER1 UNITY_HARDWARE_TIER2 UNITY_HARDWARE_TIER3 UNITY_COLORSPACE_GAMMA UNITY_LIGHTMAP_DLDR_ENCODING UNITY_LIGHTMAP_RGBM_ENCODING UNITY_VIRTUAL_TEXTURING UNITY_PRETRANSFORM_TO_DISPLAY_ORIENTATION UNITY_ASTC_NORMALMAP_ENCODING SHADER_API_GLES30 SHADER_API_GLES31 SHADER_API_GLES32 UNITY_UNIFIED_SHADER_PRECISION_MODEL flags=0 lang=3 type=Vertex platform=gles3 reqs=33 mask=6 start=366 toolchain=1
RunExternalCompiler: begin name=HLSLcc
RunExternalCompiler: begin name=FXC
RunExternalCompiler: end
RunExternalCompiler: begin name=FXC
RunExternalCompiler: end
RunExternalCompiler: end
compileSnippet complete
 ok=1 outsize=10048

Cmd: compileSnippet
  insize=18093 file=Packages/com.unity.render-pipelines.universal/Shaders/PostProcessing/UberPost.shader name=Hidden/Universal Render Pipeline/UberPost pass=UberPost ppOnly=0 stripLineD=0 buildPlatform=20 rsLen=0 pKW=UNITY_ENABLE_REFLECTION_BUFFERS UNITY_USE_DITHER_MASK_FOR_ALPHABLENDED_SHADOWS UNITY_PBS_USE_BRDF1 UNITY_SPECCUBE_BOX_PROJECTION UNITY_SPECCUBE_BLENDING UNITY_ENABLE_DETAIL_NORMALMAP SHADER_API_DESKTOP UNITY_LIGHT_PROBE_PROXY_VOLUME UNITY_LIGHTMAP_FULL_HDR UNITY_PLATFORM_SUPPORTS_DEPTH_FETCH uKW=_BLOOM_LQ_DIRT _FILM_GRAIN _DITHERING _GAMMA_20 dKW=DEBUG_DISPLAY SCREEN_COORD_OVERRIDE _POINT_SAMPLING _DISTORTION _CHROMATIC_ABERRATION _BLOOM_LQ _BLOOM_HQ _BLOOM_HQ_DIRT _HDR_GRADING _TONEMAP_ACES _TONEMAP_NEUTRAL _LINEAR_TO_SRGB_CONVERSION _USE_FAST_SRGB_LINEAR_CONVERSION _ENABLE_ALPHA_OUTPUT HDR_INPUT HDR_ENCODING UNITY_NO_DXT5nm UNITY_FRAMEBUFFER_FETCH_AVAILABLE UNITY_METAL_SHADOWS_USE_POINT_FILTERING UNITY_NO_SCREENSPACE_SHADOWS UNITY_PBS_USE_BRDF2 UNITY_PBS_USE_BRDF3 UNITY_HARDWARE_TIER1 UNITY_HARDWARE_TIER2 UNITY_HARDWARE_TIER3 UNITY_COLORSPACE_GAMMA UNITY_LIGHTMAP_DLDR_ENCODING UNITY_LIGHTMAP_RGBM_ENCODING UNITY_VIRTUAL_TEXTURING UNITY_PRETRANSFORM_TO_DISPLAY_ORIENTATION UNITY_ASTC_NORMALMAP_ENCODING SHADER_API_GLES30 SHADER_API_GLES31 SHADER_API_GLES32 UNITY_UNIFIED_SHADER_PRECISION_MODEL flags=0 lang=3 type=Vertex platform=gles3 reqs=33 mask=6 start=366 toolchain=1
RunExternalCompiler: begin name=HLSLcc
RunExternalCompiler: begin name=FXC
RunExternalCompiler: end
RunExternalCompiler: begin name=FXC
RunExternalCompiler: end
RunExternalCompiler: end
compileSnippet complete
 ok=1 outsize=10080

Cmd: compileSnippet
  insize=18093 file=Packages/com.unity.render-pipelines.universal/Shaders/PostProcessing/UberPost.shader name=Hidden/Universal Render Pipeline/UberPost pass=UberPost ppOnly=0 stripLineD=0 buildPlatform=20 rsLen=0 pKW=UNITY_ENABLE_REFLECTION_BUFFERS UNITY_USE_DITHER_MASK_FOR_ALPHABLENDED_SHADOWS UNITY_PBS_USE_BRDF1 UNITY_SPECCUBE_BOX_PROJECTION UNITY_SPECCUBE_BLENDING UNITY_ENABLE_DETAIL_NORMALMAP SHADER_API_DESKTOP UNITY_LIGHT_PROBE_PROXY_VOLUME UNITY_LIGHTMAP_FULL_HDR UNITY_PLATFORM_SUPPORTS_DEPTH_FETCH uKW=_BLOOM_LQ_DIRT _FILM_GRAIN _DITHERING _LINEAR_TO_SRGB_CONVERSION dKW=DEBUG_DISPLAY SCREEN_COORD_OVERRIDE _POINT_SAMPLING _DISTORTION _CHROMATIC_ABERRATION _BLOOM_LQ _BLOOM_HQ _BLOOM_HQ_DIRT _HDR_GRADING _TONEMAP_ACES _TONEMAP_NEUTRAL _GAMMA_20 _USE_FAST_SRGB_LINEAR_CONVERSION _ENABLE_ALPHA_OUTPUT HDR_INPUT HDR_ENCODING UNITY_NO_DXT5nm UNITY_FRAMEBUFFER_FETCH_AVAILABLE UNITY_METAL_SHADOWS_USE_POINT_FILTERING UNITY_NO_SCREENSPACE_SHADOWS UNITY_PBS_USE_BRDF2 UNITY_PBS_USE_BRDF3 UNITY_HARDWARE_TIER1 UNITY_HARDWARE_TIER2 UNITY_HARDWARE_TIER3 UNITY_COLORSPACE_GAMMA UNITY_LIGHTMAP_DLDR_ENCODING UNITY_LIGHTMAP_RGBM_ENCODING UNITY_VIRTUAL_TEXTURING UNITY_PRETRANSFORM_TO_DISPLAY_ORIENTATION UNITY_ASTC_NORMALMAP_ENCODING SHADER_API_GLES30 SHADER_API_GLES31 SHADER_API_GLES32 UNITY_UNIFIED_SHADER_PRECISION_MODEL flags=0 lang=3 type=Vertex platform=gles3 reqs=33 mask=6 start=366 toolchain=1
RunExternalCompiler: begin name=HLSLcc
RunExternalCompiler: begin name=FXC
RunExternalCompiler: end
RunExternalCompiler: begin name=FXC
RunExternalCompiler: end
RunExternalCompiler: end
compileSnippet complete
 ok=1 outsize=10800

Cmd: compileSnippet
  insize=18093 file=Packages/com.unity.render-pipelines.universal/Shaders/PostProcessing/UberPost.shader name=Hidden/Universal Render Pipeline/UberPost pass=UberPost ppOnly=0 stripLineD=0 buildPlatform=20 rsLen=0 pKW=UNITY_ENABLE_REFLECTION_BUFFERS UNITY_USE_DITHER_MASK_FOR_ALPHABLENDED_SHADOWS UNITY_PBS_USE_BRDF1 UNITY_SPECCUBE_BOX_PROJECTION UNITY_SPECCUBE_BLENDING UNITY_ENABLE_DETAIL_NORMALMAP SHADER_API_DESKTOP UNITY_LIGHT_PROBE_PROXY_VOLUME UNITY_LIGHTMAP_FULL_HDR UNITY_PLATFORM_SUPPORTS_DEPTH_FETCH uKW=_DISTORTION _CHROMATIC_ABERRATION _BLOOM_LQ_DIRT _TONEMAP_NEUTRAL _FILM_GRAIN _DITHERING _LINEAR_TO_SRGB_CONVERSION dKW=DEBUG_DISPLAY SCREEN_COORD_OVERRIDE _POINT_SAMPLING _BLOOM_LQ _BLOOM_HQ _BLOOM_HQ_DIRT _HDR_GRADING _TONEMAP_ACES _GAMMA_20 _USE_FAST_SRGB_LINEAR_CONVERSION _ENABLE_ALPHA_OUTPUT HDR_INPUT HDR_ENCODING UNITY_NO_DXT5nm UNITY_FRAMEBUFFER_FETCH_AVAILABLE UNITY_METAL_SHADOWS_USE_POINT_FILTERING UNITY_NO_SCREENSPACE_SHADOWS UNITY_PBS_USE_BRDF2 UNITY_PBS_USE_BRDF3 UNITY_HARDWARE_TIER1 UNITY_HARDWARE_TIER2 UNITY_HARDWARE_TIER3 UNITY_COLORSPACE_GAMMA UNITY_LIGHTMAP_DLDR_ENCODING UNITY_LIGHTMAP_RGBM_ENCODING UNITY_VIRTUAL_TEXTURING UNITY_PRETRANSFORM_TO_DISPLAY_ORIENTATION UNITY_ASTC_NORMALMAP_ENCODING SHADER_API_GLES30 SHADER_API_GLES31 SHADER_API_GLES32 UNITY_UNIFIED_SHADER_PRECISION_MODEL flags=0 lang=3 type=Vertex platform=gles3 reqs=33 mask=6 start=366 toolchain=1
RunExternalCompiler: begin name=HLSLcc
RunExternalCompiler: begin name=FXC
RunExternalCompiler: end
RunExternalCompiler: begin name=FXC
RunExternalCompiler: end
RunExternalCompiler: end
compileSnippet complete
 ok=1 outsize=17827

Cmd: compileSnippet
  insize=18093 file=Packages/com.unity.render-pipelines.universal/Shaders/PostProcessing/UberPost.shader name=Hidden/Universal Render Pipeline/UberPost pass=UberPost ppOnly=0 stripLineD=0 buildPlatform=20 rsLen=0 pKW=UNITY_ENABLE_REFLECTION_BUFFERS UNITY_USE_DITHER_MASK_FOR_ALPHABLENDED_SHADOWS UNITY_PBS_USE_BRDF1 UNITY_SPECCUBE_BOX_PROJECTION UNITY_SPECCUBE_BLENDING UNITY_ENABLE_DETAIL_NORMALMAP SHADER_API_DESKTOP UNITY_LIGHT_PROBE_PROXY_VOLUME UNITY_LIGHTMAP_FULL_HDR UNITY_PLATFORM_SUPPORTS_DEPTH_FETCH uKW=_DISTORTION _CHROMATIC_ABERRATION _BLOOM_LQ_DIRT _TONEMAP_NEUTRAL _FILM_GRAIN _DITHERING _GAMMA_20 dKW=DEBUG_DISPLAY SCREEN_COORD_OVERRIDE _POINT_SAMPLING _BLOOM_LQ _BLOOM_HQ _BLOOM_HQ_DIRT _HDR_GRADING _TONEMAP_ACES _LINEAR_TO_SRGB_CONVERSION _USE_FAST_SRGB_LINEAR_CONVERSION _ENABLE_ALPHA_OUTPUT HDR_INPUT HDR_ENCODING UNITY_NO_DXT5nm UNITY_FRAMEBUFFER_FETCH_AVAILABLE UNITY_METAL_SHADOWS_USE_POINT_FILTERING UNITY_NO_SCREENSPACE_SHADOWS UNITY_PBS_USE_BRDF2 UNITY_PBS_USE_BRDF3 UNITY_HARDWARE_TIER1 UNITY_HARDWARE_TIER2 UNITY_HARDWARE_TIER3 UNITY_COLORSPACE_GAMMA UNITY_LIGHTMAP_DLDR_ENCODING UNITY_LIGHTMAP_RGBM_ENCODING UNITY_VIRTUAL_TEXTURING UNITY_PRETRANSFORM_TO_DISPLAY_ORIENTATION UNITY_ASTC_NORMALMAP_ENCODING SHADER_API_GLES30 SHADER_API_GLES31 SHADER_API_GLES32 UNITY_UNIFIED_SHADER_PRECISION_MODEL flags=0 lang=3 type=Vertex platform=gles3 reqs=33 mask=6 start=366 toolchain=1
RunExternalCompiler: begin name=HLSLcc
RunExternalCompiler: begin name=FXC
RunExternalCompiler: end
RunExternalCompiler: begin name=FXC
RunExternalCompiler: end
RunExternalCompiler: end
compileSnippet complete
 ok=1 outsize=17107

Cmd: compileSnippet
  insize=18093 file=Packages/com.unity.render-pipelines.universal/Shaders/PostProcessing/UberPost.shader name=Hidden/Universal Render Pipeline/UberPost pass=UberPost ppOnly=0 stripLineD=0 buildPlatform=20 rsLen=0 pKW=UNITY_ENABLE_REFLECTION_BUFFERS UNITY_USE_DITHER_MASK_FOR_ALPHABLENDED_SHADOWS UNITY_PBS_USE_BRDF1 UNITY_SPECCUBE_BOX_PROJECTION UNITY_SPECCUBE_BLENDING UNITY_ENABLE_DETAIL_NORMALMAP SHADER_API_DESKTOP UNITY_LIGHT_PROBE_PROXY_VOLUME UNITY_LIGHTMAP_FULL_HDR UNITY_PLATFORM_SUPPORTS_DEPTH_FETCH uKW=_DISTORTION _CHROMATIC_ABERRATION _BLOOM_LQ_DIRT _TONEMAP_NEUTRAL _FILM_GRAIN _DITHERING dKW=DEBUG_DISPLAY SCREEN_COORD_OVERRIDE _POINT_SAMPLING _BLOOM_LQ _BLOOM_HQ _BLOOM_HQ_DIRT _HDR_GRADING _TONEMAP_ACES _GAMMA_20 _LINEAR_TO_SRGB_CONVERSION _USE_FAST_SRGB_LINEAR_CONVERSION _ENABLE_ALPHA_OUTPUT HDR_INPUT HDR_ENCODING UNITY_NO_DXT5nm UNITY_FRAMEBUFFER_FETCH_AVAILABLE UNITY_METAL_SHADOWS_USE_POINT_FILTERING UNITY_NO_SCREENSPACE_SHADOWS UNITY_PBS_USE_BRDF2 UNITY_PBS_USE_BRDF3 UNITY_HARDWARE_TIER1 UNITY_HARDWARE_TIER2 UNITY_HARDWARE_TIER3 UNITY_COLORSPACE_GAMMA UNITY_LIGHTMAP_DLDR_ENCODING UNITY_LIGHTMAP_RGBM_ENCODING UNITY_VIRTUAL_TEXTURING UNITY_PRETRANSFORM_TO_DISPLAY_ORIENTATION UNITY_ASTC_NORMALMAP_ENCODING SHADER_API_GLES30 SHADER_API_GLES31 SHADER_API_GLES32 UNITY_UNIFIED_SHADER_PRECISION_MODEL flags=0 lang=3 type=Vertex platform=gles3 reqs=33 mask=6 start=366 toolchain=1
RunExternalCompiler: begin name=HLSLcc
RunExternalCompiler: begin name=FXC
RunExternalCompiler: end
RunExternalCompiler: begin name=FXC
RunExternalCompiler: end
RunExternalCompiler: end
compileSnippet complete
 ok=1 outsize=17075

Cmd: compileSnippet
  insize=18093 file=Packages/com.unity.render-pipelines.universal/Shaders/PostProcessing/UberPost.shader name=Hidden/Universal Render Pipeline/UberPost pass=UberPost ppOnly=0 stripLineD=0 buildPlatform=20 rsLen=0 pKW=UNITY_ENABLE_REFLECTION_BUFFERS UNITY_USE_DITHER_MASK_FOR_ALPHABLENDED_SHADOWS UNITY_PBS_USE_BRDF1 UNITY_SPECCUBE_BOX_PROJECTION UNITY_SPECCUBE_BLENDING UNITY_ENABLE_DETAIL_NORMALMAP SHADER_API_DESKTOP UNITY_LIGHT_PROBE_PROXY_VOLUME UNITY_LIGHTMAP_FULL_HDR UNITY_PLATFORM_SUPPORTS_DEPTH_FETCH uKW=_DISTORTION _CHROMATIC_ABERRATION _BLOOM_LQ_DIRT _TONEMAP_NEUTRAL _FILM_GRAIN _LINEAR_TO_SRGB_CONVERSION dKW=DEBUG_DISPLAY SCREEN_COORD_OVERRIDE _POINT_SAMPLING _BLOOM_LQ _BLOOM_HQ _BLOOM_HQ_DIRT _HDR_GRADING _TONEMAP_ACES _DITHERING _GAMMA_20 _USE_FAST_SRGB_LINEAR_CONVERSION _ENABLE_ALPHA_OUTPUT HDR_INPUT HDR_ENCODING UNITY_NO_DXT5nm UNITY_FRAMEBUFFER_FETCH_AVAILABLE UNITY_METAL_SHADOWS_USE_POINT_FILTERING UNITY_NO_SCREENSPACE_SHADOWS UNITY_PBS_USE_BRDF2 UNITY_PBS_USE_BRDF3 UNITY_HARDWARE_TIER1 UNITY_HARDWARE_TIER2 UNITY_HARDWARE_TIER3 UNITY_COLORSPACE_GAMMA UNITY_LIGHTMAP_DLDR_ENCODING UNITY_LIGHTMAP_RGBM_ENCODING UNITY_VIRTUAL_TEXTURING UNITY_PRETRANSFORM_TO_DISPLAY_ORIENTATION UNITY_ASTC_NORMALMAP_ENCODING SHADER_API_GLES30 SHADER_API_GLES31 SHADER_API_GLES32 UNITY_UNIFIED_SHADER_PRECISION_MODEL flags=0 lang=3 type=Vertex platform=gles3 reqs=33 mask=6 start=366 toolchain=1
RunExternalCompiler: begin name=HLSLcc
RunExternalCompiler: begin name=FXC
RunExternalCompiler: end
RunExternalCompiler: begin name=FXC
RunExternalCompiler: end
RunExternalCompiler: end
compileSnippet complete
 ok=1 outsize=15623

Cmd: compileSnippet
  insize=18093 file=Packages/com.unity.render-pipelines.universal/Shaders/PostProcessing/UberPost.shader name=Hidden/Universal Render Pipeline/UberPost pass=UberPost ppOnly=0 stripLineD=0 buildPlatform=20 rsLen=0 pKW=UNITY_ENABLE_REFLECTION_BUFFERS UNITY_USE_DITHER_MASK_FOR_ALPHABLENDED_SHADOWS UNITY_PBS_USE_BRDF1 UNITY_SPECCUBE_BOX_PROJECTION UNITY_SPECCUBE_BLENDING UNITY_ENABLE_DETAIL_NORMALMAP SHADER_API_DESKTOP UNITY_LIGHT_PROBE_PROXY_VOLUME UNITY_LIGHTMAP_FULL_HDR UNITY_PLATFORM_SUPPORTS_DEPTH_FETCH uKW=_DISTORTION _CHROMATIC_ABERRATION _BLOOM_LQ_DIRT _TONEMAP_NEUTRAL _FILM_GRAIN _GAMMA_20 dKW=DEBUG_DISPLAY SCREEN_COORD_OVERRIDE _POINT_SAMPLING _BLOOM_LQ _BLOOM_HQ _BLOOM_HQ_DIRT _HDR_GRADING _TONEMAP_ACES _DITHERING _LINEAR_TO_SRGB_CONVERSION _USE_FAST_SRGB_LINEAR_CONVERSION _ENABLE_ALPHA_OUTPUT HDR_INPUT HDR_ENCODING UNITY_NO_DXT5nm UNITY_FRAMEBUFFER_FETCH_AVAILABLE UNITY_METAL_SHADOWS_USE_POINT_FILTERING UNITY_NO_SCREENSPACE_SHADOWS UNITY_PBS_USE_BRDF2 UNITY_PBS_USE_BRDF3 UNITY_HARDWARE_TIER1 UNITY_HARDWARE_TIER2 UNITY_HARDWARE_TIER3 UNITY_COLORSPACE_GAMMA UNITY_LIGHTMAP_DLDR_ENCODING UNITY_LIGHTMAP_RGBM_ENCODING UNITY_VIRTUAL_TEXTURING UNITY_PRETRANSFORM_TO_DISPLAY_ORIENTATION UNITY_ASTC_NORMALMAP_ENCODING SHADER_API_GLES30 SHADER_API_GLES31 SHADER_API_GLES32 UNITY_UNIFIED_SHADER_PRECISION_MODEL flags=0 lang=3 type=Vertex platform=gles3 reqs=33 mask=6 start=366 toolchain=1
RunExternalCompiler: begin name=HLSLcc
RunExternalCompiler: begin name=FXC
RunExternalCompiler: end
RunExternalCompiler: begin name=FXC
RunExternalCompiler: end
RunExternalCompiler: end
compileSnippet complete
 ok=1 outsize=15025

Cmd: compileSnippet
  insize=18093 file=Packages/com.unity.render-pipelines.universal/Shaders/PostProcessing/UberPost.shader name=Hidden/Universal Render Pipeline/UberPost pass=UberPost ppOnly=0 stripLineD=0 buildPlatform=20 rsLen=0 pKW=UNITY_ENABLE_REFLECTION_BUFFERS UNITY_USE_DITHER_MASK_FOR_ALPHABLENDED_SHADOWS UNITY_PBS_USE_BRDF1 UNITY_SPECCUBE_BOX_PROJECTION UNITY_SPECCUBE_BLENDING UNITY_ENABLE_DETAIL_NORMALMAP SHADER_API_DESKTOP UNITY_LIGHT_PROBE_PROXY_VOLUME UNITY_LIGHTMAP_FULL_HDR UNITY_PLATFORM_SUPPORTS_DEPTH_FETCH uKW=_DISTORTION _CHROMATIC_ABERRATION _BLOOM_LQ_DIRT _TONEMAP_NEUTRAL _FILM_GRAIN dKW=DEBUG_DISPLAY SCREEN_COORD_OVERRIDE _POINT_SAMPLING _BLOOM_LQ _BLOOM_HQ _BLOOM_HQ_DIRT _HDR_GRADING _TONEMAP_ACES _DITHERING _GAMMA_20 _LINEAR_TO_SRGB_CONVERSION _USE_FAST_SRGB_LINEAR_CONVERSION _ENABLE_ALPHA_OUTPUT HDR_INPUT HDR_ENCODING UNITY_NO_DXT5nm UNITY_FRAMEBUFFER_FETCH_AVAILABLE UNITY_METAL_SHADOWS_USE_POINT_FILTERING UNITY_NO_SCREENSPACE_SHADOWS UNITY_PBS_USE_BRDF2 UNITY_PBS_USE_BRDF3 UNITY_HARDWARE_TIER1 UNITY_HARDWARE_TIER2 UNITY_HARDWARE_TIER3 UNITY_COLORSPACE_GAMMA UNITY_LIGHTMAP_DLDR_ENCODING UNITY_LIGHTMAP_RGBM_ENCODING UNITY_VIRTUAL_TEXTURING UNITY_PRETRANSFORM_TO_DISPLAY_ORIENTATION UNITY_ASTC_NORMALMAP_ENCODING SHADER_API_GLES30 SHADER_API_GLES31 SHADER_API_GLES32 UNITY_UNIFIED_SHADER_PRECISION_MODEL flags=0 lang=3 type=Vertex platform=gles3 reqs=33 mask=6 start=366 toolchain=1
RunExternalCompiler: begin name=HLSLcc
RunExternalCompiler: begin name=FXC
RunExternalCompiler: end
RunExternalCompiler: begin name=FXC
RunExternalCompiler: end
RunExternalCompiler: end
compileSnippet complete
 ok=1 outsize=14988

Cmd: compileSnippet
  insize=18093 file=Packages/com.unity.render-pipelines.universal/Shaders/PostProcessing/UberPost.shader name=Hidden/Universal Render Pipeline/UberPost pass=UberPost ppOnly=0 stripLineD=0 buildPlatform=20 rsLen=0 pKW=UNITY_ENABLE_REFLECTION_BUFFERS UNITY_USE_DITHER_MASK_FOR_ALPHABLENDED_SHADOWS UNITY_PBS_USE_BRDF1 UNITY_SPECCUBE_BOX_PROJECTION UNITY_SPECCUBE_BLENDING UNITY_ENABLE_DETAIL_NORMALMAP SHADER_API_DESKTOP UNITY_LIGHT_PROBE_PROXY_VOLUME UNITY_LIGHTMAP_FULL_HDR UNITY_PLATFORM_SUPPORTS_DEPTH_FETCH uKW=_DISTORTION _CHROMATIC_ABERRATION _BLOOM_LQ_DIRT _TONEMAP_NEUTRAL _DITHERING _LINEAR_TO_SRGB_CONVERSION dKW=DEBUG_DISPLAY SCREEN_COORD_OVERRIDE _POINT_SAMPLING _BLOOM_LQ _BLOOM_HQ _BLOOM_HQ_DIRT _HDR_GRADING _TONEMAP_ACES _FILM_GRAIN _GAMMA_20 _USE_FAST_SRGB_LINEAR_CONVERSION _ENABLE_ALPHA_OUTPUT HDR_INPUT HDR_ENCODING UNITY_NO_DXT5nm UNITY_FRAMEBUFFER_FETCH_AVAILABLE UNITY_METAL_SHADOWS_USE_POINT_FILTERING UNITY_NO_SCREENSPACE_SHADOWS UNITY_PBS_USE_BRDF2 UNITY_PBS_USE_BRDF3 UNITY_HARDWARE_TIER1 UNITY_HARDWARE_TIER2 UNITY_HARDWARE_TIER3 UNITY_COLORSPACE_GAMMA UNITY_LIGHTMAP_DLDR_ENCODING UNITY_LIGHTMAP_RGBM_ENCODING UNITY_VIRTUAL_TEXTURING UNITY_PRETRANSFORM_TO_DISPLAY_ORIENTATION UNITY_ASTC_NORMALMAP_ENCODING SHADER_API_GLES30 SHADER_API_GLES31 SHADER_API_GLES32 UNITY_UNIFIED_SHADER_PRECISION_MODEL flags=0 lang=3 type=Vertex platform=gles3 reqs=33 mask=6 start=366 toolchain=1
RunExternalCompiler: begin name=HLSLcc
RunExternalCompiler: begin name=FXC
RunExternalCompiler: end
RunExternalCompiler: begin name=FXC
RunExternalCompiler: end
RunExternalCompiler: end
compileSnippet complete
 ok=1 outsize=17140

Cmd: compileSnippet
  insize=18093 file=Packages/com.unity.render-pipelines.universal/Shaders/PostProcessing/UberPost.shader name=Hidden/Universal Render Pipeline/UberPost pass=UberPost ppOnly=0 stripLineD=0 buildPlatform=20 rsLen=0 pKW=UNITY_ENABLE_REFLECTION_BUFFERS UNITY_USE_DITHER_MASK_FOR_ALPHABLENDED_SHADOWS UNITY_PBS_USE_BRDF1 UNITY_SPECCUBE_BOX_PROJECTION UNITY_SPECCUBE_BLENDING UNITY_ENABLE_DETAIL_NORMALMAP SHADER_API_DESKTOP UNITY_LIGHT_PROBE_PROXY_VOLUME UNITY_LIGHTMAP_FULL_HDR UNITY_PLATFORM_SUPPORTS_DEPTH_FETCH uKW=_DISTORTION _CHROMATIC_ABERRATION _BLOOM_LQ_DIRT _TONEMAP_NEUTRAL _DITHERING _GAMMA_20 dKW=DEBUG_DISPLAY SCREEN_COORD_OVERRIDE _POINT_SAMPLING _BLOOM_LQ _BLOOM_HQ _BLOOM_HQ_DIRT _HDR_GRADING _TONEMAP_ACES _FILM_GRAIN _LINEAR_TO_SRGB_CONVERSION _USE_FAST_SRGB_LINEAR_CONVERSION _ENABLE_ALPHA_OUTPUT HDR_INPUT HDR_ENCODING UNITY_NO_DXT5nm UNITY_FRAMEBUFFER_FETCH_AVAILABLE UNITY_METAL_SHADOWS_USE_POINT_FILTERING UNITY_NO_SCREENSPACE_SHADOWS UNITY_PBS_USE_BRDF2 UNITY_PBS_USE_BRDF3 UNITY_HARDWARE_TIER1 UNITY_HARDWARE_TIER2 UNITY_HARDWARE_TIER3 UNITY_COLORSPACE_GAMMA UNITY_LIGHTMAP_DLDR_ENCODING UNITY_LIGHTMAP_RGBM_ENCODING UNITY_VIRTUAL_TEXTURING UNITY_PRETRANSFORM_TO_DISPLAY_ORIENTATION UNITY_ASTC_NORMALMAP_ENCODING SHADER_API_GLES30 SHADER_API_GLES31 SHADER_API_GLES32 UNITY_UNIFIED_SHADER_PRECISION_MODEL flags=0 lang=3 type=Vertex platform=gles3 reqs=33 mask=6 start=366 toolchain=1
RunExternalCompiler: begin name=HLSLcc
RunExternalCompiler: begin name=FXC
RunExternalCompiler: end
RunExternalCompiler: begin name=FXC
RunExternalCompiler: end
RunExternalCompiler: end
compileSnippet complete
 ok=1 outsize=16420

Cmd: compileSnippet
  insize=18093 file=Packages/com.unity.render-pipelines.universal/Shaders/PostProcessing/UberPost.shader name=Hidden/Universal Render Pipeline/UberPost pass=UberPost ppOnly=0 stripLineD=0 buildPlatform=20 rsLen=0 pKW=UNITY_ENABLE_REFLECTION_BUFFERS UNITY_USE_DITHER_MASK_FOR_ALPHABLENDED_SHADOWS UNITY_PBS_USE_BRDF1 UNITY_SPECCUBE_BOX_PROJECTION UNITY_SPECCUBE_BLENDING UNITY_ENABLE_DETAIL_NORMALMAP SHADER_API_DESKTOP UNITY_LIGHT_PROBE_PROXY_VOLUME UNITY_LIGHTMAP_FULL_HDR UNITY_PLATFORM_SUPPORTS_DEPTH_FETCH uKW=_DISTORTION _CHROMATIC_ABERRATION _BLOOM_LQ_DIRT _TONEMAP_NEUTRAL _DITHERING dKW=DEBUG_DISPLAY SCREEN_COORD_OVERRIDE _POINT_SAMPLING _BLOOM_LQ _BLOOM_HQ _BLOOM_HQ_DIRT _HDR_GRADING _TONEMAP_ACES _FILM_GRAIN _GAMMA_20 _LINEAR_TO_SRGB_CONVERSION _USE_FAST_SRGB_LINEAR_CONVERSION _ENABLE_ALPHA_OUTPUT HDR_INPUT HDR_ENCODING UNITY_NO_DXT5nm UNITY_FRAMEBUFFER_FETCH_AVAILABLE UNITY_METAL_SHADOWS_USE_POINT_FILTERING UNITY_NO_SCREENSPACE_SHADOWS UNITY_PBS_USE_BRDF2 UNITY_PBS_USE_BRDF3 UNITY_HARDWARE_TIER1 UNITY_HARDWARE_TIER2 UNITY_HARDWARE_TIER3 UNITY_COLORSPACE_GAMMA UNITY_LIGHTMAP_DLDR_ENCODING UNITY_LIGHTMAP_RGBM_ENCODING UNITY_VIRTUAL_TEXTURING UNITY_PRETRANSFORM_TO_DISPLAY_ORIENTATION UNITY_ASTC_NORMALMAP_ENCODING SHADER_API_GLES30 SHADER_API_GLES31 SHADER_API_GLES32 UNITY_UNIFIED_SHADER_PRECISION_MODEL flags=0 lang=3 type=Vertex platform=gles3 reqs=33 mask=6 start=366 toolchain=1
RunExternalCompiler: begin name=HLSLcc
RunExternalCompiler: begin name=FXC
RunExternalCompiler: end
RunExternalCompiler: begin name=FXC
RunExternalCompiler: end
RunExternalCompiler: end
compileSnippet complete
 ok=1 outsize=16388

Cmd: compileSnippet
  insize=18093 file=Packages/com.unity.render-pipelines.universal/Shaders/PostProcessing/UberPost.shader name=Hidden/Universal Render Pipeline/UberPost pass=UberPost ppOnly=0 stripLineD=0 buildPlatform=20 rsLen=0 pKW=UNITY_ENABLE_REFLECTION_BUFFERS UNITY_USE_DITHER_MASK_FOR_ALPHABLENDED_SHADOWS UNITY_PBS_USE_BRDF1 UNITY_SPECCUBE_BOX_PROJECTION UNITY_SPECCUBE_BLENDING UNITY_ENABLE_DETAIL_NORMALMAP SHADER_API_DESKTOP UNITY_LIGHT_PROBE_PROXY_VOLUME UNITY_LIGHTMAP_FULL_HDR UNITY_PLATFORM_SUPPORTS_DEPTH_FETCH uKW=_DISTORTION _CHROMATIC_ABERRATION _BLOOM_LQ_DIRT _TONEMAP_NEUTRAL _LINEAR_TO_SRGB_CONVERSION dKW=DEBUG_DISPLAY SCREEN_COORD_OVERRIDE _POINT_SAMPLING _BLOOM_LQ _BLOOM_HQ _BLOOM_HQ_DIRT _HDR_GRADING _TONEMAP_ACES _FILM_GRAIN _DITHERING _GAMMA_20 _USE_FAST_SRGB_LINEAR_CONVERSION _ENABLE_ALPHA_OUTPUT HDR_INPUT HDR_ENCODING UNITY_NO_DXT5nm UNITY_FRAMEBUFFER_FETCH_AVAILABLE UNITY_METAL_SHADOWS_USE_POINT_FILTERING UNITY_NO_SCREENSPACE_SHADOWS UNITY_PBS_USE_BRDF2 UNITY_PBS_USE_BRDF3 UNITY_HARDWARE_TIER1 UNITY_HARDWARE_TIER2 UNITY_HARDWARE_TIER3 UNITY_COLORSPACE_GAMMA UNITY_LIGHTMAP_DLDR_ENCODING UNITY_LIGHTMAP_RGBM_ENCODING UNITY_VIRTUAL_TEXTURING UNITY_PRETRANSFORM_TO_DISPLAY_ORIENTATION UNITY_ASTC_NORMALMAP_ENCODING SHADER_API_GLES30 SHADER_API_GLES31 SHADER_API_GLES32 UNITY_UNIFIED_SHADER_PRECISION_MODEL flags=0 lang=3 type=Vertex platform=gles3 reqs=33 mask=6 start=366 toolchain=1
RunExternalCompiler: begin name=HLSLcc
RunExternalCompiler: begin name=FXC
RunExternalCompiler: end
RunExternalCompiler: begin name=FXC
RunExternalCompiler: end
RunExternalCompiler: end
compileSnippet complete
 ok=1 outsize=14936

Cmd: compileSnippet
  insize=18093 file=Packages/com.unity.render-pipelines.universal/Shaders/PostProcessing/UberPost.shader name=Hidden/Universal Render Pipeline/UberPost pass=UberPost ppOnly=0 stripLineD=0 buildPlatform=20 rsLen=0 pKW=UNITY_ENABLE_REFLECTION_BUFFERS UNITY_USE_DITHER_MASK_FOR_ALPHABLENDED_SHADOWS UNITY_PBS_USE_BRDF1 UNITY_SPECCUBE_BOX_PROJECTION UNITY_SPECCUBE_BLENDING UNITY_ENABLE_DETAIL_NORMALMAP SHADER_API_DESKTOP UNITY_LIGHT_PROBE_PROXY_VOLUME UNITY_LIGHTMAP_FULL_HDR UNITY_PLATFORM_SUPPORTS_DEPTH_FETCH uKW=_DISTORTION _CHROMATIC_ABERRATION _BLOOM_LQ_DIRT _TONEMAP_NEUTRAL _GAMMA_20 dKW=DEBUG_DISPLAY SCREEN_COORD_OVERRIDE _POINT_SAMPLING _BLOOM_LQ _BLOOM_HQ _BLOOM_HQ_DIRT _HDR_GRADING _TONEMAP_ACES _FILM_GRAIN _DITHERING _LINEAR_TO_SRGB_CONVERSION _USE_FAST_SRGB_LINEAR_CONVERSION _ENABLE_ALPHA_OUTPUT HDR_INPUT HDR_ENCODING UNITY_NO_DXT5nm UNITY_FRAMEBUFFER_FETCH_AVAILABLE UNITY_METAL_SHADOWS_USE_POINT_FILTERING UNITY_NO_SCREENSPACE_SHADOWS UNITY_PBS_USE_BRDF2 UNITY_PBS_USE_BRDF3 UNITY_HARDWARE_TIER1 UNITY_HARDWARE_TIER2 UNITY_HARDWARE_TIER3 UNITY_COLORSPACE_GAMMA UNITY_LIGHTMAP_DLDR_ENCODING UNITY_LIGHTMAP_RGBM_ENCODING UNITY_VIRTUAL_TEXTURING UNITY_PRETRANSFORM_TO_DISPLAY_ORIENTATION UNITY_ASTC_NORMALMAP_ENCODING SHADER_API_GLES30 SHADER_API_GLES31 SHADER_API_GLES32 UNITY_UNIFIED_SHADER_PRECISION_MODEL flags=0 lang=3 type=Vertex platform=gles3 reqs=33 mask=6 start=366 toolchain=1
RunExternalCompiler: begin name=HLSLcc
RunExternalCompiler: begin name=FXC
RunExternalCompiler: end
RunExternalCompiler: begin name=FXC
RunExternalCompiler: end
RunExternalCompiler: end
compileSnippet complete
 ok=1 outsize=14338

Cmd: compileSnippet
  insize=18093 file=Packages/com.unity.render-pipelines.universal/Shaders/PostProcessing/UberPost.shader name=Hidden/Universal Render Pipeline/UberPost pass=UberPost ppOnly=0 stripLineD=0 buildPlatform=20 rsLen=0 pKW=UNITY_ENABLE_REFLECTION_BUFFERS UNITY_USE_DITHER_MASK_FOR_ALPHABLENDED_SHADOWS UNITY_PBS_USE_BRDF1 UNITY_SPECCUBE_BOX_PROJECTION UNITY_SPECCUBE_BLENDING UNITY_ENABLE_DETAIL_NORMALMAP SHADER_API_DESKTOP UNITY_LIGHT_PROBE_PROXY_VOLUME UNITY_LIGHTMAP_FULL_HDR UNITY_PLATFORM_SUPPORTS_DEPTH_FETCH uKW=_DISTORTION _CHROMATIC_ABERRATION _BLOOM_LQ_DIRT _TONEMAP_NEUTRAL dKW=DEBUG_DISPLAY SCREEN_COORD_OVERRIDE _POINT_SAMPLING _BLOOM_LQ _BLOOM_HQ _BLOOM_HQ_DIRT _HDR_GRADING _TONEMAP_ACES _FILM_GRAIN _DITHERING _GAMMA_20 _LINEAR_TO_SRGB_CONVERSION _USE_FAST_SRGB_LINEAR_CONVERSION _ENABLE_ALPHA_OUTPUT HDR_INPUT HDR_ENCODING UNITY_NO_DXT5nm UNITY_FRAMEBUFFER_FETCH_AVAILABLE UNITY_METAL_SHADOWS_USE_POINT_FILTERING UNITY_NO_SCREENSPACE_SHADOWS UNITY_PBS_USE_BRDF2 UNITY_PBS_USE_BRDF3 UNITY_HARDWARE_TIER1 UNITY_HARDWARE_TIER2 UNITY_HARDWARE_TIER3 UNITY_COLORSPACE_GAMMA UNITY_LIGHTMAP_DLDR_ENCODING UNITY_LIGHTMAP_RGBM_ENCODING UNITY_VIRTUAL_TEXTURING UNITY_PRETRANSFORM_TO_DISPLAY_ORIENTATION UNITY_ASTC_NORMALMAP_ENCODING SHADER_API_GLES30 SHADER_API_GLES31 SHADER_API_GLES32 UNITY_UNIFIED_SHADER_PRECISION_MODEL flags=0 lang=3 type=Vertex platform=gles3 reqs=33 mask=6 start=366 toolchain=1
RunExternalCompiler: begin name=HLSLcc
RunExternalCompiler: begin name=FXC
RunExternalCompiler: end
RunExternalCompiler: begin name=FXC
RunExternalCompiler: end
RunExternalCompiler: end
compileSnippet complete
 ok=1 outsize=14301

Cmd: compileSnippet
  insize=18093 file=Packages/com.unity.render-pipelines.universal/Shaders/PostProcessing/UberPost.shader name=Hidden/Universal Render Pipeline/UberPost pass=UberPost ppOnly=0 stripLineD=0 buildPlatform=20 rsLen=0 pKW=UNITY_ENABLE_REFLECTION_BUFFERS UNITY_USE_DITHER_MASK_FOR_ALPHABLENDED_SHADOWS UNITY_PBS_USE_BRDF1 UNITY_SPECCUBE_BOX_PROJECTION UNITY_SPECCUBE_BLENDING UNITY_ENABLE_DETAIL_NORMALMAP SHADER_API_DESKTOP UNITY_LIGHT_PROBE_PROXY_VOLUME UNITY_LIGHTMAP_FULL_HDR UNITY_PLATFORM_SUPPORTS_DEPTH_FETCH uKW=_BLOOM_LQ_DIRT _TONEMAP_ACES dKW=DEBUG_DISPLAY SCREEN_COORD_OVERRIDE _POINT_SAMPLING _DISTORTION _CHROMATIC_ABERRATION _BLOOM_LQ _BLOOM_HQ _BLOOM_HQ_DIRT _HDR_GRADING _TONEMAP_NEUTRAL _FILM_GRAIN _DITHERING _GAMMA_20 _LINEAR_TO_SRGB_CONVERSION _USE_FAST_SRGB_LINEAR_CONVERSION _ENABLE_ALPHA_OUTPUT HDR_INPUT HDR_ENCODING UNITY_NO_DXT5nm UNITY_FRAMEBUFFER_FETCH_AVAILABLE UNITY_METAL_SHADOWS_USE_POINT_FILTERING UNITY_NO_SCREENSPACE_SHADOWS UNITY_PBS_USE_BRDF2 UNITY_PBS_USE_BRDF3 UNITY_HARDWARE_TIER1 UNITY_HARDWARE_TIER2 UNITY_HARDWARE_TIER3 UNITY_COLORSPACE_GAMMA UNITY_LIGHTMAP_DLDR_ENCODING UNITY_LIGHTMAP_RGBM_ENCODING UNITY_VIRTUAL_TEXTURING UNITY_PRETRANSFORM_TO_DISPLAY_ORIENTATION UNITY_ASTC_NORMALMAP_ENCODING SHADER_API_GLES30 SHADER_API_GLES31 SHADER_API_GLES32 UNITY_UNIFIED_SHADER_PRECISION_MODEL flags=0 lang=3 type=Vertex platform=gles3 reqs=33 mask=6 start=366 toolchain=1
RunExternalCompiler: begin name=HLSLcc
RunExternalCompiler: begin name=FXC
RunExternalCompiler: end
RunExternalCompiler: begin name=FXC
RunExternalCompiler: end
RunExternalCompiler: end
compileSnippet complete
 ok=1 outsize=14417

Cmd: compileSnippet
  insize=18093 file=Packages/com.unity.render-pipelines.universal/Shaders/PostProcessing/UberPost.shader name=Hidden/Universal Render Pipeline/UberPost pass=UberPost ppOnly=0 stripLineD=0 buildPlatform=20 rsLen=0 pKW=UNITY_ENABLE_REFLECTION_BUFFERS UNITY_USE_DITHER_MASK_FOR_ALPHABLENDED_SHADOWS UNITY_PBS_USE_BRDF1 UNITY_SPECCUBE_BOX_PROJECTION UNITY_SPECCUBE_BLENDING UNITY_ENABLE_DETAIL_NORMALMAP SHADER_API_DESKTOP UNITY_LIGHT_PROBE_PROXY_VOLUME UNITY_LIGHTMAP_FULL_HDR UNITY_PLATFORM_SUPPORTS_DEPTH_FETCH uKW=_BLOOM_LQ_DIRT _TONEMAP_ACES _GAMMA_20 dKW=DEBUG_DISPLAY SCREEN_COORD_OVERRIDE _POINT_SAMPLING _DISTORTION _CHROMATIC_ABERRATION _BLOOM_LQ _BLOOM_HQ _BLOOM_HQ_DIRT _HDR_GRADING _TONEMAP_NEUTRAL _FILM_GRAIN _DITHERING _LINEAR_TO_SRGB_CONVERSION _USE_FAST_SRGB_LINEAR_CONVERSION _ENABLE_ALPHA_OUTPUT HDR_INPUT HDR_ENCODING UNITY_NO_DXT5nm UNITY_FRAMEBUFFER_FETCH_AVAILABLE UNITY_METAL_SHADOWS_USE_POINT_FILTERING UNITY_NO_SCREENSPACE_SHADOWS UNITY_PBS_USE_BRDF2 UNITY_PBS_USE_BRDF3 UNITY_HARDWARE_TIER1 UNITY_HARDWARE_TIER2 UNITY_HARDWARE_TIER3 UNITY_COLORSPACE_GAMMA UNITY_LIGHTMAP_DLDR_ENCODING UNITY_LIGHTMAP_RGBM_ENCODING UNITY_VIRTUAL_TEXTURING UNITY_PRETRANSFORM_TO_DISPLAY_ORIENTATION UNITY_ASTC_NORMALMAP_ENCODING SHADER_API_GLES30 SHADER_API_GLES31 SHADER_API_GLES32 UNITY_UNIFIED_SHADER_PRECISION_MODEL flags=0 lang=3 type=Vertex platform=gles3 reqs=33 mask=6 start=366 toolchain=1
RunExternalCompiler: begin name=HLSLcc
RunExternalCompiler: begin name=FXC
RunExternalCompiler: end
RunExternalCompiler: begin name=FXC
RunExternalCompiler: end
RunExternalCompiler: end
compileSnippet complete
 ok=1 outsize=14454

Cmd: compileSnippet
  insize=18093 file=Packages/com.unity.render-pipelines.universal/Shaders/PostProcessing/UberPost.shader name=Hidden/Universal Render Pipeline/UberPost pass=UberPost ppOnly=0 stripLineD=0 buildPlatform=20 rsLen=0 pKW=UNITY_ENABLE_REFLECTION_BUFFERS UNITY_USE_DITHER_MASK_FOR_ALPHABLENDED_SHADOWS UNITY_PBS_USE_BRDF1 UNITY_SPECCUBE_BOX_PROJECTION UNITY_SPECCUBE_BLENDING UNITY_ENABLE_DETAIL_NORMALMAP SHADER_API_DESKTOP UNITY_LIGHT_PROBE_PROXY_VOLUME UNITY_LIGHTMAP_FULL_HDR UNITY_PLATFORM_SUPPORTS_DEPTH_FETCH uKW=_BLOOM_LQ_DIRT _TONEMAP_ACES _LINEAR_TO_SRGB_CONVERSION dKW=DEBUG_DISPLAY SCREEN_COORD_OVERRIDE _POINT_SAMPLING _DISTORTION _CHROMATIC_ABERRATION _BLOOM_LQ _BLOOM_HQ _BLOOM_HQ_DIRT _HDR_GRADING _TONEMAP_NEUTRAL _FILM_GRAIN _DITHERING _GAMMA_20 _USE_FAST_SRGB_LINEAR_CONVERSION _ENABLE_ALPHA_OUTPUT HDR_INPUT HDR_ENCODING UNITY_NO_DXT5nm UNITY_FRAMEBUFFER_FETCH_AVAILABLE UNITY_METAL_SHADOWS_USE_POINT_FILTERING UNITY_NO_SCREENSPACE_SHADOWS UNITY_PBS_USE_BRDF2 UNITY_PBS_USE_BRDF3 UNITY_HARDWARE_TIER1 UNITY_HARDWARE_TIER2 UNITY_HARDWARE_TIER3 UNITY_COLORSPACE_GAMMA UNITY_LIGHTMAP_DLDR_ENCODING UNITY_LIGHTMAP_RGBM_ENCODING UNITY_VIRTUAL_TEXTURING UNITY_PRETRANSFORM_TO_DISPLAY_ORIENTATION UNITY_ASTC_NORMALMAP_ENCODING SHADER_API_GLES30 SHADER_API_GLES31 SHADER_API_GLES32 UNITY_UNIFIED_SHADER_PRECISION_MODEL flags=0 lang=3 type=Vertex platform=gles3 reqs=33 mask=6 start=366 toolchain=1
RunExternalCompiler: begin name=HLSLcc
RunExternalCompiler: begin name=FXC
RunExternalCompiler: end
RunExternalCompiler: begin name=FXC
RunExternalCompiler: end
RunExternalCompiler: end
compileSnippet complete
 ok=1 outsize=15065

Cmd: compileSnippet
  insize=18093 file=Packages/com.unity.render-pipelines.universal/Shaders/PostProcessing/UberPost.shader name=Hidden/Universal Render Pipeline/UberPost pass=UberPost ppOnly=0 stripLineD=0 buildPlatform=20 rsLen=0 pKW=UNITY_ENABLE_REFLECTION_BUFFERS UNITY_USE_DITHER_MASK_FOR_ALPHABLENDED_SHADOWS UNITY_PBS_USE_BRDF1 UNITY_SPECCUBE_BOX_PROJECTION UNITY_SPECCUBE_BLENDING UNITY_ENABLE_DETAIL_NORMALMAP SHADER_API_DESKTOP UNITY_LIGHT_PROBE_PROXY_VOLUME UNITY_LIGHTMAP_FULL_HDR UNITY_PLATFORM_SUPPORTS_DEPTH_FETCH uKW=_BLOOM_LQ_DIRT _TONEMAP_ACES _DITHERING dKW=DEBUG_DISPLAY SCREEN_COORD_OVERRIDE _POINT_SAMPLING _DISTORTION _CHROMATIC_ABERRATION _BLOOM_LQ _BLOOM_HQ _BLOOM_HQ_DIRT _HDR_GRADING _TONEMAP_NEUTRAL _FILM_GRAIN _GAMMA_20 _LINEAR_TO_SRGB_CONVERSION _USE_FAST_SRGB_LINEAR_CONVERSION _ENABLE_ALPHA_OUTPUT HDR_INPUT HDR_ENCODING UNITY_NO_DXT5nm UNITY_FRAMEBUFFER_FETCH_AVAILABLE UNITY_METAL_SHADOWS_USE_POINT_FILTERING UNITY_NO_SCREENSPACE_SHADOWS UNITY_PBS_USE_BRDF2 UNITY_PBS_USE_BRDF3 UNITY_HARDWARE_TIER1 UNITY_HARDWARE_TIER2 UNITY_HARDWARE_TIER3 UNITY_COLORSPACE_GAMMA UNITY_LIGHTMAP_DLDR_ENCODING UNITY_LIGHTMAP_RGBM_ENCODING UNITY_VIRTUAL_TEXTURING UNITY_PRETRANSFORM_TO_DISPLAY_ORIENTATION UNITY_ASTC_NORMALMAP_ENCODING SHADER_API_GLES30 SHADER_API_GLES31 SHADER_API_GLES32 UNITY_UNIFIED_SHADER_PRECISION_MODEL flags=0 lang=3 type=Vertex platform=gles3 reqs=33 mask=6 start=366 toolchain=1
RunExternalCompiler: begin name=HLSLcc
RunExternalCompiler: begin name=FXC
RunExternalCompiler: end
RunExternalCompiler: begin name=FXC
RunExternalCompiler: end
RunExternalCompiler: end
compileSnippet complete
 ok=1 outsize=16501

Cmd: compileSnippet
  insize=18093 file=Packages/com.unity.render-pipelines.universal/Shaders/PostProcessing/UberPost.shader name=Hidden/Universal Render Pipeline/UberPost pass=UberPost ppOnly=0 stripLineD=0 buildPlatform=20 rsLen=0 pKW=UNITY_ENABLE_REFLECTION_BUFFERS UNITY_USE_DITHER_MASK_FOR_ALPHABLENDED_SHADOWS UNITY_PBS_USE_BRDF1 UNITY_SPECCUBE_BOX_PROJECTION UNITY_SPECCUBE_BLENDING UNITY_ENABLE_DETAIL_NORMALMAP SHADER_API_DESKTOP UNITY_LIGHT_PROBE_PROXY_VOLUME UNITY_LIGHTMAP_FULL_HDR UNITY_PLATFORM_SUPPORTS_DEPTH_FETCH uKW=_BLOOM_LQ_DIRT _TONEMAP_ACES _DITHERING _GAMMA_20 dKW=DEBUG_DISPLAY SCREEN_COORD_OVERRIDE _POINT_SAMPLING _DISTORTION _CHROMATIC_ABERRATION _BLOOM_LQ _BLOOM_HQ _BLOOM_HQ_DIRT _HDR_GRADING _TONEMAP_NEUTRAL _FILM_GRAIN _LINEAR_TO_SRGB_CONVERSION _USE_FAST_SRGB_LINEAR_CONVERSION _ENABLE_ALPHA_OUTPUT HDR_INPUT HDR_ENCODING UNITY_NO_DXT5nm UNITY_FRAMEBUFFER_FETCH_AVAILABLE UNITY_METAL_SHADOWS_USE_POINT_FILTERING UNITY_NO_SCREENSPACE_SHADOWS UNITY_PBS_USE_BRDF2 UNITY_PBS_USE_BRDF3 UNITY_HARDWARE_TIER1 UNITY_HARDWARE_TIER2 UNITY_HARDWARE_TIER3 UNITY_COLORSPACE_GAMMA UNITY_LIGHTMAP_DLDR_ENCODING UNITY_LIGHTMAP_RGBM_ENCODING UNITY_VIRTUAL_TEXTURING UNITY_PRETRANSFORM_TO_DISPLAY_ORIENTATION UNITY_ASTC_NORMALMAP_ENCODING SHADER_API_GLES30 SHADER_API_GLES31 SHADER_API_GLES32 UNITY_UNIFIED_SHADER_PRECISION_MODEL flags=0 lang=3 type=Vertex platform=gles3 reqs=33 mask=6 start=366 toolchain=1
RunExternalCompiler: begin name=HLSLcc
RunExternalCompiler: begin name=FXC
RunExternalCompiler: end
RunExternalCompiler: begin name=FXC
RunExternalCompiler: end
RunExternalCompiler: end
compileSnippet complete
 ok=1 outsize=16533

Cmd: compileSnippet
  insize=18093 file=Packages/com.unity.render-pipelines.universal/Shaders/PostProcessing/UberPost.shader name=Hidden/Universal Render Pipeline/UberPost pass=UberPost ppOnly=0 stripLineD=0 buildPlatform=20 rsLen=0 pKW=UNITY_ENABLE_REFLECTION_BUFFERS UNITY_USE_DITHER_MASK_FOR_ALPHABLENDED_SHADOWS UNITY_PBS_USE_BRDF1 UNITY_SPECCUBE_BOX_PROJECTION UNITY_SPECCUBE_BLENDING UNITY_ENABLE_DETAIL_NORMALMAP SHADER_API_DESKTOP UNITY_LIGHT_PROBE_PROXY_VOLUME UNITY_LIGHTMAP_FULL_HDR UNITY_PLATFORM_SUPPORTS_DEPTH_FETCH uKW=_BLOOM_LQ_DIRT _TONEMAP_ACES _DITHERING _LINEAR_TO_SRGB_CONVERSION dKW=DEBUG_DISPLAY SCREEN_COORD_OVERRIDE _POINT_SAMPLING _DISTORTION _CHROMATIC_ABERRATION _BLOOM_LQ _BLOOM_HQ _BLOOM_HQ_DIRT _HDR_GRADING _TONEMAP_NEUTRAL _FILM_GRAIN _GAMMA_20 _USE_FAST_SRGB_LINEAR_CONVERSION _ENABLE_ALPHA_OUTPUT HDR_INPUT HDR_ENCODING UNITY_NO_DXT5nm UNITY_FRAMEBUFFER_FETCH_AVAILABLE UNITY_METAL_SHADOWS_USE_POINT_FILTERING UNITY_NO_SCREENSPACE_SHADOWS UNITY_PBS_USE_BRDF2 UNITY_PBS_USE_BRDF3 UNITY_HARDWARE_TIER1 UNITY_HARDWARE_TIER2 UNITY_HARDWARE_TIER3 UNITY_COLORSPACE_GAMMA UNITY_LIGHTMAP_DLDR_ENCODING UNITY_LIGHTMAP_RGBM_ENCODING UNITY_VIRTUAL_TEXTURING UNITY_PRETRANSFORM_TO_DISPLAY_ORIENTATION UNITY_ASTC_NORMALMAP_ENCODING SHADER_API_GLES30 SHADER_API_GLES31 SHADER_API_GLES32 UNITY_UNIFIED_SHADER_PRECISION_MODEL flags=0 lang=3 type=Vertex platform=gles3 reqs=33 mask=6 start=366 toolchain=1
RunExternalCompiler: begin name=HLSLcc
RunExternalCompiler: begin name=FXC
RunExternalCompiler: end
RunExternalCompiler: begin name=FXC
RunExternalCompiler: end
RunExternalCompiler: end
compileSnippet complete
 ok=1 outsize=17253

Cmd: compileSnippet
  insize=18093 file=Packages/com.unity.render-pipelines.universal/Shaders/PostProcessing/UberPost.shader name=Hidden/Universal Render Pipeline/UberPost pass=UberPost ppOnly=0 stripLineD=0 buildPlatform=20 rsLen=0 pKW=UNITY_ENABLE_REFLECTION_BUFFERS UNITY_USE_DITHER_MASK_FOR_ALPHABLENDED_SHADOWS UNITY_PBS_USE_BRDF1 UNITY_SPECCUBE_BOX_PROJECTION UNITY_SPECCUBE_BLENDING UNITY_ENABLE_DETAIL_NORMALMAP SHADER_API_DESKTOP UNITY_LIGHT_PROBE_PROXY_VOLUME UNITY_LIGHTMAP_FULL_HDR UNITY_PLATFORM_SUPPORTS_DEPTH_FETCH uKW=_BLOOM_LQ_DIRT _TONEMAP_ACES _FILM_GRAIN dKW=DEBUG_DISPLAY SCREEN_COORD_OVERRIDE _POINT_SAMPLING _DISTORTION _CHROMATIC_ABERRATION _BLOOM_LQ _BLOOM_HQ _BLOOM_HQ_DIRT _HDR_GRADING _TONEMAP_NEUTRAL _DITHERING _GAMMA_20 _LINEAR_TO_SRGB_CONVERSION _USE_FAST_SRGB_LINEAR_CONVERSION _ENABLE_ALPHA_OUTPUT HDR_INPUT HDR_ENCODING UNITY_NO_DXT5nm UNITY_FRAMEBUFFER_FETCH_AVAILABLE UNITY_METAL_SHADOWS_USE_POINT_FILTERING UNITY_NO_SCREENSPACE_SHADOWS UNITY_PBS_USE_BRDF2 UNITY_PBS_USE_BRDF3 UNITY_HARDWARE_TIER1 UNITY_HARDWARE_TIER2 UNITY_HARDWARE_TIER3 UNITY_COLORSPACE_GAMMA UNITY_LIGHTMAP_DLDR_ENCODING UNITY_LIGHTMAP_RGBM_ENCODING UNITY_VIRTUAL_TEXTURING UNITY_PRETRANSFORM_TO_DISPLAY_ORIENTATION UNITY_ASTC_NORMALMAP_ENCODING SHADER_API_GLES30 SHADER_API_GLES31 SHADER_API_GLES32 UNITY_UNIFIED_SHADER_PRECISION_MODEL flags=0 lang=3 type=Vertex platform=gles3 reqs=33 mask=6 start=366 toolchain=1
RunExternalCompiler: begin name=HLSLcc
RunExternalCompiler: begin name=FXC
RunExternalCompiler: end
RunExternalCompiler: begin name=FXC
RunExternalCompiler: end
RunExternalCompiler: end
compileSnippet complete
 ok=1 outsize=15090

Cmd: compileSnippet
  insize=18093 file=Packages/com.unity.render-pipelines.universal/Shaders/PostProcessing/UberPost.shader name=Hidden/Universal Render Pipeline/UberPost pass=UberPost ppOnly=0 stripLineD=0 buildPlatform=20 rsLen=0 pKW=UNITY_ENABLE_REFLECTION_BUFFERS UNITY_USE_DITHER_MASK_FOR_ALPHABLENDED_SHADOWS UNITY_PBS_USE_BRDF1 UNITY_SPECCUBE_BOX_PROJECTION UNITY_SPECCUBE_BLENDING UNITY_ENABLE_DETAIL_NORMALMAP SHADER_API_DESKTOP UNITY_LIGHT_PROBE_PROXY_VOLUME UNITY_LIGHTMAP_FULL_HDR UNITY_PLATFORM_SUPPORTS_DEPTH_FETCH uKW=_BLOOM_LQ_DIRT _TONEMAP_ACES _FILM_GRAIN _GAMMA_20 dKW=DEBUG_DISPLAY SCREEN_COORD_OVERRIDE _POINT_SAMPLING _DISTORTION _CHROMATIC_ABERRATION _BLOOM_LQ _BLOOM_HQ _BLOOM_HQ_DIRT _HDR_GRADING _TONEMAP_NEUTRAL _DITHERING _LINEAR_TO_SRGB_CONVERSION _USE_FAST_SRGB_LINEAR_CONVERSION _ENABLE_ALPHA_OUTPUT HDR_INPUT HDR_ENCODING UNITY_NO_DXT5nm UNITY_FRAMEBUFFER_FETCH_AVAILABLE UNITY_METAL_SHADOWS_USE_POINT_FILTERING UNITY_NO_SCREENSPACE_SHADOWS UNITY_PBS_USE_BRDF2 UNITY_PBS_USE_BRDF3 UNITY_HARDWARE_TIER1 UNITY_HARDWARE_TIER2 UNITY_HARDWARE_TIER3 UNITY_COLORSPACE_GAMMA UNITY_LIGHTMAP_DLDR_ENCODING UNITY_LIGHTMAP_RGBM_ENCODING UNITY_VIRTUAL_TEXTURING UNITY_PRETRANSFORM_TO_DISPLAY_ORIENTATION UNITY_ASTC_NORMALMAP_ENCODING SHADER_API_GLES30 SHADER_API_GLES31 SHADER_API_GLES32 UNITY_UNIFIED_SHADER_PRECISION_MODEL flags=0 lang=3 type=Vertex platform=gles3 reqs=33 mask=6 start=366 toolchain=1
RunExternalCompiler: begin name=HLSLcc
RunExternalCompiler: begin name=FXC
RunExternalCompiler: end
RunExternalCompiler: begin name=FXC
RunExternalCompiler: end
RunExternalCompiler: end
compileSnippet complete
 ok=1 outsize=15127

Cmd: compileSnippet
  insize=18093 file=Packages/com.unity.render-pipelines.universal/Shaders/PostProcessing/UberPost.shader name=Hidden/Universal Render Pipeline/UberPost pass=UberPost ppOnly=0 stripLineD=0 buildPlatform=20 rsLen=0 pKW=UNITY_ENABLE_REFLECTION_BUFFERS UNITY_USE_DITHER_MASK_FOR_ALPHABLENDED_SHADOWS UNITY_PBS_USE_BRDF1 UNITY_SPECCUBE_BOX_PROJECTION UNITY_SPECCUBE_BLENDING UNITY_ENABLE_DETAIL_NORMALMAP SHADER_API_DESKTOP UNITY_LIGHT_PROBE_PROXY_VOLUME UNITY_LIGHTMAP_FULL_HDR UNITY_PLATFORM_SUPPORTS_DEPTH_FETCH uKW=_BLOOM_LQ_DIRT _TONEMAP_ACES _FILM_GRAIN _LINEAR_TO_SRGB_CONVERSION dKW=DEBUG_DISPLAY SCREEN_COORD_OVERRIDE _POINT_SAMPLING _DISTORTION _CHROMATIC_ABERRATION _BLOOM_LQ _BLOOM_HQ _BLOOM_HQ_DIRT _HDR_GRADING _TONEMAP_NEUTRAL _DITHERING _GAMMA_20 _USE_FAST_SRGB_LINEAR_CONVERSION _ENABLE_ALPHA_OUTPUT HDR_INPUT HDR_ENCODING UNITY_NO_DXT5nm UNITY_FRAMEBUFFER_FETCH_AVAILABLE UNITY_METAL_SHADOWS_USE_POINT_FILTERING UNITY_NO_SCREENSPACE_SHADOWS UNITY_PBS_USE_BRDF2 UNITY_PBS_USE_BRDF3 UNITY_HARDWARE_TIER1 UNITY_HARDWARE_TIER2 UNITY_HARDWARE_TIER3 UNITY_COLORSPACE_GAMMA UNITY_LIGHTMAP_DLDR_ENCODING UNITY_LIGHTMAP_RGBM_ENCODING UNITY_VIRTUAL_TEXTURING UNITY_PRETRANSFORM_TO_DISPLAY_ORIENTATION UNITY_ASTC_NORMALMAP_ENCODING SHADER_API_GLES30 SHADER_API_GLES31 SHADER_API_GLES32 UNITY_UNIFIED_SHADER_PRECISION_MODEL flags=0 lang=3 type=Vertex platform=gles3 reqs=33 mask=6 start=366 toolchain=1
RunExternalCompiler: begin name=HLSLcc
RunExternalCompiler: begin name=FXC
RunExternalCompiler: end
RunExternalCompiler: begin name=FXC
RunExternalCompiler: end
RunExternalCompiler: end
compileSnippet complete
 ok=1 outsize=15738

Cmd: compileSnippet
  insize=18093 file=Packages/com.unity.render-pipelines.universal/Shaders/PostProcessing/UberPost.shader name=Hidden/Universal Render Pipeline/UberPost pass=UberPost ppOnly=0 stripLineD=0 buildPlatform=20 rsLen=0 pKW=UNITY_ENABLE_REFLECTION_BUFFERS UNITY_USE_DITHER_MASK_FOR_ALPHABLENDED_SHADOWS UNITY_PBS_USE_BRDF1 UNITY_SPECCUBE_BOX_PROJECTION UNITY_SPECCUBE_BLENDING UNITY_ENABLE_DETAIL_NORMALMAP SHADER_API_DESKTOP UNITY_LIGHT_PROBE_PROXY_VOLUME UNITY_LIGHTMAP_FULL_HDR UNITY_PLATFORM_SUPPORTS_DEPTH_FETCH uKW=_BLOOM_LQ_DIRT _TONEMAP_ACES _FILM_GRAIN _DITHERING dKW=DEBUG_DISPLAY SCREEN_COORD_OVERRIDE _POINT_SAMPLING _DISTORTION _CHROMATIC_ABERRATION _BLOOM_LQ _BLOOM_HQ _BLOOM_HQ_DIRT _HDR_GRADING _TONEMAP_NEUTRAL _GAMMA_20 _LINEAR_TO_SRGB_CONVERSION _USE_FAST_SRGB_LINEAR_CONVERSION _ENABLE_ALPHA_OUTPUT HDR_INPUT HDR_ENCODING UNITY_NO_DXT5nm UNITY_FRAMEBUFFER_FETCH_AVAILABLE UNITY_METAL_SHADOWS_USE_POINT_FILTERING UNITY_NO_SCREENSPACE_SHADOWS UNITY_PBS_USE_BRDF2 UNITY_PBS_USE_BRDF3 UNITY_HARDWARE_TIER1 UNITY_HARDWARE_TIER2 UNITY_HARDWARE_TIER3 UNITY_COLORSPACE_GAMMA UNITY_LIGHTMAP_DLDR_ENCODING UNITY_LIGHTMAP_RGBM_ENCODING UNITY_VIRTUAL_TEXTURING UNITY_PRETRANSFORM_TO_DISPLAY_ORIENTATION UNITY_ASTC_NORMALMAP_ENCODING SHADER_API_GLES30 SHADER_API_GLES31 SHADER_API_GLES32 UNITY_UNIFIED_SHADER_PRECISION_MODEL flags=0 lang=3 type=Vertex platform=gles3 reqs=33 mask=6 start=366 toolchain=1
RunExternalCompiler: begin name=HLSLcc
RunExternalCompiler: begin name=FXC
RunExternalCompiler: end
RunExternalCompiler: begin name=FXC
RunExternalCompiler: end
RunExternalCompiler: end
compileSnippet complete
 ok=1 outsize=17174

Cmd: compileSnippet
  insize=18093 file=Packages/com.unity.render-pipelines.universal/Shaders/PostProcessing/UberPost.shader name=Hidden/Universal Render Pipeline/UberPost pass=UberPost ppOnly=0 stripLineD=0 buildPlatform=20 rsLen=0 pKW=UNITY_ENABLE_REFLECTION_BUFFERS UNITY_USE_DITHER_MASK_FOR_ALPHABLENDED_SHADOWS UNITY_PBS_USE_BRDF1 UNITY_SPECCUBE_BOX_PROJECTION UNITY_SPECCUBE_BLENDING UNITY_ENABLE_DETAIL_NORMALMAP SHADER_API_DESKTOP UNITY_LIGHT_PROBE_PROXY_VOLUME UNITY_LIGHTMAP_FULL_HDR UNITY_PLATFORM_SUPPORTS_DEPTH_FETCH uKW=_BLOOM_LQ_DIRT _TONEMAP_ACES _FILM_GRAIN _DITHERING _GAMMA_20 dKW=DEBUG_DISPLAY SCREEN_COORD_OVERRIDE _POINT_SAMPLING _DISTORTION _CHROMATIC_ABERRATION _BLOOM_LQ _BLOOM_HQ _BLOOM_HQ_DIRT _HDR_GRADING _TONEMAP_NEUTRAL _LINEAR_TO_SRGB_CONVERSION _USE_FAST_SRGB_LINEAR_CONVERSION _ENABLE_ALPHA_OUTPUT HDR_INPUT HDR_ENCODING UNITY_NO_DXT5nm UNITY_FRAMEBUFFER_FETCH_AVAILABLE UNITY_METAL_SHADOWS_USE_POINT_FILTERING UNITY_NO_SCREENSPACE_SHADOWS UNITY_PBS_USE_BRDF2 UNITY_PBS_USE_BRDF3 UNITY_HARDWARE_TIER1 UNITY_HARDWARE_TIER2 UNITY_HARDWARE_TIER3 UNITY_COLORSPACE_GAMMA UNITY_LIGHTMAP_DLDR_ENCODING UNITY_LIGHTMAP_RGBM_ENCODING UNITY_VIRTUAL_TEXTURING UNITY_PRETRANSFORM_TO_DISPLAY_ORIENTATION UNITY_ASTC_NORMALMAP_ENCODING SHADER_API_GLES30 SHADER_API_GLES31 SHADER_API_GLES32 UNITY_UNIFIED_SHADER_PRECISION_MODEL flags=0 lang=3 type=Vertex platform=gles3 reqs=33 mask=6 start=366 toolchain=1
RunExternalCompiler: begin name=HLSLcc
RunExternalCompiler: begin name=FXC
RunExternalCompiler: end
RunExternalCompiler: begin name=FXC
RunExternalCompiler: end
RunExternalCompiler: end
compileSnippet complete
 ok=1 outsize=17206

Cmd: compileSnippet
  insize=18093 file=Packages/com.unity.render-pipelines.universal/Shaders/PostProcessing/UberPost.shader name=Hidden/Universal Render Pipeline/UberPost pass=UberPost ppOnly=0 stripLineD=0 buildPlatform=20 rsLen=0 pKW=UNITY_ENABLE_REFLECTION_BUFFERS UNITY_USE_DITHER_MASK_FOR_ALPHABLENDED_SHADOWS UNITY_PBS_USE_BRDF1 UNITY_SPECCUBE_BOX_PROJECTION UNITY_SPECCUBE_BLENDING UNITY_ENABLE_DETAIL_NORMALMAP SHADER_API_DESKTOP UNITY_LIGHT_PROBE_PROXY_VOLUME UNITY_LIGHTMAP_FULL_HDR UNITY_PLATFORM_SUPPORTS_DEPTH_FETCH uKW=_BLOOM_LQ_DIRT _TONEMAP_ACES _FILM_GRAIN _DITHERING _LINEAR_TO_SRGB_CONVERSION dKW=DEBUG_DISPLAY SCREEN_COORD_OVERRIDE _POINT_SAMPLING _DISTORTION _CHROMATIC_ABERRATION _BLOOM_LQ _BLOOM_HQ _BLOOM_HQ_DIRT _HDR_GRADING _TONEMAP_NEUTRAL _GAMMA_20 _USE_FAST_SRGB_LINEAR_CONVERSION _ENABLE_ALPHA_OUTPUT HDR_INPUT HDR_ENCODING UNITY_NO_DXT5nm UNITY_FRAMEBUFFER_FETCH_AVAILABLE UNITY_METAL_SHADOWS_USE_POINT_FILTERING UNITY_NO_SCREENSPACE_SHADOWS UNITY_PBS_USE_BRDF2 UNITY_PBS_USE_BRDF3 UNITY_HARDWARE_TIER1 UNITY_HARDWARE_TIER2 UNITY_HARDWARE_TIER3 UNITY_COLORSPACE_GAMMA UNITY_LIGHTMAP_DLDR_ENCODING UNITY_LIGHTMAP_RGBM_ENCODING UNITY_VIRTUAL_TEXTURING UNITY_PRETRANSFORM_TO_DISPLAY_ORIENTATION UNITY_ASTC_NORMALMAP_ENCODING SHADER_API_GLES30 SHADER_API_GLES31 SHADER_API_GLES32 UNITY_UNIFIED_SHADER_PRECISION_MODEL flags=0 lang=3 type=Vertex platform=gles3 reqs=33 mask=6 start=366 toolchain=1
RunExternalCompiler: begin name=HLSLcc
RunExternalCompiler: begin name=FXC
RunExternalCompiler: end
RunExternalCompiler: begin name=FXC
RunExternalCompiler: end
RunExternalCompiler: end
compileSnippet complete
 ok=1 outsize=17926

Cmd: compileSnippet
  insize=18093 file=Packages/com.unity.render-pipelines.universal/Shaders/PostProcessing/UberPost.shader name=Hidden/Universal Render Pipeline/UberPost pass=UberPost ppOnly=0 stripLineD=0 buildPlatform=20 rsLen=0 pKW=UNITY_ENABLE_REFLECTION_BUFFERS UNITY_USE_DITHER_MASK_FOR_ALPHABLENDED_SHADOWS UNITY_PBS_USE_BRDF1 UNITY_SPECCUBE_BOX_PROJECTION UNITY_SPECCUBE_BLENDING UNITY_ENABLE_DETAIL_NORMALMAP SHADER_API_DESKTOP UNITY_LIGHT_PROBE_PROXY_VOLUME UNITY_LIGHTMAP_FULL_HDR UNITY_PLATFORM_SUPPORTS_DEPTH_FETCH uKW=_DISTORTION _BLOOM_LQ_DIRT _DITHERING _GAMMA_20 dKW=DEBUG_DISPLAY SCREEN_COORD_OVERRIDE _POINT_SAMPLING _CHROMATIC_ABERRATION _BLOOM_LQ _BLOOM_HQ _BLOOM_HQ_DIRT _HDR_GRADING _TONEMAP_ACES _TONEMAP_NEUTRAL _FILM_GRAIN _LINEAR_TO_SRGB_CONVERSION _USE_FAST_SRGB_LINEAR_CONVERSION _ENABLE_ALPHA_OUTPUT HDR_INPUT HDR_ENCODING UNITY_NO_DXT5nm UNITY_FRAMEBUFFER_FETCH_AVAILABLE UNITY_METAL_SHADOWS_USE_POINT_FILTERING UNITY_NO_SCREENSPACE_SHADOWS UNITY_PBS_USE_BRDF2 UNITY_PBS_USE_BRDF3 UNITY_HARDWARE_TIER1 UNITY_HARDWARE_TIER2 UNITY_HARDWARE_TIER3 UNITY_COLORSPACE_GAMMA UNITY_LIGHTMAP_DLDR_ENCODING UNITY_LIGHTMAP_RGBM_ENCODING UNITY_VIRTUAL_TEXTURING UNITY_PRETRANSFORM_TO_DISPLAY_ORIENTATION UNITY_ASTC_NORMALMAP_ENCODING SHADER_API_GLES30 SHADER_API_GLES31 SHADER_API_GLES32 UNITY_UNIFIED_SHADER_PRECISION_MODEL flags=0 lang=3 type=Vertex platform=gles3 reqs=33 mask=6 start=366 toolchain=1
RunExternalCompiler: begin name=HLSLcc
RunExternalCompiler: begin name=FXC
RunExternalCompiler: end
RunExternalCompiler: begin name=FXC
RunExternalCompiler: end
RunExternalCompiler: end
compileSnippet complete
 ok=1 outsize=11462

Cmd: compileSnippet
  insize=18093 file=Packages/com.unity.render-pipelines.universal/Shaders/PostProcessing/UberPost.shader name=Hidden/Universal Render Pipeline/UberPost pass=UberPost ppOnly=0 stripLineD=0 buildPlatform=20 rsLen=0 pKW=UNITY_ENABLE_REFLECTION_BUFFERS UNITY_USE_DITHER_MASK_FOR_ALPHABLENDED_SHADOWS UNITY_PBS_USE_BRDF1 UNITY_SPECCUBE_BOX_PROJECTION UNITY_SPECCUBE_BLENDING UNITY_ENABLE_DETAIL_NORMALMAP SHADER_API_DESKTOP UNITY_LIGHT_PROBE_PROXY_VOLUME UNITY_LIGHTMAP_FULL_HDR UNITY_PLATFORM_SUPPORTS_DEPTH_FETCH uKW=_DISTORTION _BLOOM_HQ_DIRT _TONEMAP_NEUTRAL _FILM_GRAIN _DITHERING _LINEAR_TO_SRGB_CONVERSION dKW=DEBUG_DISPLAY SCREEN_COORD_OVERRIDE _POINT_SAMPLING _CHROMATIC_ABERRATION _BLOOM_LQ _BLOOM_HQ _BLOOM_LQ_DIRT _HDR_GRADING _TONEMAP_ACES _GAMMA_20 _USE_FAST_SRGB_LINEAR_CONVERSION _ENABLE_ALPHA_OUTPUT HDR_INPUT HDR_ENCODING UNITY_NO_DXT5nm UNITY_FRAMEBUFFER_FETCH_AVAILABLE UNITY_METAL_SHADOWS_USE_POINT_FILTERING UNITY_NO_SCREENSPACE_SHADOWS UNITY_PBS_USE_BRDF2 UNITY_PBS_USE_BRDF3 UNITY_HARDWARE_TIER1 UNITY_HARDWARE_TIER2 UNITY_HARDWARE_TIER3 UNITY_COLORSPACE_GAMMA UNITY_LIGHTMAP_DLDR_ENCODING UNITY_LIGHTMAP_RGBM_ENCODING UNITY_VIRTUAL_TEXTURING UNITY_PRETRANSFORM_TO_DISPLAY_ORIENTATION UNITY_ASTC_NORMALMAP_ENCODING SHADER_API_GLES30 SHADER_API_GLES31 SHADER_API_GLES32 UNITY_UNIFIED_SHADER_PRECISION_MODEL flags=0 lang=3 type=Vertex platform=gles3 reqs=33 mask=6 start=366 toolchain=1
RunExternalCompiler: begin name=HLSLcc
RunExternalCompiler: begin name=FXC
RunExternalCompiler: end
RunExternalCompiler: begin name=FXC
RunExternalCompiler: end
RunExternalCompiler: end
compileSnippet complete
 ok=1 outsize=13628

Cmd: compileSnippet
  insize=8146 file=Packages/com.unity.render-pipelines.universal/Shaders/Terrain/TerrainDetailLit.shader name=Hidden/TerrainEngine/Details/UniversalPipeline/Vertexlit pass=TerrainDetailVertex - GBuffer ppOnly=0 stripLineD=0 buildPlatform=20 rsLen=0 pKW=UNITY_ENABLE_REFLECTION_BUFFERS UNITY_USE_DITHER_MASK_FOR_ALPHABLENDED_SHADOWS UNITY_PBS_USE_BRDF1 UNITY_SPECCUBE_BOX_PROJECTION UNITY_SPECCUBE_BLENDING UNITY_ENABLE_DETAIL_NORMALMAP SHADER_API_DESKTOP UNITY_LIGHT_PROBE_PROXY_VOLUME UNITY_LIGHTMAP_FULL_HDR UNITY_PLATFORM_SUPPORTS_DEPTH_FETCH uKW=_MAIN_LIGHT_SHADOWS _MIXED_LIGHTING_SUBTRACTIVE dKW=_MAIN_LIGHT_SHADOWS_CASCADE _MAIN_LIGHT_SHADOWS_SCREEN _ADDITIONAL_LIGHTS_VERTEX DIRLIGHTMAP_COMBINED LIGHTMAP_ON PROBE_VOLUMES_L1 PROBE_VOLUMES_L2 _SHADOWS_SOFT _SHADOWS_SOFT_LOW _SHADOWS_SOFT_MEDIUM _SHADOWS_SOFT_HIGH LIGHTMAP_BICUBIC_SAMPLING REFLECTION_PROBE_ROTATION _GBUFFER_NORMALS_OCT _RENDER_PASS_ENABLED UNITY_NO_DXT5nm UNITY_FRAMEBUFFER_FETCH_AVAILABLE UNITY_METAL_SHADOWS_USE_POINT_FILTERING UNITY_NO_SCREENSPACE_SHADOWS UNITY_PBS_USE_BRDF2 UNITY_PBS_USE_BRDF3 UNITY_HARDWARE_TIER1 UNITY_HARDWARE_TIER2 UNITY_HARDWARE_TIER3 UNITY_COLORSPACE_GAMMA UNITY_LIGHTMAP_DLDR_ENCODING UNITY_LIGHTMAP_RGBM_ENCODING UNITY_VIRTUAL_TEXTURING UNITY_PRETRANSFORM_TO_DISPLAY_ORIENTATION UNITY_ASTC_NORMALMAP_ENCODING SHADER_API_GLES30 SHADER_API_GLES31 SHADER_API_GLES32 UNITY_UNIFIED_SHADER_PRECISION_MODEL flags=0 lang=3 type=Vertex platform=gles3 reqs=1 mask=6 start=62 toolchain=1
RunExternalCompiler: begin name=HLSLcc
RunExternalCompiler: begin name=FXC
RunExternalCompiler: end
RunExternalCompiler: begin name=FXC
RunExternalCompiler: end
RunExternalCompiler: end
compileSnippet complete
 ok=1 outsize=12143

Cmd: compileSnippet
  insize=8146 file=Packages/com.unity.render-pipelines.universal/Shaders/Terrain/TerrainDetailLit.shader name=Hidden/TerrainEngine/Details/UniversalPipeline/Vertexlit pass=TerrainDetailVertex - GBuffer ppOnly=0 stripLineD=0 buildPlatform=20 rsLen=0 pKW=UNITY_ENABLE_REFLECTION_BUFFERS UNITY_USE_DITHER_MASK_FOR_ALPHABLENDED_SHADOWS UNITY_PBS_USE_BRDF1 UNITY_SPECCUBE_BOX_PROJECTION UNITY_SPECCUBE_BLENDING UNITY_ENABLE_DETAIL_NORMALMAP SHADER_API_DESKTOP UNITY_LIGHT_PROBE_PROXY_VOLUME UNITY_LIGHTMAP_FULL_HDR UNITY_PLATFORM_SUPPORTS_DEPTH_FETCH uKW=_MAIN_LIGHT_SHADOWS_CASCADE dKW=_MAIN_LIGHT_SHADOWS _MAIN_LIGHT_SHADOWS_SCREEN _ADDITIONAL_LIGHTS_VERTEX _MIXED_LIGHTING_SUBTRACTIVE DIRLIGHTMAP_COMBINED LIGHTMAP_ON PROBE_VOLUMES_L1 PROBE_VOLUMES_L2 _SHADOWS_SOFT _SHADOWS_SOFT_LOW _SHADOWS_SOFT_MEDIUM _SHADOWS_SOFT_HIGH LIGHTMAP_BICUBIC_SAMPLING REFLECTION_PROBE_ROTATION _GBUFFER_NORMALS_OCT _RENDER_PASS_ENABLED UNITY_NO_DXT5nm UNITY_FRAMEBUFFER_FETCH_AVAILABLE UNITY_METAL_SHADOWS_USE_POINT_FILTERING UNITY_NO_SCREENSPACE_SHADOWS UNITY_PBS_USE_BRDF2 UNITY_PBS_USE_BRDF3 UNITY_HARDWARE_TIER1 UNITY_HARDWARE_TIER2 UNITY_HARDWARE_TIER3 UNITY_COLORSPACE_GAMMA UNITY_LIGHTMAP_DLDR_ENCODING UNITY_LIGHTMAP_RGBM_ENCODING UNITY_VIRTUAL_TEXTURING UNITY_PRETRANSFORM_TO_DISPLAY_ORIENTATION UNITY_ASTC_NORMALMAP_ENCODING SHADER_API_GLES30 SHADER_API_GLES31 SHADER_API_GLES32 UNITY_UNIFIED_SHADER_PRECISION_MODEL flags=0 lang=3 type=Vertex platform=gles3 reqs=1 mask=6 start=62 toolchain=1
RunExternalCompiler: begin name=HLSLcc
RunExternalCompiler: begin name=FXC
RunExternalCompiler: end
RunExternalCompiler: begin name=FXC
RunExternalCompiler: end
RunExternalCompiler: end
compileSnippet complete
 ok=1 outsize=13410

Cmd: compileComputeKernel
  insize=23824 file=Packages/com.unity.visualeffectgraph/Shaders/SDFBaker/GenSdfRayMap.compute kernel=DistanceTransform ppOnly=0 stripLineD=0 buildPlatform=20 km=<UNITY_VERSION=60060001> pKW=UNITY_ENABLE_REFLECTION_BUFFERS UNITY_USE_DITHER_MASK_FOR_ALPHABLENDED_SHADOWS UNITY_PBS_USE_BRDF1 UNITY_SPECCUBE_BOX_PROJECTION UNITY_SPECCUBE_BLENDING UNITY_ENABLE_DETAIL_NORMALMAP SHADER_API_DESKTOP UNITY_LIGHT_PROBE_PROXY_VOLUME UNITY_LIGHTMAP_FULL_HDR UNITY_PLATFORM_SUPPORTS_DEPTH_FETCH uKW=SHADER_STAGE_COMPUTE platform=gles3 flags=4096 reqs=50241 toolchain=1
RunExternalCompiler: begin name=HLSLcc
RunExternalCompiler: begin name=FXC
RunExternalCompiler: end
RunExternalCompiler: end
compilerComputeKernel complete
 ok=1 outsize=8150

Cmd: compileComputeKernel
  insize=23824 file=Packages/com.unity.visualeffectgraph/Shaders/SDFBaker/GenSdfRayMap.compute kernel=CopyBuffers ppOnly=0 stripLineD=0 buildPlatform=20 km=<UNITY_VERSION=60060001> pKW=UNITY_ENABLE_REFLECTION_BUFFERS UNITY_USE_DITHER_MASK_FOR_ALPHABLENDED_SHADOWS UNITY_PBS_USE_BRDF1 UNITY_SPECCUBE_BOX_PROJECTION UNITY_SPECCUBE_BLENDING UNITY_ENABLE_DETAIL_NORMALMAP SHADER_API_DESKTOP UNITY_LIGHT_PROBE_PROXY_VOLUME UNITY_LIGHTMAP_FULL_HDR UNITY_PLATFORM_SUPPORTS_DEPTH_FETCH uKW=SHADER_STAGE_COMPUTE platform=gles3 flags=4096 reqs=50241 toolchain=1
RunExternalCompiler: begin name=HLSLcc
RunExternalCompiler: begin name=FXC
RunExternalCompiler: end
RunExternalCompiler: end
compilerComputeKernel complete
 ok=1 outsize=1958

Cmd: compileComputeKernel
  insize=23824 file=Packages/com.unity.visualeffectgraph/Shaders/SDFBaker/GenSdfRayMap.compute kernel=RayMapScanZ ppOnly=0 stripLineD=0 buildPlatform=20 km=<RAYMAP_SCAN=RayMapScanZ>,<THREAD_GROUP_X=8>,<THREAD_GROUP_Y=8>,<THREAD_GROUP_Z=1>,<AXIS_0=z>,<AXIS_1=x>,<AXIS_2=y>,<UNITY_VERSION=60060001> pKW=UNITY_ENABLE_REFLECTION_BUFFERS UNITY_USE_DITHER_MASK_FOR_ALPHABLENDED_SHADOWS UNITY_PBS_USE_BRDF1 UNITY_SPECCUBE_BOX_PROJECTION UNITY_SPECCUBE_BLENDING UNITY_ENABLE_DETAIL_NORMALMAP SHADER_API_DESKTOP UNITY_LIGHT_PROBE_PROXY_VOLUME UNITY_LIGHTMAP_FULL_HDR UNITY_PLATFORM_SUPPORTS_DEPTH_FETCH uKW=SHADER_STAGE_COMPUTE platform=gles3 flags=4096 reqs=50241 toolchain=1
RunExternalCompiler: begin name=HLSLcc
RunExternalCompiler: begin name=FXC
RunExternalCompiler: end
RunExternalCompiler: end
compilerComputeKernel complete
 ok=1 outsize=2130

Cmd: compileComputeKernel
  insize=23824 file=Packages/com.unity.visualeffectgraph/Shaders/SDFBaker/GenSdfRayMap.compute kernel=BlockSums ppOnly=0 stripLineD=0 buildPlatform=20 km=<UNITY_VERSION=60060001> pKW=UNITY_ENABLE_REFLECTION_BUFFERS UNITY_USE_DITHER_MASK_FOR_ALPHABLENDED_SHADOWS UNITY_PBS_USE_BRDF1 UNITY_SPECCUBE_BOX_PROJECTION UNITY_SPECCUBE_BLENDING UNITY_ENABLE_DETAIL_NORMALMAP SHADER_API_DESKTOP UNITY_LIGHT_PROBE_PROXY_VOLUME UNITY_LIGHTMAP_FULL_HDR UNITY_PLATFORM_SUPPORTS_DEPTH_FETCH uKW=SHADER_STAGE_COMPUTE platform=gles3 flags=4096 reqs=50241 toolchain=1
RunExternalCompiler: begin name=HLSLcc
RunExternalCompiler: begin name=FXC
RunExternalCompiler: end
RunExternalCompiler: end
compilerComputeKernel complete
 ok=1 outsize=9750

Cmd: compileComputeKernel
  insize=4522 file=Packages/com.unity.visualeffectgraph/Shaders/VFXPrefixSum.compute kernel=CSVFXBuildPrefixSum_128 ppOnly=0 stripLineD=0 buildPlatform=20 km=<VFX_BUILD_PREFIX_SUM=CSVFXBuildPrefixSum_128>,<VFX_USE_INSTANCING=1>,<PREFIX_SUM_THREAD_COUNT=128>,<UNITY_VERSION=60060001> pKW=UNITY_ENABLE_REFLECTION_BUFFERS UNITY_USE_DITHER_MASK_FOR_ALPHABLENDED_SHADOWS UNITY_PBS_USE_BRDF1 UNITY_SPECCUBE_BOX_PROJECTION UNITY_SPECCUBE_BLENDING UNITY_ENABLE_DETAIL_NORMALMAP SHADER_API_DESKTOP UNITY_LIGHT_PROBE_PROXY_VOLUME UNITY_LIGHTMAP_FULL_HDR UNITY_PLATFORM_SUPPORTS_DEPTH_FETCH uKW=SHADER_STAGE_COMPUTE platform=gles3 flags=4096 reqs=50241 toolchain=1
RunExternalCompiler: begin name=HLSLcc
RunExternalCompiler: begin name=FXC
RunExternalCompiler: end
RunExternalCompiler: end
compilerComputeKernel complete
 ok=1 outsize=16514

Cmd: compileComputeKernel
  insize=4974 file=Packages/com.unity.render-pipelines.universal/Runtime/MipGen/Shaders/DepthPyramid.compute kernel=DepthDownsample ppOnly=0 stripLineD=0 buildPlatform=20 km=<UNITY_VERSION=60060001> pKW=UNITY_ENABLE_REFLECTION_BUFFERS UNITY_USE_DITHER_MASK_FOR_ALPHABLENDED_SHADOWS UNITY_PBS_USE_BRDF1 UNITY_SPECCUBE_BOX_PROJECTION UNITY_SPECCUBE_BLENDING UNITY_ENABLE_DETAIL_NORMALMAP SHADER_API_DESKTOP UNITY_LIGHT_PROBE_PROXY_VOLUME UNITY_LIGHTMAP_FULL_HDR UNITY_PLATFORM_SUPPORTS_DEPTH_FETCH uKW=ENABLE_CHECKERBOARD DISABLE_TEXTURE2D_X_ARRAY SHADER_STAGE_COMPUTE platform=gles3 flags=4096 reqs=50241 toolchain=1
RunExternalCompiler: begin name=HLSLcc
RunExternalCompiler: begin name=FXC
RunExternalCompiler: end
RunExternalCompiler: end
compilerComputeKernel complete
 ok=1 outsize=9989

Cmd: compileSnippet
  insize=9829 file=Packages/com.unity.render-pipelines.universal/Shaders/Lit.shader name=Universal Render Pipeline/Lit pass=ForwardLit ppOnly=0 stripLineD=0 buildPlatform=20 rsLen=0 pKW=UNITY_ENABLE_REFLECTION_BUFFERS UNITY_USE_DITHER_MASK_FOR_ALPHABLENDED_SHADOWS UNITY_PBS_USE_BRDF1 UNITY_SPECCUBE_BOX_PROJECTION UNITY_SPECCUBE_BLENDING UNITY_ENABLE_DETAIL_NORMALMAP SHADER_API_DESKTOP UNITY_LIGHT_PROBE_PROXY_VOLUME UNITY_LIGHTMAP_FULL_HDR UNITY_PLATFORM_SUPPORTS_DEPTH_FETCH uKW=_MAIN_LIGHT_SHADOWS_CASCADE _ADDITIONAL_LIGHTS _LIGHT_COOKIES _SMOOTHNESS_TEXTURE_ALBEDO_CHANNEL_A _SPECULAR_SETUP dKW=_MAIN_LIGHT_SHADOWS _MAIN_LIGHT_SHADOWS_SCREEN _ADDITIONAL_LIGHTS_VERTEX EVALUATE_SH_MIXED EVALUATE_SH_VERTEX _LIGHT_LAYERS _CLUSTER_LIGHT_LOOP LIGHTMAP_SHADOW_MIXING SHADOWS_SHADOWMASK DIRLIGHTMAP_COMBINED LIGHTMAP_ON DYNAMICLIGHTMAP_ON USE_LEGACY_LIGHTMAPS LOD_FADE_CROSSFADE PROBE_VOLUMES_L1 PROBE_VOLUMES_L2 DOTS_INSTANCING_ON FOG_LINEAR FOG_EXP FOG_EXP2 INSTANCING_ON _ADDITIONAL_LIGHT_SHADOWS _REFLECTION_PROBE_BLENDING _REFLECTION_PROBE_BOX_PROJECTION _REFLECTION_PROBE_ATLAS _SCREEN_SPACE_REFLECTION _SHADOWS_SOFT _SHADOWS_SOFT_LOW _SHADOWS_SOFT_MEDIUM _SHADOWS_SOFT_HIGH _SCREEN_SPACE_OCCLUSION _SCREEN_SPACE_IRRADIANCE _DBUFFER_MRT1 _DBUFFER_MRT2 _DBUFFER_MRT3 _WRITE_RENDERING_LAYERS LIGHTMAP_BICUBIC_SAMPLING REFLECTION_PROBE_ROTATION DEBUG_DISPLAY _NORMALMAP _PARALLAXMAP _RECEIVE_SHADOWS_OFF _DETAIL_MULX2 _DETAIL_SCALED _SURFACE_TYPE_TRANSPARENT _ALPHATEST_ON _ALPHAPREMULTIPLY_ON _ALPHAMODULATE_ON _EMISSION _METALLICSPECGLOSSMAP _OCCLUSIONMAP _SPECULARHIGHLIGHTS_OFF _ENVIRONMENTREFLECTIONS_OFF _SCREENSPACEREFLECTIONS_OFF UNITY_NO_DXT5nm UNITY_FRAMEBUFFER_FETCH_AVAILABLE UNITY_METAL_SHADOWS_USE_POINT_FILTERING UNITY_NO_SCREENSPACE_SHADOWS UNITY_PBS_USE_BRDF2 UNITY_PBS_USE_BRDF3 UNITY_HARDWARE_TIER1 UNITY_HARDWARE_TIER2 UNITY_HARDWARE_TIER3 UNITY_COLORSPACE_GAMMA UNITY_LIGHTMAP_DLDR_ENCODING UNITY_LIGHTMAP_RGBM_ENCODING UNITY_VIRTUAL_TEXTURING UNITY_PRETRANSFORM_TO_DISPLAY_ORIENTATION UNITY_ASTC_NORMALMAP_ENCODING SHADER_API_GLES30 SHADER_API_GLES31 SHADER_API_GLES32 UNITY_UNIFIED_SHADER_PRECISION_MODEL flags=0 lang=3 type=Vertex platform=gles3 reqs=1 mask=6 start=113 toolchain=1
RunExternalCompiler: begin name=HLSLcc
RunExternalCompiler: begin name=FXC
RunExternalCompiler: end
RunExternalCompiler: begin name=FXC
RunExternalCompiler: end
RunExternalCompiler: end
compileSnippet complete
 ok=1 outsize=28078

Cmd: compileSnippet
  insize=5618 file=/ name=Legacy Shaders/VertexLit pass= ppOnly=0 stripLineD=0 buildPlatform=20 rsLen=0 pKW=UNITY_ENABLE_REFLECTION_BUFFERS UNITY_USE_DITHER_MASK_FOR_ALPHABLENDED_SHADOWS UNITY_PBS_USE_BRDF1 UNITY_SPECCUBE_BOX_PROJECTION UNITY_SPECCUBE_BLENDING UNITY_ENABLE_DETAIL_NORMALMAP SHADER_API_DESKTOP UNITY_LIGHT_PROBE_PROXY_VOLUME UNITY_LIGHTMAP_FULL_HDR UNITY_PLATFORM_SUPPORTS_DEPTH_FETCH uKW=POINT dKW=FOG_LINEAR FOG_EXP FOG_EXP2 SPOT UNITY_NO_DXT5nm UNITY_FRAMEBUFFER_FETCH_AVAILABLE UNITY_METAL_SHADOWS_USE_POINT_FILTERING UNITY_NO_SCREENSPACE_SHADOWS UNITY_PBS_USE_BRDF2 UNITY_PBS_USE_BRDF3 UNITY_HARDWARE_TIER1 UNITY_HARDWARE_TIER2 UNITY_HARDWARE_TIER3 UNITY_COLORSPACE_GAMMA UNITY_LIGHTMAP_DLDR_ENCODING UNITY_LIGHTMAP_RGBM_ENCODING UNITY_VIRTUAL_TEXTURING UNITY_PRETRANSFORM_TO_DISPLAY_ORIENTATION UNITY_ASTC_NORMALMAP_ENCODING SHADER_API_GLES30 SHADER_API_GLES31 SHADER_API_GLES32 UNITY_UNIFIED_SHADER_PRECISION_MODEL flags=0 lang=0 type=Vertex platform=gles3 reqs=1 mask=6 start=1 toolchain=1
RunExternalCompiler: begin name=HLSLcc
RunExternalCompiler: begin name=FXC
RunExternalCompiler: end
RunExternalCompiler: begin name=FXC
RunExternalCompiler: end
RunExternalCompiler: end
compileSnippet complete
 ok=1 outsize=9429

Cmd: compileSnippet
  insize=18270 file=Assets/DefaultResourcesExtra/Normal-Diffuse.shader name=Legacy Shaders/Diffuse pass=FORWARD ppOnly=0 stripLineD=0 buildPlatform=20 rsLen=0 pKW=UNITY_ENABLE_REFLECTION_BUFFERS UNITY_USE_DITHER_MASK_FOR_ALPHABLENDED_SHADOWS UNITY_PBS_USE_BRDF1 UNITY_SPECCUBE_BOX_PROJECTION UNITY_SPECCUBE_BLENDING UNITY_ENABLE_DETAIL_NORMALMAP SHADER_API_DESKTOP UNITY_LIGHT_PROBE_PROXY_VOLUME UNITY_LIGHTMAP_FULL_HDR UNITY_PLATFORM_SUPPORTS_DEPTH_FETCH UNITY_PASS_FORWARDBASE uKW=DIRECTIONAL SHADOWS_SCREEN VERTEXLIGHT_ON dKW=INSTANCING_ON FOG_LINEAR FOG_EXP FOG_EXP2 LIGHTPROBE_SH SHADOWS_SHADOWMASK DYNAMICLIGHTMAP_ON LIGHTMAP_ON LIGHTMAP_SHADOW_MIXING DIRLIGHTMAP_COMBINED UNITY_NO_DXT5nm UNITY_FRAMEBUFFER_FETCH_AVAILABLE UNITY_METAL_SHADOWS_USE_POINT_FILTERING UNITY_NO_SCREENSPACE_SHADOWS UNITY_PBS_USE_BRDF2 UNITY_PBS_USE_BRDF3 UNITY_HARDWARE_TIER1 UNITY_HARDWARE_TIER2 UNITY_HARDWARE_TIER3 UNITY_COLORSPACE_GAMMA UNITY_LIGHTMAP_DLDR_ENCODING UNITY_LIGHTMAP_RGBM_ENCODING UNITY_VIRTUAL_TEXTURING UNITY_PRETRANSFORM_TO_DISPLAY_ORIENTATION UNITY_ASTC_NORMALMAP_ENCODING SHADER_API_GLES30 SHADER_API_GLES31 SHADER_API_GLES32 UNITY_UNIFIED_SHADER_PRECISION_MODEL flags=0 lang=0 type=Vertex platform=gles3 reqs=227 mask=6 start=20 toolchain=1
RunExternalCompiler: begin name=HLSLcc
RunExternalCompiler: begin name=FXC
RunExternalCompiler: end
RunExternalCompiler: begin name=FXC
RunExternalCompiler: end
RunExternalCompiler: end
compileSnippet complete
 ok=1 outsize=6493

Cmd: compileSnippet
  insize=13246 file=Assets/DefaultResourcesExtra/Normal-Diffuse.shader name=Legacy Shaders/Diffuse pass=DEFERRED ppOnly=0 stripLineD=0 buildPlatform=20 rsLen=0 pKW=UNITY_ENABLE_REFLECTION_BUFFERS UNITY_USE_DITHER_MASK_FOR_ALPHABLENDED_SHADOWS UNITY_PBS_USE_BRDF1 UNITY_SPECCUBE_BOX_PROJECTION UNITY_SPECCUBE_BLENDING UNITY_ENABLE_DETAIL_NORMALMAP SHADER_API_DESKTOP UNITY_LIGHT_PROBE_PROXY_VOLUME UNITY_LIGHTMAP_FULL_HDR UNITY_PLATFORM_SUPPORTS_DEPTH_FETCH UNITY_PASS_DEFERRED uKW=LIGHTPROBE_SH UNITY_HDR_ON dKW=INSTANCING_ON DYNAMICLIGHTMAP_ON SHADOWS_SHADOWMASK LIGHTMAP_ON DIRLIGHTMAP_COMBINED UNITY_NO_DXT5nm UNITY_FRAMEBUFFER_FETCH_AVAILABLE UNITY_METAL_SHADOWS_USE_POINT_FILTERING UNITY_NO_SCREENSPACE_SHADOWS UNITY_PBS_USE_BRDF2 UNITY_PBS_USE_BRDF3 UNITY_HARDWARE_TIER1 UNITY_HARDWARE_TIER2 UNITY_HARDWARE_TIER3 UNITY_COLORSPACE_GAMMA UNITY_LIGHTMAP_DLDR_ENCODING UNITY_LIGHTMAP_RGBM_ENCODING UNITY_VIRTUAL_TEXTURING UNITY_PRETRANSFORM_TO_DISPLAY_ORIENTATION UNITY_ASTC_NORMALMAP_ENCODING SHADER_API_GLES30 SHADER_API_GLES31 SHADER_API_GLES32 UNITY_UNIFIED_SHADER_PRECISION_MODEL flags=0 lang=0 type=Vertex platform=gles3 reqs=33 mask=6 start=128 toolchain=1
RunExternalCompiler: begin name=HLSLcc
RunExternalCompiler: begin name=FXC
RunExternalCompiler: end
RunExternalCompiler: begin name=FXC
RunExternalCompiler: end
RunExternalCompiler: end
compileSnippet complete
 ok=1 outsize=4858

Cmd: compileSnippet
  insize=1211 file=Assets/DefaultResourcesExtra/Internal-DepthNormalsTexture.shader name=Hidden/Internal-DepthNormalsTexture pass= ppOnly=0 stripLineD=0 buildPlatform=20 rsLen=0 pKW=UNITY_ENABLE_REFLECTION_BUFFERS UNITY_USE_DITHER_MASK_FOR_ALPHABLENDED_SHADOWS UNITY_PBS_USE_BRDF1 UNITY_SPECCUBE_BOX_PROJECTION UNITY_SPECCUBE_BLENDING UNITY_ENABLE_DETAIL_NORMALMAP SHADER_API_DESKTOP UNITY_LIGHT_PROBE_PROXY_VOLUME UNITY_LIGHTMAP_FULL_HDR UNITY_PLATFORM_SUPPORTS_DEPTH_FETCH uKW= dKW=UNITY_NO_DXT5nm UNITY_FRAMEBUFFER_FETCH_AVAILABLE UNITY_METAL_SHADOWS_USE_POINT_FILTERING UNITY_NO_SCREENSPACE_SHADOWS UNITY_PBS_USE_BRDF2 UNITY_PBS_USE_BRDF3 UNITY_HARDWARE_TIER1 UNITY_HARDWARE_TIER2 UNITY_HARDWARE_TIER3 UNITY_COLORSPACE_GAMMA UNITY_LIGHTMAP_DLDR_ENCODING UNITY_LIGHTMAP_RGBM_ENCODING UNITY_VIRTUAL_TEXTURING UNITY_PRETRANSFORM_TO_DISPLAY_ORIENTATION UNITY_ASTC_NORMALMAP_ENCODING SHADER_API_GLES30 SHADER_API_GLES31 SHADER_API_GLES32 UNITY_UNIFIED_SHADER_PRECISION_MODEL flags=0 lang=0 type=Vertex platform=gles3 reqs=33 mask=6 start=75 toolchain=1
RunExternalCompiler: begin name=HLSLcc
RunExternalCompiler: begin name=FXC
RunExternalCompiler: end
RunExternalCompiler: begin name=FXC
RunExternalCompiler: end
RunExternalCompiler: end
compileSnippet complete
 ok=1 outsize=6174

Cmd: compileSnippet
  insize=12067 file=Assets/DefaultResourcesExtra/Internal-ScreenSpaceShadows.shader name=Hidden/Internal-ScreenSpaceShadows pass= ppOnly=0 stripLineD=0 buildPlatform=20 rsLen=0 pKW=UNITY_ENABLE_REFLECTION_BUFFERS UNITY_USE_DITHER_MASK_FOR_ALPHABLENDED_SHADOWS UNITY_PBS_USE_BRDF1 UNITY_SPECCUBE_BOX_PROJECTION UNITY_SPECCUBE_BLENDING UNITY_ENABLE_DETAIL_NORMALMAP SHADER_API_DESKTOP UNITY_LIGHT_PROBE_PROXY_VOLUME UNITY_LIGHTMAP_FULL_HDR UNITY_PLATFORM_SUPPORTS_DEPTH_FETCH uKW=SHADOWS_SPLIT_SPHERES dKW=SHADOWS_SINGLE_CASCADE UNITY_NO_DXT5nm UNITY_FRAMEBUFFER_FETCH_AVAILABLE UNITY_METAL_SHADOWS_USE_POINT_FILTERING UNITY_NO_SCREENSPACE_SHADOWS UNITY_PBS_USE_BRDF2 UNITY_PBS_USE_BRDF3 UNITY_HARDWARE_TIER1 UNITY_HARDWARE_TIER2 UNITY_HARDWARE_TIER3 UNITY_COLORSPACE_GAMMA UNITY_LIGHTMAP_DLDR_ENCODING UNITY_LIGHTMAP_RGBM_ENCODING UNITY_VIRTUAL_TEXTURING UNITY_PRETRANSFORM_TO_DISPLAY_ORIENTATION UNITY_ASTC_NORMALMAP_ENCODING SHADER_API_GLES30 SHADER_API_GLES31 SHADER_API_GLES32 UNITY_UNIFIED_SHADER_PRECISION_MODEL flags=0 lang=0 type=Vertex platform=gles3 reqs=33 mask=6 start=358 toolchain=1
RunExternalCompiler: begin name=HLSLcc
RunExternalCompiler: begin name=FXC
RunExternalCompiler: end
RunExternalCompiler: begin name=FXC
RunExternalCompiler: end
RunExternalCompiler: end
compileSnippet complete
 ok=1 outsize=7433

Cmd: compileSnippet
  insize=12067 file=Assets/DefaultResourcesExtra/Internal-ScreenSpaceShadows.shader name=Hidden/Internal-ScreenSpaceShadows pass= ppOnly=0 stripLineD=0 buildPlatform=20 rsLen=0 pKW=UNITY_ENABLE_REFLECTION_BUFFERS UNITY_USE_DITHER_MASK_FOR_ALPHABLENDED_SHADOWS UNITY_PBS_USE_BRDF1 UNITY_SPECCUBE_BOX_PROJECTION UNITY_SPECCUBE_BLENDING UNITY_ENABLE_DETAIL_NORMALMAP SHADER_API_DESKTOP UNITY_LIGHT_PROBE_PROXY_VOLUME UNITY_LIGHTMAP_FULL_HDR UNITY_PLATFORM_SUPPORTS_DEPTH_FETCH uKW=SHADOWS_SPLIT_SPHERES SHADOWS_SINGLE_CASCADE dKW=UNITY_NO_DXT5nm UNITY_FRAMEBUFFER_FETCH_AVAILABLE UNITY_METAL_SHADOWS_USE_POINT_FILTERING UNITY_NO_SCREENSPACE_SHADOWS UNITY_PBS_USE_BRDF2 UNITY_PBS_USE_BRDF3 UNITY_HARDWARE_TIER1 UNITY_HARDWARE_TIER2 UNITY_HARDWARE_TIER3 UNITY_COLORSPACE_GAMMA UNITY_LIGHTMAP_DLDR_ENCODING UNITY_LIGHTMAP_RGBM_ENCODING UNITY_VIRTUAL_TEXTURING UNITY_PRETRANSFORM_TO_DISPLAY_ORIENTATION UNITY_ASTC_NORMALMAP_ENCODING SHADER_API_GLES30 SHADER_API_GLES31 SHADER_API_GLES32 UNITY_UNIFIED_SHADER_PRECISION_MODEL flags=0 lang=0 type=Vertex platform=gles3 reqs=33 mask=6 start=358 toolchain=1
RunExternalCompiler: begin name=HLSLcc
RunExternalCompiler: begin name=FXC
RunExternalCompiler: end
RunExternalCompiler: begin name=FXC
RunExternalCompiler: end
RunExternalCompiler: end
compileSnippet complete
 ok=1 outsize=5035

Cmd: compileSnippet
  insize=2429 file=Assets/DefaultResourcesExtra/Internal-DeferredShading.shader name=Hidden/Internal-DeferredShading pass= ppOnly=0 stripLineD=0 buildPlatform=20 rsLen=0 pKW=UNITY_ENABLE_REFLECTION_BUFFERS UNITY_USE_DITHER_MASK_FOR_ALPHABLENDED_SHADOWS UNITY_PBS_USE_BRDF1 UNITY_SPECCUBE_BOX_PROJECTION UNITY_SPECCUBE_BLENDING UNITY_ENABLE_DETAIL_NORMALMAP SHADER_API_DESKTOP UNITY_LIGHT_PROBE_PROXY_VOLUME UNITY_LIGHTMAP_FULL_HDR UNITY_PLATFORM_SUPPORTS_DEPTH_FETCH uKW=UNITY_HDR_ON SPOT SHADOWS_DEPTH dKW=POINT DIRECTIONAL POINT_COOKIE DIRECTIONAL_COOKIE SHADOWS_SHADOWMASK LIGHTMAP_SHADOW_MIXING SHADOWS_SOFT SHADOWS_SCREEN SHADOWS_CUBE UNITY_NO_DXT5nm UNITY_FRAMEBUFFER_FETCH_AVAILABLE UNITY_METAL_SHADOWS_USE_POINT_FILTERING UNITY_NO_SCREENSPACE_SHADOWS UNITY_PBS_USE_BRDF2 UNITY_PBS_USE_BRDF3 UNITY_HARDWARE_TIER1 UNITY_HARDWARE_TIER2 UNITY_HARDWARE_TIER3 UNITY_COLORSPACE_GAMMA UNITY_LIGHTMAP_DLDR_ENCODING UNITY_LIGHTMAP_RGBM_ENCODING UNITY_VIRTUAL_TEXTURING UNITY_PRETRANSFORM_TO_DISPLAY_ORIENTATION UNITY_ASTC_NORMALMAP_ENCODING SHADER_API_GLES30 SHADER_API_GLES31 SHADER_API_GLES32 UNITY_UNIFIED_SHADER_PRECISION_MODEL flags=0 lang=0 type=Vertex platform=gles3 reqs=227 mask=6 start=18 toolchain=1
RunExternalCompiler: begin name=HLSLcc
RunExternalCompiler: begin name=FXC
RunExternalCompiler: end
RunExternalCompiler: begin name=FXC
RunExternalCompiler: end
RunExternalCompiler: end
compileSnippet complete
 ok=1 outsize=10366

Cmd: compileSnippet
  insize=2429 file=Assets/DefaultResourcesExtra/Internal-DeferredShading.shader name=Hidden/Internal-DeferredShading pass= ppOnly=0 stripLineD=0 buildPlatform=20 rsLen=0 pKW=UNITY_ENABLE_REFLECTION_BUFFERS UNITY_USE_DITHER_MASK_FOR_ALPHABLENDED_SHADOWS UNITY_PBS_USE_BRDF1 UNITY_SPECCUBE_BOX_PROJECTION UNITY_SPECCUBE_BLENDING UNITY_ENABLE_DETAIL_NORMALMAP SHADER_API_DESKTOP UNITY_LIGHT_PROBE_PROXY_VOLUME UNITY_LIGHTMAP_FULL_HDR UNITY_PLATFORM_SUPPORTS_DEPTH_FETCH uKW=UNITY_HDR_ON SPOT SHADOWS_DEPTH SHADOWS_SOFT dKW=POINT DIRECTIONAL POINT_COOKIE DIRECTIONAL_COOKIE SHADOWS_SHADOWMASK LIGHTMAP_SHADOW_MIXING SHADOWS_SCREEN SHADOWS_CUBE UNITY_NO_DXT5nm UNITY_FRAMEBUFFER_FETCH_AVAILABLE UNITY_METAL_SHADOWS_USE_POINT_FILTERING UNITY_NO_SCREENSPACE_SHADOWS UNITY_PBS_USE_BRDF2 UNITY_PBS_USE_BRDF3 UNITY_HARDWARE_TIER1 UNITY_HARDWARE_TIER2 UNITY_HARDWARE_TIER3 UNITY_COLORSPACE_GAMMA UNITY_LIGHTMAP_DLDR_ENCODING UNITY_LIGHTMAP_RGBM_ENCODING UNITY_VIRTUAL_TEXTURING UNITY_PRETRANSFORM_TO_DISPLAY_ORIENTATION UNITY_ASTC_NORMALMAP_ENCODING SHADER_API_GLES30 SHADER_API_GLES31 SHADER_API_GLES32 UNITY_UNIFIED_SHADER_PRECISION_MODEL flags=0 lang=0 type=Vertex platform=gles3 reqs=227 mask=6 start=18 toolchain=1
RunExternalCompiler: begin name=HLSLcc
RunExternalCompiler: begin name=FXC
RunExternalCompiler: end
RunExternalCompiler: begin name=FXC
RunExternalCompiler: end
RunExternalCompiler: end
compileSnippet complete
 ok=1 outsize=12584

Cmd: compileSnippet
  insize=2429 file=Assets/DefaultResourcesExtra/Internal-DeferredShading.shader name=Hidden/Internal-DeferredShading pass= ppOnly=0 stripLineD=0 buildPlatform=20 rsLen=0 pKW=UNITY_ENABLE_REFLECTION_BUFFERS UNITY_USE_DITHER_MASK_FOR_ALPHABLENDED_SHADOWS UNITY_PBS_USE_BRDF1 UNITY_SPECCUBE_BOX_PROJECTION UNITY_SPECCUBE_BLENDING UNITY_ENABLE_DETAIL_NORMALMAP SHADER_API_DESKTOP UNITY_LIGHT_PROBE_PROXY_VOLUME UNITY_LIGHTMAP_FULL_HDR UNITY_PLATFORM_SUPPORTS_DEPTH_FETCH uKW=UNITY_HDR_ON DIRECTIONAL SHADOWS_SCREEN dKW=POINT SPOT POINT_COOKIE DIRECTIONAL_COOKIE SHADOWS_SHADOWMASK LIGHTMAP_SHADOW_MIXING SHADOWS_DEPTH SHADOWS_SOFT SHADOWS_CUBE UNITY_NO_DXT5nm UNITY_FRAMEBUFFER_FETCH_AVAILABLE UNITY_METAL_SHADOWS_USE_POINT_FILTERING UNITY_NO_SCREENSPACE_SHADOWS UNITY_PBS_USE_BRDF2 UNITY_PBS_USE_BRDF3 UNITY_HARDWARE_TIER1 UNITY_HARDWARE_TIER2 UNITY_HARDWARE_TIER3 UNITY_COLORSPACE_GAMMA UNITY_LIGHTMAP_DLDR_ENCODING UNITY_LIGHTMAP_RGBM_ENCODING UNITY_VIRTUAL_TEXTURING UNITY_PRETRANSFORM_TO_DISPLAY_ORIENTATION UNITY_ASTC_NORMALMAP_ENCODING SHADER_API_GLES30 SHADER_API_GLES31 SHADER_API_GLES32 UNITY_UNIFIED_SHADER_PRECISION_MODEL flags=0 lang=0 type=Vertex platform=gles3 reqs=227 mask=6 start=18 toolchain=1
RunExternalCompiler: begin name=HLSLcc
RunExternalCompiler: begin name=FXC
RunExternalCompiler: end
RunExternalCompiler: begin name=FXC
RunExternalCompiler: end
RunExternalCompiler: end
compileSnippet complete
 ok=1 outsize=8586

Cmd: compileSnippet
  insize=1549 file=Assets/DefaultResourcesExtra/Internal-DeferredReflections.shader name=Hidden/Internal-DeferredReflections pass= ppOnly=0 stripLineD=0 buildPlatform=20 rsLen=0 pKW=UNITY_ENABLE_REFLECTION_BUFFERS UNITY_USE_DITHER_MASK_FOR_ALPHABLENDED_SHADOWS UNITY_PBS_USE_BRDF1 UNITY_SPECCUBE_BOX_PROJECTION UNITY_SPECCUBE_BLENDING UNITY_ENABLE_DETAIL_NORMALMAP SHADER_API_DESKTOP UNITY_LIGHT_PROBE_PROXY_VOLUME UNITY_LIGHTMAP_FULL_HDR UNITY_PLATFORM_SUPPORTS_DEPTH_FETCH uKW=UNITY_HDR_ON dKW=UNITY_NO_DXT5nm UNITY_FRAMEBUFFER_FETCH_AVAILABLE UNITY_METAL_SHADOWS_USE_POINT_FILTERING UNITY_NO_SCREENSPACE_SHADOWS UNITY_PBS_USE_BRDF2 UNITY_PBS_USE_BRDF3 UNITY_HARDWARE_TIER1 UNITY_HARDWARE_TIER2 UNITY_HARDWARE_TIER3 UNITY_COLORSPACE_GAMMA UNITY_LIGHTMAP_DLDR_ENCODING UNITY_LIGHTMAP_RGBM_ENCODING UNITY_VIRTUAL_TEXTURING UNITY_PRETRANSFORM_TO_DISPLAY_ORIENTATION UNITY_ASTC_NORMALMAP_ENCODING SHADER_API_GLES30 SHADER_API_GLES31 SHADER_API_GLES32 UNITY_UNIFIED_SHADER_PRECISION_MODEL flags=0 lang=0 type=Vertex platform=gles3 reqs=227 mask=6 start=104 toolchain=1
RunExternalCompiler: begin name=HLSLcc
RunExternalCompiler: begin name=FXC
RunExternalCompiler: end
RunExternalCompiler: begin name=FXC
RunExternalCompiler: end
RunExternalCompiler: end
compileSnippet complete
 ok=1 outsize=2317

Cmd: compileSnippet
  insize=5660 file=Assets/DefaultResourcesExtra/Internal-MotionVectors.shader name=Hidden/Internal-MotionVectors pass= ppOnly=0 stripLineD=0 buildPlatform=20 rsLen=0 pKW=UNITY_ENABLE_REFLECTION_BUFFERS UNITY_USE_DITHER_MASK_FOR_ALPHABLENDED_SHADOWS UNITY_PBS_USE_BRDF1 UNITY_SPECCUBE_BOX_PROJECTION UNITY_SPECCUBE_BLENDING UNITY_ENABLE_DETAIL_NORMALMAP SHADER_API_DESKTOP UNITY_LIGHT_PROBE_PROXY_VOLUME UNITY_LIGHTMAP_FULL_HDR UNITY_PLATFORM_SUPPORTS_DEPTH_FETCH uKW= dKW=UNITY_NO_DXT5nm UNITY_FRAMEBUFFER_FETCH_AVAILABLE UNITY_METAL_SHADOWS_USE_POINT_FILTERING UNITY_NO_SCREENSPACE_SHADOWS UNITY_PBS_USE_BRDF2 UNITY_PBS_USE_BRDF3 UNITY_HARDWARE_TIER1 UNITY_HARDWARE_TIER2 UNITY_HARDWARE_TIER3 UNITY_COLORSPACE_GAMMA UNITY_LIGHTMAP_DLDR_ENCODING UNITY_LIGHTMAP_RGBM_ENCODING UNITY_VIRTUAL_TEXTURING UNITY_PRETRANSFORM_TO_DISPLAY_ORIENTATION UNITY_ASTC_NORMALMAP_ENCODING SHADER_API_GLES30 SHADER_API_GLES31 SHADER_API_GLES32 UNITY_UNIFIED_SHADER_PRECISION_MODEL flags=0 lang=0 type=Vertex platform=gles3 reqs=33 mask=6 start=181 toolchain=1
RunExternalCompiler: begin name=HLSLcc
RunExternalCompiler: begin name=FXC
RunExternalCompiler: end
RunExternalCompiler: begin name=FXC
RunExternalCompiler: end
RunExternalCompiler: end
compileSnippet complete
 ok=1 outsize=4285

Cmd: compileSnippet
  insize=1508 file=Assets/DefaultResourcesExtra/Internal-DebugPattern.shader name=Hidden/Internal-DebugPattern pass=Target only DepthStencil ppOnly=0 stripLineD=0 buildPlatform=20 rsLen=0 pKW=UNITY_ENABLE_REFLECTION_BUFFERS UNITY_USE_DITHER_MASK_FOR_ALPHABLENDED_SHADOWS UNITY_PBS_USE_BRDF1 UNITY_SPECCUBE_BOX_PROJECTION UNITY_SPECCUBE_BLENDING UNITY_ENABLE_DETAIL_NORMALMAP SHADER_API_DESKTOP UNITY_LIGHT_PROBE_PROXY_VOLUME UNITY_LIGHTMAP_FULL_HDR UNITY_PLATFORM_SUPPORTS_DEPTH_FETCH uKW= dKW=UNITY_NO_DXT5nm UNITY_FRAMEBUFFER_FETCH_AVAILABLE UNITY_METAL_SHADOWS_USE_POINT_FILTERING UNITY_NO_SCREENSPACE_SHADOWS UNITY_PBS_USE_BRDF2 UNITY_PBS_USE_BRDF3 UNITY_HARDWARE_TIER1 UNITY_HARDWARE_TIER2 UNITY_HARDWARE_TIER3 UNITY_COLORSPACE_GAMMA UNITY_LIGHTMAP_DLDR_ENCODING UNITY_LIGHTMAP_RGBM_ENCODING UNITY_VIRTUAL_TEXTURING UNITY_PRETRANSFORM_TO_DISPLAY_ORIENTATION UNITY_ASTC_NORMALMAP_ENCODING SHADER_API_GLES30 SHADER_API_GLES31 SHADER_API_GLES32 UNITY_UNIFIED_SHADER_PRECISION_MODEL flags=0 lang=0 type=Vertex platform=gles3 reqs=33 mask=6 start=98 toolchain=1
RunExternalCompiler: begin name=HLSLcc
RunExternalCompiler: begin name=FXC
RunExternalCompiler: end
RunExternalCompiler: begin name=FXC
RunExternalCompiler: end
RunExternalCompiler: end
compileSnippet complete
 ok=1 outsize=2064

Cmd: compileSnippet
  insize=1991 file=Assets/DefaultResourcesExtra/Internal-GUITextureClip.shader name=Hidden/Internal-GUITextureClip pass= ppOnly=0 stripLineD=0 buildPlatform=20 rsLen=0 pKW=UNITY_ENABLE_REFLECTION_BUFFERS UNITY_USE_DITHER_MASK_FOR_ALPHABLENDED_SHADOWS UNITY_PBS_USE_BRDF1 UNITY_SPECCUBE_BOX_PROJECTION UNITY_SPECCUBE_BLENDING UNITY_ENABLE_DETAIL_NORMALMAP SHADER_API_DESKTOP UNITY_LIGHT_PROBE_PROXY_VOLUME UNITY_LIGHTMAP_FULL_HDR UNITY_PLATFORM_SUPPORTS_DEPTH_FETCH uKW= dKW=UNITY_NO_DXT5nm UNITY_FRAMEBUFFER_FETCH_AVAILABLE UNITY_METAL_SHADOWS_USE_POINT_FILTERING UNITY_NO_SCREENSPACE_SHADOWS UNITY_PBS_USE_BRDF2 UNITY_PBS_USE_BRDF3 UNITY_HARDWARE_TIER1 UNITY_HARDWARE_TIER2 UNITY_HARDWARE_TIER3 UNITY_COLORSPACE_GAMMA UNITY_LIGHTMAP_DLDR_ENCODING UNITY_LIGHTMAP_RGBM_ENCODING UNITY_VIRTUAL_TEXTURING UNITY_PRETRANSFORM_TO_DISPLAY_ORIENTATION UNITY_ASTC_NORMALMAP_ENCODING SHADER_API_GLES30 SHADER_API_GLES31 SHADER_API_GLES32 UNITY_UNIFIED_SHADER_PRECISION_MODEL flags=0 lang=0 type=Vertex platform=gles3 reqs=1 mask=6 start=83 toolchain=1
RunExternalCompiler: begin name=HLSLcc
RunExternalCompiler: begin name=FXC
RunExternalCompiler: end
RunExternalCompiler: begin name=FXC
RunExternalCompiler: end
RunExternalCompiler: end
compileSnippet complete
 ok=1 outsize=3937

Cmd: compileSnippet
  insize=2094 file=Assets/DefaultResourcesExtra/Internal/UIElements/Internal-UIRDefault.shader name=Hidden/Internal-UIRDefault pass= ppOnly=0 stripLineD=0 buildPlatform=20 rsLen=0 pKW=UNITY_ENABLE_REFLECTION_BUFFERS UNITY_USE_DITHER_MASK_FOR_ALPHABLENDED_SHADOWS UNITY_PBS_USE_BRDF1 UNITY_SPECCUBE_BOX_PROJECTION UNITY_SPECCUBE_BLENDING UNITY_ENABLE_DETAIL_NORMALMAP SHADER_API_DESKTOP UNITY_LIGHT_PROBE_PROXY_VOLUME UNITY_LIGHTMAP_FULL_HDR UNITY_PLATFORM_SUPPORTS_DEPTH_FETCH uKW=_UIE_FORCE_GAMMA _UIE_TEXTURE_SLOT_COUNT_2 dKW=_UIE_TEXTURE_SLOT_COUNT_1 _UIE_TEXTURE_SLOT_COUNT_4 _UIE_RENDER_TYPE_SOLID _UIE_RENDER_TYPE_TEXTURE _UIE_RENDER_TYPE_TEXT _UIE_RENDER_TYPE_GRADIENT UNITY_NO_DXT5nm UNITY_FRAMEBUFFER_FETCH_AVAILABLE UNITY_METAL_SHADOWS_USE_POINT_FILTERING UNITY_NO_SCREENSPACE_SHADOWS UNITY_PBS_USE_BRDF2 UNITY_PBS_USE_BRDF3 UNITY_HARDWARE_TIER1 UNITY_HARDWARE_TIER2 UNITY_HARDWARE_TIER3 UNITY_COLORSPACE_GAMMA UNITY_LIGHTMAP_DLDR_ENCODING UNITY_LIGHTMAP_RGBM_ENCODING UNITY_VIRTUAL_TEXTURING UNITY_PRETRANSFORM_TO_DISPLAY_ORIENTATION UNITY_ASTC_NORMALMAP_ENCODING SHADER_API_GLES30 SHADER_API_GLES31 SHADER_API_GLES32 UNITY_UNIFIED_SHADER_PRECISION_MODEL flags=0 lang=0 type=Vertex platform=gles3 reqs=4075 mask=6 start=45 toolchain=1
RunExternalCompiler: begin name=HLSLcc
RunExternalCompiler: begin name=FXC
RunExternalCompiler: end
RunExternalCompiler: begin name=FXC
RunExternalCompiler: end
RunExternalCompiler: end
compileSnippet complete
 ok=1 outsize=28545

Cmd: compileSnippet
  insize=2094 file=Assets/DefaultResourcesExtra/Internal/UIElements/Internal-UIRDefault.shader name=Hidden/Internal-UIRDefault pass= ppOnly=0 stripLineD=0 buildPlatform=20 rsLen=0 pKW=UNITY_ENABLE_REFLECTION_BUFFERS UNITY_USE_DITHER_MASK_FOR_ALPHABLENDED_SHADOWS UNITY_PBS_USE_BRDF1 UNITY_SPECCUBE_BOX_PROJECTION UNITY_SPECCUBE_BLENDING UNITY_ENABLE_DETAIL_NORMALMAP SHADER_API_DESKTOP UNITY_LIGHT_PROBE_PROXY_VOLUME UNITY_LIGHTMAP_FULL_HDR UNITY_PLATFORM_SUPPORTS_DEPTH_FETCH uKW=_UIE_FORCE_GAMMA _UIE_TEXTURE_SLOT_COUNT_2 _UIE_RENDER_TYPE_SOLID dKW=_UIE_TEXTURE_SLOT_COUNT_1 _UIE_TEXTURE_SLOT_COUNT_4 _UIE_RENDER_TYPE_TEXTURE _UIE_RENDER_TYPE_TEXT _UIE_RENDER_TYPE_GRADIENT UNITY_NO_DXT5nm UNITY_FRAMEBUFFER_FETCH_AVAILABLE UNITY_METAL_SHADOWS_USE_POINT_FILTERING UNITY_NO_SCREENSPACE_SHADOWS UNITY_PBS_USE_BRDF2 UNITY_PBS_USE_BRDF3 UNITY_HARDWARE_TIER1 UNITY_HARDWARE_TIER2 UNITY_HARDWARE_TIER3 UNITY_COLORSPACE_GAMMA UNITY_LIGHTMAP_DLDR_ENCODING UNITY_LIGHTMAP_RGBM_ENCODING UNITY_VIRTUAL_TEXTURING UNITY_PRETRANSFORM_TO_DISPLAY_ORIENTATION UNITY_ASTC_NORMALMAP_ENCODING SHADER_API_GLES30 SHADER_API_GLES31 SHADER_API_GLES32 UNITY_UNIFIED_SHADER_PRECISION_MODEL flags=0 lang=0 type=Vertex platform=gles3 reqs=4075 mask=6 start=45 toolchain=1
RunExternalCompiler: begin name=HLSLcc
RunExternalCompiler: begin name=FXC
RunExternalCompiler: end
RunExternalCompiler: begin name=FXC
RunExternalCompiler: end
RunExternalCompiler: end
compileSnippet complete
 ok=1 outsize=9090

Cmd: compileSnippet
  insize=2094 file=Assets/DefaultResourcesExtra/Internal/UIElements/Internal-UIRDefault.shader name=Hidden/Internal-UIRDefault pass= ppOnly=0 stripLineD=0 buildPlatform=20 rsLen=0 pKW=UNITY_ENABLE_REFLECTION_BUFFERS UNITY_USE_DITHER_MASK_FOR_ALPHABLENDED_SHADOWS UNITY_PBS_USE_BRDF1 UNITY_SPECCUBE_BOX_PROJECTION UNITY_SPECCUBE_BLENDING UNITY_ENABLE_DETAIL_NORMALMAP SHADER_API_DESKTOP UNITY_LIGHT_PROBE_PROXY_VOLUME UNITY_LIGHTMAP_FULL_HDR UNITY_PLATFORM_SUPPORTS_DEPTH_FETCH uKW=_UIE_FORCE_GAMMA _UIE_TEXTURE_SLOT_COUNT_2 _UIE_RENDER_TYPE_TEXTURE dKW=_UIE_TEXTURE_SLOT_COUNT_1 _UIE_TEXTURE_SLOT_COUNT_4 _UIE_RENDER_TYPE_SOLID _UIE_RENDER_TYPE_TEXT _UIE_RENDER_TYPE_GRADIENT UNITY_NO_DXT5nm UNITY_FRAMEBUFFER_FETCH_AVAILABLE UNITY_METAL_SHADOWS_USE_POINT_FILTERING UNITY_NO_SCREENSPACE_SHADOWS UNITY_PBS_USE_BRDF2 UNITY_PBS_USE_BRDF3 UNITY_HARDWARE_TIER1 UNITY_HARDWARE_TIER2 UNITY_HARDWARE_TIER3 UNITY_COLORSPACE_GAMMA UNITY_LIGHTMAP_DLDR_ENCODING UNITY_LIGHTMAP_RGBM_ENCODING UNITY_VIRTUAL_TEXTURING UNITY_PRETRANSFORM_TO_DISPLAY_ORIENTATION UNITY_ASTC_NORMALMAP_ENCODING SHADER_API_GLES30 SHADER_API_GLES31 SHADER_API_GLES32 UNITY_UNIFIED_SHADER_PRECISION_MODEL flags=0 lang=0 type=Vertex platform=gles3 reqs=4075 mask=6 start=45 toolchain=1
RunExternalCompiler: begin name=HLSLcc
RunExternalCompiler: begin name=FXC
RunExternalCompiler: end
RunExternalCompiler: begin name=FXC
RunExternalCompiler: end
RunExternalCompiler: end
compileSnippet complete
 ok=1 outsize=12501

Cmd: compileSnippet
  insize=2094 file=Assets/DefaultResourcesExtra/Internal/UIElements/Internal-UIRDefault.shader name=Hidden/Internal-UIRDefault pass= ppOnly=0 stripLineD=0 buildPlatform=20 rsLen=0 pKW=UNITY_ENABLE_REFLECTION_BUFFERS UNITY_USE_DITHER_MASK_FOR_ALPHABLENDED_SHADOWS UNITY_PBS_USE_BRDF1 UNITY_SPECCUBE_BOX_PROJECTION UNITY_SPECCUBE_BLENDING UNITY_ENABLE_DETAIL_NORMALMAP SHADER_API_DESKTOP UNITY_LIGHT_PROBE_PROXY_VOLUME UNITY_LIGHTMAP_FULL_HDR UNITY_PLATFORM_SUPPORTS_DEPTH_FETCH uKW=_UIE_FORCE_GAMMA _UIE_TEXTURE_SLOT_COUNT_2 _UIE_RENDER_TYPE_TEXT dKW=_UIE_TEXTURE_SLOT_COUNT_1 _UIE_TEXTURE_SLOT_COUNT_4 _UIE_RENDER_TYPE_SOLID _UIE_RENDER_TYPE_TEXTURE _UIE_RENDER_TYPE_GRADIENT UNITY_NO_DXT5nm UNITY_FRAMEBUFFER_FETCH_AVAILABLE UNITY_METAL_SHADOWS_USE_POINT_FILTERING UNITY_NO_SCREENSPACE_SHADOWS UNITY_PBS_USE_BRDF2 UNITY_PBS_USE_BRDF3 UNITY_HARDWARE_TIER1 UNITY_HARDWARE_TIER2 UNITY_HARDWARE_TIER3 UNITY_COLORSPACE_GAMMA UNITY_LIGHTMAP_DLDR_ENCODING UNITY_LIGHTMAP_RGBM_ENCODING UNITY_VIRTUAL_TEXTURING UNITY_PRETRANSFORM_TO_DISPLAY_ORIENTATION UNITY_ASTC_NORMALMAP_ENCODING SHADER_API_GLES30 SHADER_API_GLES31 SHADER_API_GLES32 UNITY_UNIFIED_SHADER_PRECISION_MODEL flags=0 lang=0 type=Vertex platform=gles3 reqs=4075 mask=6 start=45 toolchain=1
RunExternalCompiler: begin name=HLSLcc
RunExternalCompiler: begin name=FXC
RunExternalCompiler: end
RunExternalCompiler: begin name=FXC
RunExternalCompiler: end
RunExternalCompiler: end
compileSnippet complete
 ok=1 outsize=12783

Cmd: compileSnippet
  insize=2094 file=Assets/DefaultResourcesExtra/Internal/UIElements/Internal-UIRDefault.shader name=Hidden/Internal-UIRDefault pass= ppOnly=0 stripLineD=0 buildPlatform=20 rsLen=0 pKW=UNITY_ENABLE_REFLECTION_BUFFERS UNITY_USE_DITHER_MASK_FOR_ALPHABLENDED_SHADOWS UNITY_PBS_USE_BRDF1 UNITY_SPECCUBE_BOX_PROJECTION UNITY_SPECCUBE_BLENDING UNITY_ENABLE_DETAIL_NORMALMAP SHADER_API_DESKTOP UNITY_LIGHT_PROBE_PROXY_VOLUME UNITY_LIGHTMAP_FULL_HDR UNITY_PLATFORM_SUPPORTS_DEPTH_FETCH uKW=_UIE_FORCE_GAMMA _UIE_TEXTURE_SLOT_COUNT_2 _UIE_RENDER_TYPE_GRADIENT dKW=_UIE_TEXTURE_SLOT_COUNT_1 _UIE_TEXTURE_SLOT_COUNT_4 _UIE_RENDER_TYPE_SOLID _UIE_RENDER_TYPE_TEXTURE _UIE_RENDER_TYPE_TEXT UNITY_NO_DXT5nm UNITY_FRAMEBUFFER_FETCH_AVAILABLE UNITY_METAL_SHADOWS_USE_POINT_FILTERING UNITY_NO_SCREENSPACE_SHADOWS UNITY_PBS_USE_BRDF2 UNITY_PBS_USE_BRDF3 UNITY_HARDWARE_TIER1 UNITY_HARDWARE_TIER2 UNITY_HARDWARE_TIER3 UNITY_COLORSPACE_GAMMA UNITY_LIGHTMAP_DLDR_ENCODING UNITY_LIGHTMAP_RGBM_ENCODING UNITY_VIRTUAL_TEXTURING UNITY_PRETRANSFORM_TO_DISPLAY_ORIENTATION UNITY_ASTC_NORMALMAP_ENCODING SHADER_API_GLES30 SHADER_API_GLES31 SHADER_API_GLES32 UNITY_UNIFIED_SHADER_PRECISION_MODEL flags=0 lang=0 type=Vertex platform=gles3 reqs=4075 mask=6 start=45 toolchain=1
RunExternalCompiler: begin name=HLSLcc
RunExternalCompiler: begin name=FXC
RunExternalCompiler: end
RunExternalCompiler: begin name=FXC
RunExternalCompiler: end
RunExternalCompiler: end
compileSnippet complete
 ok=1 outsize=15355

Cmd: compileSnippet
  insize=2094 file=Assets/DefaultResourcesExtra/Internal/UIElements/Internal-UIRDefault.shader name=Hidden/Internal-UIRDefault pass= ppOnly=0 stripLineD=0 buildPlatform=20 rsLen=0 pKW=UNITY_ENABLE_REFLECTION_BUFFERS UNITY_USE_DITHER_MASK_FOR_ALPHABLENDED_SHADOWS UNITY_PBS_USE_BRDF1 UNITY_SPECCUBE_BOX_PROJECTION UNITY_SPECCUBE_BLENDING UNITY_ENABLE_DETAIL_NORMALMAP SHADER_API_DESKTOP UNITY_LIGHT_PROBE_PROXY_VOLUME UNITY_LIGHTMAP_FULL_HDR UNITY_PLATFORM_SUPPORTS_DEPTH_FETCH uKW=_UIE_RENDER_TYPE_GRADIENT dKW=_UIE_FORCE_GAMMA _UIE_TEXTURE_SLOT_COUNT_1 _UIE_TEXTURE_SLOT_COUNT_2 _UIE_TEXTURE_SLOT_COUNT_4 _UIE_RENDER_TYPE_SOLID _UIE_RENDER_TYPE_TEXTURE _UIE_RENDER_TYPE_TEXT UNITY_NO_DXT5nm UNITY_FRAMEBUFFER_FETCH_AVAILABLE UNITY_METAL_SHADOWS_USE_POINT_FILTERING UNITY_NO_SCREENSPACE_SHADOWS UNITY_PBS_USE_BRDF2 UNITY_PBS_USE_BRDF3 UNITY_HARDWARE_TIER1 UNITY_HARDWARE_TIER2 UNITY_HARDWARE_TIER3 UNITY_COLORSPACE_GAMMA UNITY_LIGHTMAP_DLDR_ENCODING UNITY_LIGHTMAP_RGBM_ENCODING UNITY_VIRTUAL_TEXTURING UNITY_PRETRANSFORM_TO_DISPLAY_ORIENTATION UNITY_ASTC_NORMALMAP_ENCODING SHADER_API_GLES30 SHADER_API_GLES31 SHADER_API_GLES32 UNITY_UNIFIED_SHADER_PRECISION_MODEL flags=0 lang=0 type=Vertex platform=gles3 reqs=4075 mask=6 start=45 toolchain=1
RunExternalCompiler: begin name=HLSLcc
RunExternalCompiler: begin name=FXC
RunExternalCompiler: end
RunExternalCompiler: begin name=FXC
RunExternalCompiler: end
RunExternalCompiler: end
compileSnippet complete
 ok=1 outsize=24540

Cmd: compileSnippet
  insize=1126 file=Assets/DefaultResourcesExtra/Internal-ODSWorldTexture.shader name=Hidden/Internal-ODSWorldTexture pass= ppOnly=0 stripLineD=0 buildPlatform=20 rsLen=0 pKW=UNITY_ENABLE_REFLECTION_BUFFERS UNITY_USE_DITHER_MASK_FOR_ALPHABLENDED_SHADOWS UNITY_PBS_USE_BRDF1 UNITY_SPECCUBE_BOX_PROJECTION UNITY_SPECCUBE_BLENDING UNITY_ENABLE_DETAIL_NORMALMAP SHADER_API_DESKTOP UNITY_LIGHT_PROBE_PROXY_VOLUME UNITY_LIGHTMAP_FULL_HDR UNITY_PLATFORM_SUPPORTS_DEPTH_FETCH uKW= dKW=UNITY_NO_DXT5nm UNITY_FRAMEBUFFER_FETCH_AVAILABLE UNITY_METAL_SHADOWS_USE_POINT_FILTERING UNITY_NO_SCREENSPACE_SHADOWS UNITY_PBS_USE_BRDF2 UNITY_PBS_USE_BRDF3 UNITY_HARDWARE_TIER1 UNITY_HARDWARE_TIER2 UNITY_HARDWARE_TIER3 UNITY_COLORSPACE_GAMMA UNITY_LIGHTMAP_DLDR_ENCODING UNITY_LIGHTMAP_RGBM_ENCODING UNITY_VIRTUAL_TEXTURING UNITY_PRETRANSFORM_TO_DISPLAY_ORIENTATION UNITY_ASTC_NORMALMAP_ENCODING SHADER_API_GLES30 SHADER_API_GLES31 SHADER_API_GLES32 UNITY_UNIFIED_SHADER_PRECISION_MODEL flags=0 lang=0 type=Vertex platform=gles3 reqs=33 mask=6 start=76 toolchain=1
RunExternalCompiler: begin name=HLSLcc
RunExternalCompiler: begin name=FXC
RunExternalCompiler: end
RunExternalCompiler: begin name=FXC
RunExternalCompiler: end
RunExternalCompiler: end
compileSnippet complete
 ok=1 outsize=3472

